artist_uri 3,N
0a1gHP0HAqALbEyxaD5Ngn,67893
0A0FS04o6zMoto8OKPsDwY,55388
0A7g2YbCA9FlyZvAG6VmKP,804
0aA1GTrIMutjIh4GlPPUVN,944
0AAUWYwZqrnuwkjMCO5OX7,1218
0abIHznUj0oKhDB29cpBZ9,2976
0acFxGm0vYIfwTX4NRlEWd,1097
0AD4odMWVQ2wUSlgxOB5Rl,1278
0aeLcja6hKzb7Uz2ou7ulP,10769
0AeOzXbHJu8q2xqILEOLEO,558
0AepkoQhYvkjEzzwIcGxdV,1830
0aeq6izGKdpdcBUkXGCHXv,665
0aeRagbqQCOKkVURrvcMrn,2439
0af5VM6xubf8EXKvoG35x6,830
0aIOdrjH5s3hJqxmKoAEUg,587
0AiTwNtYX8m4uhfU7rJ8RD,1868
0AJUYWKztkg5dnrHDIBv47,1787
0Ak6DLKHtpR6TEEnmcorKA,5295
0AkpPlFLnr0VQwZQeMGht0,648
0AKzJfX9rdEu8WOqeBLEaO,905
0alRw2BasYQZdFSJLfLbIY,2653
0aLsJXIaJ6MMCZIzaGpMaX,1364
0amtHf5yFCceg0y8YUBd1z,865
0aqrM7Fo3Ml66Kc5JAzmjt,3165
0asVlqTLu3TimnYVyY5Jxi,4148
0aTdKgInKeMlNnwWSa1YPT,612
0AunegKKH2ys98aLxq8G1A,7035
0auu2itHTxEdAMRHvx7CyG,1129
0AuW7OCyKfFrsMbtHrYgIV,8993
0AUwa5xmiy57qdGlOksvea,922
0AuZVHIr5WSEBbBLZwWwWc,549
0av074qUwLn5eyzwqoq3xh,3079
0AVE7rDx4X9w0pW1XlN1om,637
0awl5piYwO0CDTHEkCjUhn,15666
0AZ3VR0YbFcS0Kgei7L2QF,560
0b2GL7Y02vu50qieoQmw1w,2408
0b2XeWDPeBiLeskT6RFqMb,3247
0b3fYxnG6tlR0zLtBJd8DF,1326
0B0NzcRnTARbZc83a34cDd,535
0B2SlMW40Hs9mijOi1cDyf,5482
0B3N0ZINFWvizfa8bKiz4v,8232
0B6QEFtRnneEzb4iqjI0Nw,827
0B7Y5KDNScTBzeN7DY74YG,2477
0B8XBGloduGCBtRK8nm2YF,1722
0bbguzUos4LO6NikkdXdzw,871
0bbvrSsm0Dh4erBbE1dhHD,522
0BBwlSQvHHtahgYpLj1wJE,1135
0bc7dhY6YXL35m1G0jVwuW,3578
0bdfiayQAKewqEvaU6rXCv,26364
0bdJZl7TDeiymDYzMJnVh2,3927
0BEI7i5sgUuivcfwXLzFmM,1204
0BEYTctVmnYa5yStp4Jpab,2716
0bfX8pF8kuHNCs57Ms4jZb,3555
0bGGvfpbJAFYj1rX6ScbbJ,774
0BkAYxgwF9VQiid4wI07yJ,605
0blJzvevdXrp21YeI2vbco,1249
0BmLNz4nSLfoWYW1cYsElL,3692
0bOlhT8OcoC1lCpN69NcFP,2729
0botW5W7KGHTm8BkLemEH8,735
0BrPKSAeplwezYR1T2DF9s,522
0bRtSoJSpQdnbB3dWrWprR,884
0bShb58TO0fM5jOjXhB1WT,640
0bsV0sUjnCuCTYOnNHQl3E,659
0bTwqu2kHGHJyomMDAGpkK,1452
0BuvqDNQaCHcKJLCbK0M3P,3077
0BvkDsjIUla7X0k6CSWh1I,146260
0Bvs8yPjrQSbmVIRqSg1Sp,6344
0BvwGBAFqNeDqjkeoxRlm6,1250
0BVWMc7JEHdh2Ku6xgKuYL,1178
0bvwPCit9Yh0yVdLKGnXRi,3224
0bxqbGrU4OdgDQNGs9DYp4,725
0bz9hDpUbAw5JElgEiuIYZ,13951
0BZ3BHzfYwpd3k5TDnvAz8,531
0bZCak2tcRMY1dzEIuwF42,5620
0bzfPKdbXL5ezYW2z3UGQj,5972
0c2yelD6HE33WZYXbn8CEJ,1050
0c173mlxpT3dSFRgMO8XPh,192473
0C0XlULifJtAgn6ZNCW2eu,81685
0C8ZW7ezQVs4URX5aX7Kqx,96827
0cA5Tg15TwARIRZeiNT1RO,1929
0caLxEeeNrpE0noxdInoGe,547
0Cav8jyZKAHMFbAusOmjku,2122
0CbeG1224FS58EUx4tPevZ,4939
0cc6vw3VN8YlIcvr1v7tBL,20601
0CCqHvxGgfjJzwzQzmPlEr,1571
0Cd6nHYwecCNM1sVEXKlYr,19549
0CdbG1eHVjqjkQsGoH2u1V,2984
0CDUUM6KNRvgBFYIbWxJwV,7491
0CEc9lghR3yQlU6W4jL1nj,647
0CEFCo8288kQU7mJi25s6E,22401
0CEK8AzyeD5ZUdUloB6yQV,650
0CF71zaDOJWCynIkW9bSK8,2888
0cGUm45nv7Z6M6qdXYQGTX,38785
0Chxmm4XMM87mJOHvyiUzL,4942
0chxndMxE0AhAeYED1Ay9d,595
0CHypT4Ez38PqvLQqxKkbK,1547
0ciTdf9bGl9L3JM1Z0nLCT,826
0CIwCGmQMqHqiblnZlFia1,3399
0CjWKoS55T7DOt0HJuwF1H,1198
0CKa42Jqrc9fSFbDjePaXP,4281
0ckkj0a9CvIJr4h84B0OlN,997
0clhXvKQeY8xOFIXwePnyR,672
0cLrgpG3pW4MX4nD8h6qCc,1079
0CMA9KfXvc2MB5U6uefQk6,531
0cmBbO2sr4w0rRGt3rKvs6,762
0CMVsLgjlp9Tk02TikMAQK,671
0cmWgDlu9CwTgxPhf403hb,15749
0cng44S55pPu1nDrtFFy7r,3548
0cOVRC8EOwDwXrs3JTrRN5,1753
0cQbJU1aAzvbEmTuljWLlF,21092
0CqDqmyIQ9VQHQp52OEbB0,4903
0cQuYRSzlItquYxsQKDvVc,5092
0cRX0gc8vmwKmV0RWqCV2L,1856
0cshCXEe1I7wlRwdrL91ZQ,3046
0Cu32uCaqDJYQADOev92Et,1332
0cuW2lF0YWb9VUyHOnvnsO,10250
0CV4DAO1wV3ikZGYIkMtmh,787
0cwmNvclzPd8mQnoHuIksj,2556
0CXywp8jAy9xMF9sA67bXi,915
0cylxW7HGdK9xMdubw2oYW,3419
0czJqnJDu3vWrLHmsbLunu,560
0cZPTEmf3mlwj5kjVXR4po,1985
0d1j4VJ7gzAJaDslzmjTF0,2510
0d2BmAcZ7p8vrtBPY48WMW,702
0d7aBBLFcc4dlETnae6zcH,1334
0DAaoRtoM8z0DHIhIzP4mJ,1367
0DAqhikcMKLo2lPADVz2fs,1857
0daqkBcaVRoQwHAPZ5Pp9l,581
0daugAjUgbJSqdlyYNwIbT,7356
0DchahWJGQqrqr8PMM5zQD,2052
0dCKce6tJJdHvlWnDMwzPW,3897
0Dct2Gu0qEbgGRjfaxew8g,875
0DCw6lHkzh9t7f8Hb4Z0Sx,757
0DdDnziut7wOo6cAYWVZC5,2280
0dE9ooTNz8iEKIKItRI66t,1180
0deIjoDjl9g9Zpw0sCIOHh,2124
0dEvJpkqhrcn64d3oI8v79,15234
0dgnITyIAN4NrmUVisvxHU,2811
0DgsuiMZylmPOYkrVOqNYQ,626
0DjAjUeZwSixK0dRwplBXb,3756
0djV4iaxhNfYWpH60ia85o,913
0DK7FqcaL3ks9TfFn9y1sD,1983
0dlOr0VIysztGWvU1dpjmP,4787
0dlr1FsAcalNnpq1q2RIoT,1165
0dlwjJe4kg9TgOMN184bJF,2641
0dmPX6ovclgOy8WWJaFEUU,903
0dN0EZG89qHG7MXKqvQjf2,844
0DrXhci3WAyo0WJv1RBOG6,1932
0DtXHIvJ8NWBg5pGvsgWnR,777
0du5cEVh5yTK9QJze8zA0C,162464
0dU2EKM6vca3xmJ9kl8zoI,1391
0dvKgSdNB2U1gfp6ZcekYi,17873
0DW7boyjvbaSP3OJ72sXgC,663
0DxeaLnv6SyYk2DOqkLO8c,17047
0Dy94lW3txJhWQHqNXP1BT,1428
0DYWCXTkNqGFZIf67SrWEa,738
0DZ5n0r1P0ZjKbjPdbN4wr,2870
0e6qzpphJHtObTSwD75mi0,824
0e9H8oaYYRCKFXOVv848nt,1928
0e86yPdC41PGRkLp2Q1Bph,2904
0E4UA1bttJjSFNgAkLyQuo,1551
0ECwFtbIWEVNwjlrfc6xoL,63854
0EdvGhlC1FkGItLOWQzG4J,70576
0eecdvMrqBftK0M1VKhaF4,11184
0EeHVtSdrYibpGDVHjWEpe,7105
0EeQBlQJFiAfJeVN2vT9s0,2892
0eezS9KmhdjGN436RdTIXu,3113
0eGh2jSWPBX5GuqIHoZJZG,1278
0EghvcisxKybq4CVO7rB5t,2171
0EgUow5z0SXVA9lunNSB1q,1214
0EhgpjUqiIIQhM6ZRF4kXX,5982
0eHQ9o50hj6ZDNBt6Ys1sD,13805
0ejKajmLi2MClrte6SV5BC,552
0ekbDNE2eOq8QiaXM34wer,8770
0Ekfvspc0hlcxdfJJVjcnq,1092
0EmeFodog0BfCgMzAIvKQp,69542
0En4EEcDMJ5kaUCf1aZ9js,525
0EodhzA6yW1bIdD5B4tcmJ,7080
0epidpyARaIPmKpFUwcgnJ,623
0epOFNiUfyON9EYx7Tpr6V,38607
0esUZwk3FcZiAH1fXa66dU,610
0EVUivUkugMtNF09L4QBMH,1964
0EvwXj0AVMDWfOhhEQJfLa,626
0eVyjRhzZKke2KFYTcDkeu,801
0ExYzTb7raTAfsXPtiI5vq,1536
0EyuKHE1AeE9lWUF8mzKVp,6479
0EyZDKtc41e4A3a3v69MxD,694
0f3EsoviYnRKTkmayI3cux,12869
0f3kLT4wvi2mFHlHJgV8Hl,764
0f4zEF6vddRYg7Y3GDL8lk,3371
0f5nVCcR06GX8Qikz0COtT,23861
0f8MDDzIc6M4uH1xH0o0gy,1618
0F6wZIBwxstvRk9eQtpvOo,723
0F6yRPhUj9fUzWn0z3ysyr,973
0fA0VVWsXO9YnASrzqfmYu,116743
0fagNxnyvy6FDvkNPt6X29,920
0fauHpmSHwodVYIjTqOGHz,8953
0FC1LIeQXKib0jOwZqeIwT,6877
0FcC38n7nTB9YS1xhFOKDX,759
0FcmRWJUfnCuwoXE1H2b0H,924
0fDF0jjmdouCIeWhNnblwV,672
0FDJB5xf8i09jDjIg1qNED,579
0fdMBzQuX9TIF6t6N8fwg6,917
0fdpJLsenUo15X3dPPWJSR,1546
0FEJqmeLRzsXj8hgcZaAyB,1162
0fgtHVpOPfXb07S8Jx443z,1588
0fgYKF9Avljex0L9Wt5b8Z,3682
0FI0kxP0BWurTz8cB8BBug,1678
0fIdQWpwzU2oEtsoyArDOL,1251
0fiWOxhsBsQQvFDtxUQWo0,18982
0FJpfR5Bq5EBl2xi0LAp1v,1917
0fkTQEEyEyH71i9tDhS7CO,1597
0FL2d6iFFNAV3yBUbXjZ1U,1787
0flVPOQPuTboUwEtzPk6vj,1322
0FMucZsEnCxs5pqBjHjIc8,6269
0FOWNUFHPnMy0vOw1siGqi,12797
0fPK3TAseRcy6sAS8U8pEw,523
0FPWyyf6MD4QZTj3aypD3O,579
0FrpdcVlJQqibaz5HfBUrL,10456
0fs8oBR1rx7JIXZi75h7Uu,1169
0Fs18mA7TFMvYVRNX4dNTt,725
0fTav4sBLmYOAzKuJw0grL,713
0fTHKjepK5HWOrb2rkS5Em,640
0FTrIsp2Mg7Bkf8eXQrISa,597
0FvgCHaMG7KL6M83yJuhmL,1029
0FVj4JuzTyudaXAwfqDQ20,3735
0fVsDLtoHfzKS8nsocu0G3,521
0FWzNDaEu9jdgcYTbcOa4F,19936
0fY9RWMWc5guge9XOKe4OW,1148
0fykVRaVSsAkxDFfLoCd1J,625
0fYPQBOx0vsRMmjUba9HgF,3670
0fyqyjD7pbaVzbu94ylWQR,625
0fZ2s0I6Gyt60JUJybaEZA,540
0g1QOskZ9opQELS5ijE6XV,3809
0g3NiCRhEv7M4SEDMrpItN,1409
0g5OkLnQogzLrT9s5vw6kl,5027
0g7YfJuAQnXWMiFny5elRH,694
0g9vAlRPK9Gt3FKCekk4TW,7323
0G7OYsWptjRzVFT1AxP8TS,925
0GAapPTQR8KFJxrNZOKksy,1687
0gadJ2b9A4SKsB1RFkBb66,33107
0GbqW5TJr7n4is453VOY4C,1144
0gBvuNzrFCOVaiyKexoYMH,1074
0GByy3DcfbQwDvXGCWmzv9,3844
0gDg7FEsF4Y1jWddJJgcn4,2304
0GDGKpJFhVpcjIGF8N6Ewt,1315
0GF4shudTAFv8ak9eWdd4Y,1260
0GG2cWaonE4JPrjcCCQ1EG,6231
0GgkfnO3Bu2CFn65ZH31TF,563
0gHWXdaWQObi1A6C1rzgRM,830
0GklSybv01PPje5GlXFq2i,979
0gLjJuczGWhqKVMmVpIT52,4170
0GMSpOzEVXA4kboHiyvddO,1306
0gOMnWbGP52F3paKcp5Ts2,1109
0gOsZcHl7H3ewXVIEnWFZX,598
0GOx72r5AAEKRGQFn3xqXK,1853
0GpuSge5ffZ053NhXxgQkV,1916
0gqIrDRL7CEPBWMmkuZPdQ,3286
0grdhNhiRLFBaFVyybqsj6,2870
0Grjlu7ncIuCaSYvCs9fcd,5993
0gusqTJKxtU1UTmNRMHZcv,1525
0gvHPdYxlU94W7V5MSIlFe,613
0Gw3a3BkWLwsMLFbOBmo6Q,1468
0Gw30FmjnPfqEh75ACEjyh,723
0GWCNkPi54upO9WLlwjAHd,8539
0gX4Kuwic0S5GfOp1oBZYC,729
0gXDpqwYNDODn7fB0RDN8J,625
0GxOdKrtD5oUmQROcCs8M4,776
0GxSAKOw8AV0JsEQ0HYY4b,2211
0gxyHStUsqpMadRV0Di1Qt,9163
0GzIauSfKRc5BlNXpTWAGz,2184
0GzVceAvbqLBozWT3s6QcE,937
0h1zs4CTlU9D2QtgPxptUD,6843
0h3YCmvRJ2jqt4jFiR6nGL,1110
0h8q5Df7MVYUDg4Ic8IHwF,511
0h9smro0z3HqUbD94jotU8,3154
0H0OkFxp022WOyKlt3HmlA,921
0H0rBbf7vHXO3qh50Wap7y,1416
0H0yrKDty3I7pPrNUSH3wW,507
0H1InhXaXQPL1aj0mvHemU,684
0H7XMkYygCyZGg8o1uqoZv,557
0H39MdGGX6dbnnQPt6NQkZ,2600
0haZhu4fFKt0Ag94kZDiz2,1162
0hc2qwaU2xy7LUd0FRjcHK,505
0hCNtLu0JehylgoiP8L4Gh,152655
0HcyeAioEKhfwVcJAoyN36,520
0hD97064k3LBUrRvfT42SE,1336
0hDjKSKjl1DC7ovYTDJHe8,4085
0hDJSg859MdK4c9vqu1dS8,1097
0HDxlFsXwyrpufs4YgTNMm,944
0hEurMDQu99nJRq8pTxO14,139919
0hF0PwB04hnXfYMiZWfJzy,1025
0HgICyWHmS6rnl8xWEd0x6,685
0hhL0iOf9ebHlwxWQyeH2w,1272
0hirZ8kPPdM9pzXpoagB4w,1289
0hItVPjwJLVZrFqOyIsxPf,3215
0HjoyITAvSVktTCjXUa40Q,770
0HjYETXAvcL6mzaKjAmH2K,16420
0hk8VgR64voU5ueK96W2DI,1249
0hK26QoGcuKV3lH0x9MvUU,4035
0hLd40hVpRDGENe4KGZLnW,1596
0HLOP0AdsaWe5Pt5TNueGC,1086
0HlxL5hisLf59ETEPM3cUA,760
0HMLp79IAd9Z8zMgxqpyxn,954
0hNjIdUHXWhd0dilzi6c12,2194
0HnvwS4WOXhjvKwQRceHMe,558
0HoHU8SXe0g9jJGOfL8rDq,1035
0HowPCaKsP1sJL2T2eMEoe,640
0hprEC0nsWuQPSHag1O2Vi,6273
0HSGaSAaBPZJq4lisoWA59,849
0HU0U9kdXEHZVxUNbuQe8S,2613
0HWfFWL4vVrbaBQqxVCwCi,584
0hxmHf6CqXsOLWgGXjmr7I,1021
0hxQtmgWiPtEsDPeIuKxXq,1265
0HYbyzzhI44iTHvYnf1nOs,537
0hYxQe3AK5jBPCr5MumLHD,9917
0i1s9WcIu0PrUvHzALgofo,2137
0i5HiI2EUTBneFAJfl7ft9,515
0i5iO6icb7kxg48thi9gBM,543
0I4Bk2s2BUJyykCwtxx8Xx,2427
0I5HubncQ8E1MFZOlPDY4J,6522
0I6yADrmeyvw66g7yjkqIF,1657
0iAOXvEDIMaAWPP5Ur0fYF,777
0IB0VjX9NSrGX6PjCXGVcq,2958
0id62QV2SZZfvBn9xpmuCl,13010
0IdYRFTswLdsGwSnzOaGNF,2906
0IecGJbdBeYSOVtSPRehh5,1001
0iEQgB03UHGzSoaqXNj8sM,950
0iEtIxbK0KxaSlF7G42ZOp,8808
0iEVT8dLNSSmipPOrDGu2z,578
0IF46mUS8NXjgHabxk2MCM,11516
0iHb0mCbqZTYeb4y9Pirrd,3289
0iidQFemlPhkoHqFroz2my,2914
0IlQRCafsMrd0QkTRBU6n0,2473
0iMnpaEHXkgMT956CmP1kj,1043
0INDB6Snts5NDbzh8jC3lk,2844
0inqWv3OS4VpWt691ki8yk,516
0iOVhN3tnSvgDbcg25JoJb,16750
0ip3L7jX2aq8T1VTJRFZ9w,854
0iq2gAVITbmXak4aIiNre3,520
0iqY9Onfqu47Lm6bEC5gpy,607
0iTkPxRldzi5lmS6qZ70JV,630
0iui2Be5CP8EWxvHYsVspL,3633
0IUq1plF3ON4Fboj1bE6kN,923
0IVapwlnM3dEOiMsHXsghT,3568
0IVcLMMbm05VIjnzPkGCyp,5001
0iVrCROxeyon7MZUW3MfzT,11160
0IwlY33zbBXN7zlS9DP2Cj,1657
0IYI04P2UzxwxJxvdvKk7P,702
0IYk6BQrE0HkCOkdITNEUi,669
0iYwcf0XreyCAswJOJMOII,1427
0j0HBDnIuT6rsn840ec18A,579
0j2MwhbFTvquOBhs3LeIfU,507
0J2Ej2rMQyqaUX3G6MUISw,1706
0J6PhnVD21GSFoJ9HoadLH,1285
0J7U24vlOOIeMpuaO6Q85A,3823
0jarApAsbmiCkYhz0590mE,517
0jcaMhfyinUx3Pj8w4nmWZ,677
0JCxGVxsISZzJHJPUOtceB,1703
0JdGPxHeRGfOyZg3EHwp2g,3127
0JDkhL4rjiPNEp92jAgJnS,7608
0Je74SitssvJg1w4Ra2EK7,5606
0Jeckitay8SbvKwqAzWuYH,1733
0jgAONnsHxrwAlhkMUVS78,1787
0jJNGWrpjGIHUdTTJiIYeB,7266
0jkK3K1ATFFHofEWjd2i00,710
0jLpeMAu3aYRlvbjZd65np,1828
0JlTFsR41vwvQTppOR3yio,2264
0jM4IKp6YlTxq8tNDH9fX3,1047
0JM134st8VY7Ld9T2wQiH0,663
0jmPjksXqVrO92Urmx58vg,3570
0jNDKefhfSbLR9sFvcPLHo,14128
0jnsk9HBra6NMjO2oANoPY,120287
0JODAbB25WJVrMt3gc5pKf,833
0jOs0wnXCu1bGGP7kh5uIu,684
0JOxt5QOwq0czoJxvSc5hS,3503
0JQaXh3HoqpI68C2pYUbNW,4483
0JqRJZzARcjmH60HwUenow,914
0jrFMgW018F1XVnLtCXOKi,830
0JTujDbHVqhWAGl06aaW78,1035
0JuDxOwz1e3Wx05t8e3AT3,634
0jUQSUOcM7lxVn5eVGTkzQ,2591
0jW6R8CVyVohuUJVcuweDI,25697
0jx4hPtb5enLdBDdHKuSgf,2010
0JXDwBs1sEp6UKoAP58UdF,944
0k7Xl1pqI3tu8sSEjo5oEg,2403
0k17h0D3J5VfsdmQ1iZtE9,59732
0K1BPXwAU1CTd8DNZohopA,562
0K1q0nXQ8is36PzOKAMbNe,17228
0K3gUcawlzf0s7WE9umkgd,526
0K7VN4aHxHcEb7PqkfoIVA,1413
0kBHkziT1rQpUBWW08p2dN,584
0kbYTNQb4Pb1rPbbaF0pT4,11333
0kD8IT1CzF7js2XKM9lLLa,5872
0KDbBK1pnCWEL33tRNwDhD,550
0KDuKk6YdEu3hR56HtXmxt,3883
0kEfub5RzlZOB2zGomqVSU,2037
0Kekt6CKSo0m5mivKcoH51,3855
0KF35OGFXQttk0yWReabtG,2415
0kGFplMt0ZXkae40T5EVZ7,1039
0KHNqBQFBSJSTDRfvPfCbo,721
0kHp6OZT4pvcCbTMfQCOvE,1040
0khqcsFxd6ans7Zh1JqraT,1183
0khzcQ6PQU5a6dl1Qss3pt,882
0kJMPTXq7h3ztpDukSx5iD,3106
0kkxsdcaWmWU2yWAqclDh4,7873
0KlSW3j5fUEfej47FOrBMr,1313
0KMLfCXYb3Dhf1hLpu8cVd,1206
0kObWap02DEg9EAJ3PBxzf,10244
0KOR480m8faZdcHlyW6hna,718
0KpCz7V5XRkqKuM1JDf56O,3655
0kqRUwSJCCooeI3hNRsghY,2823
0kSHocNBxQeP9pr25l1scP,1409
0KSjxPoT71Dq8qcgfWTdHh,1697
0kV0e99xlTJcLKSu8KrLyp,503
0KV9UzwJbLgC8QdOAxKlTU,500
0kVNa1qBak8arcwcUeLu90,623
0kvp9mzfvoXvGtjSWTgrEb,614
0KWcq2E8ejxp78jdfpCd4K,685
0Kwf0zcciIFGLCKiqNcO6Q,756
0kXCdaJ7C5MD27jXxzvHsa,1055
0kXDB5aeESWj5BD9TCLkMu,688
0KyCXNSa7ZMb5LydfKbLG3,794
0KydPQPUUoTNhmiHKOg5Er,8313
0kzp6Ezum8UhblfmLkcyPq,581
0l5fDpqfSweuzhaAtWa76A,766
0L5fC7Ogm2YwgqVCRcF1bT,11296
0L5GV6LN8SWWUWIdBbTLTZ,2777
0L6Gwm0JDrgIQJfjarWSUR,6068
0L8ExT028jH3ddEcZwqJJ5,131091
0L8jXe7QeS9oYUoXbANmX4,4193
0L9xkvBPcEp1nrhDrodxc5,870
0LALueHEQunQ2d61fXGeZh,1101
0lax1ZgWclW6mZFaGu27MM,3835
0LbLWjaweRbO4FDKYlbfNt,2372
0LcJLqbBmaGUft1e9Mm8HV,20980
0ldU0QJm31y0d6f57R1G2A,621
0le01dl1WllSHhjEXRl4in,4653
0lEssBAxQl2In4RpaB1C2Y,4815
0LhHRmSd1EYM5QdNeNnCoQ,3157
0lIIsJafIVVi3ruN2vFzpS,736
0LIll5i3kwo5A3IDpipgkS,732
0lJlKQvuM2Sd9DPPyUXcHg,8195
0LklyUMMUhpIjMgYHlV0hN,1955
0LlPal5iJGcCWwZp8VefVs,1683
0lLY20XpZ9yDobkbHI7u1y,6082
0LmmhAkoebSsbFfgCybcGI,1314
0LmXoyW6K4zJ48lCRq7w3h,766
0LN8DYo6VtPVK0WQ3g6AXJ,723
0lNg9YtW8USxeZZnEqz3RQ,1041
0LnHdW6HMPoOlNdhG3DHjE,1710
0lO2c86rQmrRJArBxgw0v8,1727
0Lpr5wXzWLtDWm1SjNbpPb,2380
0lqeNK72rVwuLwWOkNOoKD,744
0lSENl3bteP8p2NbiSP7RM,1641
0LsO2x5E0KNdMxkWh0EmE0,580
0LSPREIgGMZXCuKVel7LVD,761
0LsTFjEB1IIrh7IlTxs1GY,2534
0lsuCH8qG9UM8BihdL1Vsc,749
0LthCv77K8NqLKr8B6266a,1121
0LtVJXnPR8msCJiE2DjHxy,8687
0lVlNsuGaOr9vMHCZIAKMt,1540
0LVrQUinPUBFvVD5pLqmWY,1057
0lwRI7lvmlRY5DiA5Xa6wQ,3996
0LyfQWJT6nXafLPZqxe9Of,11661
0lYXa6aa87Tz8Jzv1nW4HM,1052
0LZac5VicY19QLaIUvIB0G,548
0lZoBs4Pzo7R89JM9lxwoT,15669
0lzV2CiahHRiGd6qpADtPS,5163
0m2Wc2gfNUWaAuBK7URPIJ,533
0m5FakHKCQdA7UN0PIzMcL,1057
0m5XJwKGYyUjd3VMfcINCQ,1050
0m9husdLSRyNHOuxFAr5hB,1041
0M1ImWN3uInxUCZVIE9uxa,661
0M3cZtjQZ8fz3Hbw1A4CwF,749
0MASTEXfUt3bpiyGOoEaur,914
0MBIKH9DjtBkv8O3nS6szj,1641
0mCdmt2O8dd8jJWv7m24EE,880
0mEF6nwliNqJuMldWFPuvo,562
0MeLMJJcouYXCymQSHPn8g,30166
0MfC3pip8rY8OFLJVVNvBO,522
0mFoqJiNDtYntypvy6roGR,590
0MG4LXIw7n4x0wjDc6WYXk,3099
0MGUXM1urhmX05MHj5oVsM,712
0MHgLfmQdutffmvWe5XBTN,10038
0mJoamO2s8QKkuKhTpJpPe,927
0MlOPi3zIDMVrfA9R04Fe3,21692
0MLOZd8nYoXxHpOzDH0vXJ,507
0MmnmsAuQKRFpo6vJElcaU,7619
0mnlHIcYkz3TQQ07xiFwuz,1571
0mOvsKSG9z0W7C5InpxjMw,658
0MoXIHcFwhIWnFgBfdvQ30,770
0MponVSpW81oLvJZ53vYZH,3520
0MVp3LuNho9Hk6Q1owsWwt,736
0MvSBMGRQJY3mRwIbJsqF1,1559
0mvTBNG2hAuAEzUVgTYpQ2,1357
0mXTJETA4XUa12MmmXxZJh,6218
0my6Pg4I28dVcZLSpAkqhv,2759
0Mz5XE0kb1GBnbLQm2VbcO,10043
0mzTssRDPIQVH5wSNzOdFZ,543
0n94vC3S9c3mb2HyNAOcjg,52869
0N0d3kjwdY2h7UVuTdJGfp,13738
0N5PyKJzS3M1XNlaCL7bbE,4082
0N12PNPrehNU9PVsJMfdzi,667
0nAVvgfE9yI4DwvMiYwk8a,2076
0Nbd9JL3nvlU5ZofPGZd79,1156
0NbfKEOTQCcwd6o7wSDOHI,42221
0NbK6zi0udNSXMzL7Ekq5T,681
0NbQe5CNgh4YApOCDuHSjb,3667
0Nc79lkTxXLSIIHDB8mqJC,547
0nCiidE5GgDrc5kWN3NZgZ,986
0NDElNqwGRCmsYIQFapp6K,1059
0NGAZxHanS9e0iNHpR8f2W,3713
0NIIxcxNHmOoyBx03SfTCD,20200
0niJkG4tKkne3zwr7I8n9n,6125
0NIPkIjTV8mB795yEIiPYL,688
0nIyPY7J7G68WgQEOLHn0x,2321
0nJaMZM8paoA5HEUTUXPqi,7286
0nJUwPwC9Ti4vvuJ0q3MfT,3388
0nJvyjVTb8sAULPYyA1bqU,1148
0NjyVLii0bdLIS00OS7r31,927
0NKDgy9j66h3DLnN8qu1bB,11783
0Nks3cFWU2a7rooAlFQYgn,501
0NkyXWGxE3WTFixDSJ39PK,1971
0nmQIMXWTXfhgOBdNzhGOs,35617
0Nmzni4mLSbgpRyDim6yYG,684
0Nn9YwJzcaeuU1jJL06e3r,3361
0NnCgUxhtWt1yBtpDyvFQf,1304
0nnp7oJpY2J6yZOqtdKaWq,4738
0nq64XZMWV1s7XHXIkdH7K,6194
0nrcqEG1EEnOwpAfIv0UIb,661
0Nrwy16xCPXG8AwkMbcVvo,1138
0nTbVTXLLbBA4xCtn0cFkv,588
0NTSMFFapnyZfvmCwzcYPd,603
0nvvVQhPQGkYTJlThLbJeu,3337
0NWbwDZY1VkRqFafuQm6wk,29592
0NyzfcGDZZ6GM25EBG9BYK,3660
0o0rlxlC3ApLWsxFkUjMXc,7019
0o7WWONtleH6PWLn5GIoCM,1141
0O0lrN34wrcuBenkqlEDZe,3180
0O7NhieDairfQvi9jr66Cx,2139
0O8iPOnCv1ppuTVLQ9MDNC,541
0O8Q5C7YcMWghyISchsJsy,545
0O98jlCaPzvsoei6U5jfEL,615
0OAusXEginMnUycfJiuxrt,661
0oBEeN6BCxEgMogzThqrPf,12891
0oBsnAC3fzYkTHF3bkfNx6,3083
0OcclcP5o8VKH2TRqSY2A7,21119
0ODQJS4mk7rVBJXjdqByX6,1743
0OdUWJ0sBjDrqHygGUXeCF,22465
0oea1hwGMfUxZbLxJc1XUN,4165
0oeUpvxWsC8bWS6SnpU8b9,22129
0OgdRTPItr9dw4XYp4JJUx,1215
0OhiQFSqbnnmB52NWEpsO5,677
0ojcq9LJQWMawQdFDw3M0L,20173
0okmfBroVgFuvvljnUbqPW,1054
0Ol3Jol2T3lZZVLNNzWPhj,789
0oM8RWZXhJYSnzGdepP7fM,3938
0OMJR0LjjKv21qNvICTgbi,1535
0ONHkAv9pCAFxb0zJwDNTy,13027
0Onvkz1Nbs4wHXXUwOIGk8,26777
0oOet2f43PA68X5RxKobEy,1864
0oPd8f0W82Tgrazx2PYNab,1810
0OpWIlokQeE7BNQMhuu2Nx,8127
0orEyXhG0KnPEDVgpctNJI,1412
0OROVBEZCocg0FcgJpyBse,1096
0oSGxfWSnnOXhD2fKuz2Gy,46683
0OtCwdMEGIi0GCeLGCO2tQ,646
0OtigLoCgLYvXnMxbE5qH5,1083
0OTnx2X2FDXeewcm72lavT,3620
0Ou0138wEd8XWebhc4j7O0,6169
0OuSnRyi1OkLPkR4AqzJwi,2796
0OUXTnqjvTg4iZ7Lhq6vv7,818
0OzxPXyowUEQ532c9AmHUR,2071
0p1CrPBclXVis7VD4gtFri,1183
0p1LdP1XicX0UA5GNA2DWc,715
0p4HbDx1JTF3QLaBznAOrU,847
0p4nmQO2msCgU4IF37Wi3j,51302
0p5axeJsbtTCXBrRVoKjwu,6239
0P0do9GwiSgweSF6Ui3mrv,6427
0P8V2XSw1mIo8739T1qjzr,1222
0P8YNJXX7QeQ8iZIUCXJgi,935
0PA28tQBY65NmvLi0xvuX9,1011
0pCGA9tdtbWwo1pKIs0CFx,1132
0PcIlEZa7rreM7729ot05g,1135
0pCNk4D3E2xtszsm6hMsWr,8074
0PDqlUGugF5Jt6DZyATvfz,1246
0pf1lcBxh6HiiHQAIzhTI5,565
0pF1TxZmwCJ3gGpkBQwdtT,1295
0PFM64sKw3GG4Sk8kqNIcp,1193
0PFtn5NtBbbUNbU9EAmIWF,24697
0pg0Zm8FsGAYy5kdHuBnSo,854
0PGB0xsAyDqHHlvNQcgq5S,6853
0pghUohLPptZWBasy2wmUx,5315
0PGtMx1bsqoCHCy3MB3gXA,5564
0pgvlX0BkfmeirXTDiNmya,1964
0PHXRchyECGj96MB2v1xiP,561
0PI3pXpUMScjweiw3IbADc,2340
0pjLiK5qb4Zr0PWRNkdd2o,1088
0PK0Dx3s9et0Uf4XbdFpiW,593
0PKaChV93dPWRrXNrmXQfb,684
0pKtFEz6xH7d3HPZVDQsyN,664
0pkwrPVI8UyXtPkavyJoZ4,3462
0PMGIDR5OQokTICRFbNdeB,729
0PN0fbe41KbuzlRYnoajNm,2901
0PPROEFFSu3h7Xw4ZDDoVV,1417
0PrhwIWbqYFYyY2ZrkIWgI,2339
0Przo8VxOHYfZv9FMZWsWV,1496
0PsTewblEJFN5oC1Qb7IwX,1290
0pt7PX4Hftlg8mV1ySU84Q,970
0pu9LAsUMg8nhMK1hmiM5b,532
0PWmxlpld6uKF8DXOupfQe,1007
0pwyD6DhbFWn8uVSz2Fr0w,5867
0pXt4sMs2oRnt528LTYgyd,3846
0PxzGnCYBpSuaI49OR94cA,9127
0pyi4vNCq5T6GgV1rt7ncc,510
0q2lY1ZzFckzciuoMtUvck,9055
0q4NrXqJnc367PieejuROJ,6108
0q8J3Yj810t5cpAYEJ7gxt,2398
0q9kpdDkEA3H17gcRMjgVS,536
0q9lPhJHW5R9J7RXIJRbTk,17076
0q32a3GRCjDxS4EIrC7YVY,1184
0Q2Tc5yZFJpumLMc7Yz4e4,7464
0Q6X1jqwOVQuclYp2P1bub,740
0Q9slhIaEgg190iG8udYIV,936
0qa4GMXrmylKemymbElIwq,1100
0QaiCsyOUjBgLqsbABu07O,626
0qAmeOULjwn04k6jMMeDyr,1028
0QaSiI5TLA4N7mcsdxShDO,3142
0qB0cTENhSUc0feov5qbg0,528
0qdblxxVBeNzq1LFwzjN9g,595
0qdnNxtEfRNocUUnkyFhIw,3929
0qEcf3SFlpRcb3lK3f2GZI,3953
0qG3lxHmrUeKzL1BJJ7IBN,6028
0qG5iIGCBClEBwsMY078kl,952
0QG9mb2bxHZGlQRjovWjOx,705
0QHgL1lAIqAw0HtD7YldmP,137523
0QiCCpzEYPFaWqkWtDQTmH,2295
0QitJHI0ZwMa5F9TR6EYSl,516
0QJIPDAEDILuo8AIq3pMuU,27100
0QJKELJZZuLAjqLOOixJm5,1881
0qJxsH9kWhslWau4Ork4Zm,650
0qk8MxMzgnfFECvDO3cc0X,1885
0qKOMcuFgagNQJWHHK7NY6,2467
0qlhpgr87PEG89Jd5iRpxe,595
0qLNsNKm8bQcMoRFkR8Hmh,1706
0qlWcS66ohOIi0M8JZwPft,897
0Qnx1MPnHYt3jJCYrRFVwX,2137
0qqlNAUIYOzK2O0N84RwWO,964
0qqxspZOkbN00bu6DaRIrn,4124
0QrowybipCKUDnq5y10PD2,10700
0Qrp8cpHBz47dbOyPfzzhP,529
0QsjXBgmv5j7WSHYfo7L82,615
0qSX3s5pJnAlSsgsCne8Cz,44718
0qT79UgT5tY4yudH9VfsdT,25193
0QT3cPPXMGYtTG3kN8Ez54,654
0QTnH6UEP2jbZEVO6g6Vfe,1155
0qTZZWLzuD59Un5r1speHm,2865
0qudezVgvl4Chd9BgNFB83,832
0qzzGu8qpbXYpzgV52wOFT,5085
0r0KdmVS1Er3kaFnl1KPog,1658
0r8toju2ecKaVtItkzAnNi,1190
0R5BzePlbvG8xTXw0QF3uw,2432
0rasA5Z5h1ITtHelCpfu9R,1231
0rCjhB7bSAgpshTquzm1I6,822
0RDC2Krd2nmqseGx5C8PQz,922
0RdRumkn2UydUjqytNJ2Cp,2227
0REMf7H0VP6DwfZ9MbuWph,3889
0rESpKEusFHxhW59MIf7eM,541
0rG0AZBscc8S8q1ahIsasI,11892
0Rh2F37PiLjhYaERywNulu,618
0rhGLV687CCwGfeJYXd176,759
0rHiOzaAbw3cCp8D7yjyig,3134
0RHiqaoRCsFLPeEuj3OQz4,543
0RKP52f5PNDCRZ9Luq2Sr7,9546
0rlKkLkpsCnJbZethGBfAk,855
0rlQeWIeJJdG7Z8RCNiwqs,711
0rlS0SzVFk8BoiAW0fGBbN,669
0roWUeP7Ac4yK4VN6L2gF4,670
0RpddSzUHfncUWNJXKOsjy,24457
0rpKM0MniNkXM1SLSglYUZ,670
0rpMdBzQXf7aYRnu5fDBJy,7709
0rQ0WMIrOt6MzfiGaNWh3D,1085
0Rq2hV3S3O4JMWbL2B510w,2073
0RqtSIYZmd4fiBKVFqyIqD,17718
0RSOEwcMBmhkXmriCCXIXz,1029
0rSTXALHu0EKAawPLBdODH,557
0Rt9ML8x5r1DFhSPAJhbwr,806
0ru4hXR4RJY1mikvbQKgWa,752
0RUEHcBiENFEqxgicqS2ig,927
0rvjqX7ttXeg3mTy8Xscbt,66195
0rXI0q8Cahq6numvPlloaq,1509
0ryF1Gy87xVCOF0Jb666ak,817
0rZp7G3gIH6WkyeXbrZnGi,5048
0s1ec6aPpRZ4DCj15w1EFg,7866
0s7Ro7Q2XagXEYhWbI9PHv,1584
0s9MrSopEoAn8JqwBipgdO,657
0S05AeePINj4CeTVMfysIu,539
0S4zLQlUn398bugWd6Inmq,2445
0S7Zur2g8YhqlzqtlYStli,955
0Sadg1vgvaPqGTOjxu0N6c,3078
0SbSDzM4X41hnlURed0fcV,994
0sc5zYshOdiFD4ayqMrJbJ,4963
0SCbttzoZTnLFebDYmAWCm,51761
0sD8Amms4kSxs5tBV4CUmR,2487
0SD4eZCN4Kr0wQk56hCdh2,9111
0SdEkx5Ai2gl0W7pnhlsfy,1312
0SdiiPkr02EUdekHZJkt58,6039
0SfsnGyD8FpIN4U4WCkBZ5,21216
0SFz7AVtevccdhXj6aeVka,661
0SgDfSfWqkZMW96aT2oQZ1,658
0sHeX8oQ6o7xic3wMf4NBU,2082
0smy8yDrRoI4CnhpOuthg0,2888
0SNdq9iJyup4XY6JbNHbt6,773
0spHbv2fw49lDMkbOAdaqX,4945
0sQ1wgSdRpoysgsa1VnI4G,1008
0Sq7oGrYEe0BDmb13wgjOO,689
0sSB3cIRBuBGa1UXLsQtaw,723
0ssx5sZQzc1nZZF2Ks8qXZ,2072
0sSXa9z76TfMcbAZuokauq,641
0st5vgzw9XkH5ALJiUM1lE,3406
0SuQEAJ7EMAipBdrAYO4XS,899
0Suv0tRrNrUlRzAy8aXjma,5471
0SuWOa14KQ9jBIwvqFbzo5,1216
0svyIX7Xu3DVMkrOtB88i6,6510
0SwO7SWeDHJijQ3XNS7xEE,43654
0syIRg9MPSpJIC0QCPUaHB,2719
0szWPxzzE8DVEfXFRCLBUb,2667
0t3QQl52F463sxGXb1ckhB,9211
0t4oHObO3FImWvIhMimaSL,805
0t5H8FcoVPzn4sVeNxibMU,922
0t5qZrvVCo9YIUT87SQrTn,560
0t7c4kEOzEpaOvYF8kRA27,751
0T1KC0OHfbRO0O5bNH2tek,6684
0T5EH22oyMja9UmN0Rz95o,524
0T5OJgMVjKIX3b3W3ekqOl,3704
0T7J61YgErxSH8yuyggHJO,4658
0T7JQxpy1Li93vLNirbv0Z,1052
0taUqKeI9JbGZECxu5bVV0,2855
0Tazr7cok0ZIzVWH27sqeY,636
0tbeZu9lv8YEKSQ9tZSslu,1094
0tCMgjr8y7UKNmE3B1Uwbl,552
0tCtGc5vt29zFZp6KXzN50,1223
0TcYeHEK9sBtv7xPbKhzHz,4940
0TeuSnc3TJ2P2Vn8UOgovp,1470
0TF2NxkJZPQoX1H53rEFM1,4859
0tgjwsn1Lpjj8kKEvWm0KQ,2895
0TgNiaeQaWssaH9aWjbqnA,3945
0TImkz4nPqjegtVSMZnMRq,35514
0TjAAwE04BeoSeOpJIakYH,3216
0TJB3EE2efClsYIDQ8V2Jk,1698
0tkKwWigaADLYB9HdFCjYo,1309
0TkqXdyWLsssJH7okthMPQ,612
0tLaqkKW7K6tc3QF9SM0M8,3564
0tmwSHipWxN12fsoLcFU3B,1672
0TnOYISbd1XYRBk9myaseg,100698
0Tob4H0FLtEONHU1MjpUEp,9130
0tOrKkXIn3VYyVHFEPG6Xd,5403
0tPjSrb43a58uznKru1k2P,911
0tqGegfp4LA38TZ807OdzM,3941
0TqIPD4IS1w4e30R38B3vj,8544
0tR60pwxQ5WKjPxQcKoCQ7,539
0trBqRcZ4lXqh8FERL5ZMa,2263
0TsIx49jtpokEoYyPIBHJL,503
0Ttph0pOZiPNTD3y2wUUb6,870
0ttsFiIQxBWmfS1JPgTZ6o,1126
0tvpihdAsKiNnP6sWS3jUI,2765
0tWnElR8nnWIsopg1o3xmg,2441
0ty0xha1dbprYIUAQufkFn,2763
0Ty63ceoRnnJKVEYP0VQpk,6896
0tyLMmQvEuyQR4qjGBdbem,1201
0TytASn0kOZkCpjYTrXsBt,2248
0TYvluyvV1Es8lTHiBfnAn,803
0tzSBCPJZmHTdOA3ZV2mN3,2137
0u2FHSq3ln94y5Q57xazwf,74035
0u2qG4roqULELVVO9fMgSG,552
0u3d5PM2FuEuG5QuUdt8mT,2991
0u6b6Qa5VJEvr3SgzzeVOB,1658
0u18Cq5stIQLUoIaULzDmA,1821
0U9Fse06C4EXQBXBWJKpoA,658
0U74yZwVtNhcFAi165lsqR,732
0uAjBatvB4ubpd4kCfjmNt,5738
0ucLPotcQNI7AViFytdhBz,1051
0Uct0uToxfEVc7w5waYEnT,620
0UdoKjWIe3tHyiqc4qT3Oz,2020
0UF7XLthtbSF2Eur7559oV,5149
0uFc6StTmJBvdHPZFDkdJy,7241
0uGk2czvcpWQA383Im6ajf,7611
0uI2HyW0eIbTbyH3S2XDHI,1560
0UKfenbZb15sqhfPC6zbt3,4207
0ukgrNYk51TkMQr0f2Br4Q,741
0Um9Obps5KGnNcqAHfXdBv,742
0UmBaQJflaHddKtf1lrA6F,936
0un6YenPxWZ2VW4aFGMupM,2470
0UN8vGMxWEBKNNu8NtyF96,734
0uNC9XuH437fKCCMuzvSks,862
0uNEy4544VZq2KOl7BsLuo,979
0uNj4RxFjG0iVPlZS753en,822
0Uo6kyjrbQoZBlcXsMb8Vm,717
0UOrkpzPED604dKzxgfJqg,1198
0UOrN3LNaKApiOSdvJiETl,692
0Up3H1s9ME6FivFcOz6qte,512
0UpuH5U4nZ3UGGUJi0Zfbp,11815
0uq5PttqEjj3IH1bzwcrXF,18653
0UQCSEnTVyI8gtCVEeJMKN,917
0uRdK8gy7fXJGRywrlmPM7,1784
0urTpYCsixqZwgNTkPJOJ4,5684
0utS63XytOEVN1EtzWhJpG,1425
0uUNzXylqsZdmFDwdxaP1V,1673
0uWNGisbRTdz6E5O3V3Sc8,5167
0UWZUmn7sybxMCqrw9tGa7,14966
0uxCcs6uoQy6StkrWS1QjW,2501
0UZ1nu3kcdNlCoiKRjmSSY,2560
0uZRjholJ0fVC2J9EvnYnj,937
0v2Y5jwtcv8LiWNTRls1KM,5742
0v6gOfGBclTSGu6agfXb23,877
0v7JYEoQOQbzNNESKwxmzT,2769
0V0TbicIQ6nqAWy13mR4BH,943
0V7uVrIYr4FwFvUN9S4kYr,898
0Vb15td3iKkAzdGD5Sj9Ky,4759
0VbDAlm2KUlKI5UhXRBKWp,588
0vbEs3DgphJ2RGZqh4qFLT,5478
0vD3f3r69jBB1bL6VWnGM2,2878
0Vdv0pEg0SwdqoEbpP3MJ1,1426
0vEsuISMWAKNctLlUAhSZC,29976
0VeT7hHTJFJZcENGekjCsB,2243
0vIFLqYvyNzfBjzyo6J0Pv,542
0VIiIxTNLeJOPoMLabwNtr,941
0vjeBgTzYTwmYoVySJzXGD,2378
0vjlH9sbJOZyhDjhvajQpY,1109
0VKh7CQDi9MkUvaBMoK1V0,2784
0VKTLKamj4IH8OfQbUL0kq,4200
0vKWxtht5v5MoAu4DID0Ub,603
0vL0HKEtNHGobKmDNarMFQ,711
0vMGGYcvLOnwg7t4kl33BA,1762
0vn7UBvSQECKJm2817Yf1P,25297
0VNWuGf8SMVU2AerpdhMbP,1760
0VOR7Ie9xUSb45fzIIVJQ1,3548
0vpwDjHfD1T65OcmvpcF0S,943
0vqJkZ0RpLZixt3lTmD8vP,9095
0VQKssIfRKfSd7IfW3JIP1,2034
0vqkz1b2qBkoYrGMj2CUWq,2581
0vR2qb8m9WHeZ5ByCbimq2,10955
0VRj0yCOv2FXJNP47XQnx5,1206
0vRO9bFgOrDoFtLcDHV8b6,2082
0vRvGUQVUjytro0xpb26bs,900
0VsU6iPTvo3KmiaYJr03wb,659
0vTBc2IpccX4e59gatG4d1,518
0vUTfcBDZZo2OUQJci5UNZ,3409
0vvT956B4fWmEN61Y4hUmO,977
0vW8z9pZMGCcRtGPGtyqiB,2191
0Vw76uk7P8yVtTClWyOhac,11786
0vWCyXMrrvMlCcepuOJaGI,18939
0vYkHhJ48Bs3jWcvZXvOrP,2059
0vYQRW5LIDeYQOccTviQNX,1593
0w2QFhEnPG6tLIvkogHbUi,1352
0w7HLMvZOHatWVbAKee1zF,9498
0W0kuKgO5dLKxBOZUU2erM,823
0W2XAE5AnBWqcGNhfupEOU,812
0W7wIkmxoGQbnZYn2z2sLj,6387
0W8xe7IqAPlnBRMUpWOUuJ,2941
0W498bDDNlJIrYMKXdpLHA,2576
0WAZJYudbUpl0EOjvdrnRG,668
0WbqAlM1WvfUD6dF7omThd,2748
0wbrRIw2po5DV4LeaHw55S,902
0WC9R4MbKLlwzhwqB5cqjc,595
0wCMw81dQdNPMRB4zadq5g,3913
0wEvWMQRqaXcgnrZv6KtyL,577
0WfaItAbs4vlgIA1cuqGtJ,6367
0WgiEOrXlaXJGHKhkd9s4s,1006
0WgyCbru4tXnMsbTmX4mFw,1059
0WhGV9lzljq2QKJ8ipw6jx,584
0WI8OfWCRvK4nGHmKfFQmd,858
0wIb0PhwT3disoWykRhq6V,673
0wiD0pcfAS8545DNHBcriR,758
0WJ95VwySC8v8HR504J5vR,542
0WJc0VDtzsLIk33XRB20Dy,549
0WjtdWS6su0f3jrW9aqEHl,3247
0wLfAlTh58anndtgqA0MCU,728
0Wn2sUjlWiK9P193EOF0dW,526
0wnsM0ziqToBwQeEbH0akL,4708
0wNuUG1alVKXEEiwEypprs,3136
0wnYgCeP013HkKoOyC5V32,1836
0wNZvrIMNUCs24G0wFg2D6,778
0WO1Yn4pcC30HOKLD68JKm,1623
0WOxhx4hikIsyF3CRPLC8W,7238
0WPY9nnBy01s5QOt4o4oQX,646
0wqCmiRvTgsobz3AZoadXq,632
0wr85NuJuAYZsRzP1lJgiV,518
0wsdUS0EJ7zHgti2nxTVWR,1011
0wSIyRIXxXiOBCIV0TyXZH,5478
0WtTGUjbur1R1cNzBvbsMU,1085
0WvTK38rXqPCD5pZMDuX20,573
0WwSkZ7LtFUFjGjMZBMt6T,15007
0Wxy5Qka8BN9crcFkiAxSR,2124
0wyMPXGfOuQzNR54ujR9Ix,1103
0wz0jO9anccPzH04N7FLBH,1240
0WZOmdnCln6FK6GM9e2tGm,570
0x0u0jCVf5Jf4DNh45XPXL,1592
0x4xCoWaOFd3WsKarzaxnW,4119
0x5TKpXlF0dsnMNB2xOYXz,1281
0x8J72N9ilqcIZbWEKB8T2,1102
0x83OBqixqdCHnStP5VMcn,3750
0X0TajZO1RmY3D8u1JymYq,1034
0X2BH1fck6amBIoJhDVmmJ,84353
0X380XXQSNBYuleKzav5UO,14328
0XATRDCYuuGhk0oE7C0o5G,1198
0xbwBKuWBNWfDBFsrRJEJG,506
0xcfJSVb1IoxDnkFFWpEXz,663
0xf0KaVp6AMWgesiBh6fee,1025
0Xf8oDAJYd2D0k3NLI19OV,4492
0XFBXku1ro7p7bjFQk98o6,2225
0XfkH3kgVTy5EYdv0DzDCQ,581
0xhIBddw7R69CWKsCt2gVt,572
0XHiH53dHrvbwfjYM7en7I,3172
0XHM5ZNJDU8e4CfbWMeSzC,4534
0Xi59sEw38vRvwleSAVqoo,3162
0xIChbcTsuYLueN1oEsX9v,905
0XJ5RIvhlOL0harjI9jZvX,3347
0Xk15jHKly4c3AhPr5vjoA,5091
0XK6kT7xcZAlcYrNjOgzJe,2208
0XKgjkHamDZy6obrO52fIs,758
0XKOBt59crntr7HQXXO8Yz,24609
0xliTEbFfy5HQHvsTknTkX,3588
0Xn4iSM6rXebCl4Ub50RFN,814
0XNa1vTidXlvJ2gHSsRi4A,12351
0XnterAMV09fuPjq4joR0c,591
0xOeVMOz2fVg5BJY3N6akT,1542
0xOtJ5JY4Urje1oVlMd3aS,1315
0xPoVNPnxIIUS1vrxAYV00,558
0XqFDQJjqW5PfhfBCb53LR,1507
0XRBwgqB24RnxXi7BFYNxC,2606
0XSqX2PB3C5dTMv7SZaxSm,1335
0xTcxl35DKXUeYRWqY10w6,519
0XTSrpKEUhzQ5aiYswppxh,1292
0XuYkyliNor6szd1B6oBKk,867
0XwVARXT135rw8lyw1EeWP,2924
0xxJO75NeIAF5jYruLYIDT,6298
0y59o4v8uw5crbN9M3JiL1,690
0Y0QSi6lz1bPik5Ffjr8sd,516
0Y3agQaa6g2r0YmHPOO9rh,1876
0Y4inQK6OespitzD6ijMwb,4474
0Y4MvL6mOliZEB5uTLlX9z,532
0Y5tJX1MQlPlqiwlOH1tJY,139928
0Y6dVaC9DZtPNH4591M42W,2196
0Y9K99X1XZqnD7IE1gO3gt,1119
0Y619QjWhmBbSV5LGZN7oi,1437
0Ya43ZKWHTKkAbkoJJkwIB,15026
0yb46jwm7gqbZXVXZQ8Z1e,11295
0ybFZ2Ab08V8hueghSXm6E,1368
0YC192cP3KPCRWx8zr8MfZ,35060
0ycHhPwPvoaO4VGzmMnXGq,5960
0yCYrNUvVe4VVz7xSZ1xei,1158
0yDmbRjVTQsQd3OnMs5s3I,531
0Ye4nfYAA91T1X56gnlXAA,8992
0yFvXd36g5sNKYDi0Kkvl8,503
0YG3fiiee6tHuimu1klAMg,505
0ygIgsjUzKivFgxgjQ9iV9,629
0YhUSm86okLWldQVwJkLlP,19501
0YinUQ50QDB7ZxSCLyQ40k,14122
0YklCNXJmtsiaFPCEjWXut,620
0yLmsf6RBPYqm6hvFJCPg6,919
0YLUOdFiedWIWBttlDAQeO,1001
0yLwGBQiBqhXOvmTfH2A7n,666
0YMDurwdAVosp0voDcFdFG,707
0YMeriqrS3zgsX24nfY0F0,728
0yN7xI1blow9nYIK0R8nM7,6115
0yNLKJebCb8Aueb54LYya3,11022
0YnqxF8FNAMagpmi2T1UjJ,661
0yNSzH5nZmHzeE2xn6Xshb,6892
0yNy8fi1yBBq526E6mx4Zs,1206
0YPElKYjOD1sofFCtLdYj3,4386
0YQBN02bmZvwGNrrWsg2sT,2773
0YrtvWJMgSdVrk3SfNjTbx,36455
0YRwUbRxrawmnBdixwJi5W,5310
0yS5MNfD7YXRiv4DEFyc5F,989
0YsLR3SQd5QTXAhGIGX7cl,1132
0yvalMtqijFbClXzI8Ey11,512
0YWxKQj2Go9CGHCp77UOyy,20526
0ywYrs4fnafrvemaoLV0MG,844
0Yy9u86cq66Se2pB9fYaiW,2828
0z0w28IvsF1gsKhVAMbh9p,1475
0z4gvV4rjIZ9wHck67ucSV,55835
0z5DFXmhT4ZNzWElsM7V89,3799
0z7Yuv7DuDQ5SaVn4VSlLt,838
0z9hynUsIjf0ddI4uHqPWX,3405
0z9LAMU6nhkzkC9CBvlLcm,782
0Z4CzYz9ieK8q9XiVMPkW5,1369
0Z5pcmXDCKTrFWLnDChC37,4008
0Z8XVUAOBPM4x12wKnFHEQ,1331
0Z88iXWc4YVhtu1eFtsGk6,599
0ZAibQ1lZh5UbUaQybsn62,2093
0zAjE3KMGAsizj1VNhYPxf,753
0ZcJXldoq09BRIMl0Qh1Vm,981
0ZCO8oVkMj897cKgFH7fRW,4673
0ZED1XzwlLHW4ZaG4lOT6m,22149
0zfT626RwO6zN3RDYeRit5,2171
0ZIwOAzDuGPspzK7yiTc4S,2031
0ZLHgeKZXpxW42i2T2s931,1298
0zlJDQgqnr9AocrH9gs1Es,1625
0ZMWrgLff357yxLyEU77a1,1182
0znuUIjvP0LXEslfaq0Nor,3124
0zOcE3mg9nS6l3yxt1Y0bK,55093
0zOuQuYGGcrtDYYy3YFDMr,944
0zp9qNDSeYi3QEodhcKAAA,1682
0zprAu7NrzRehc0Q0Jc7mL,1673
0ZqhrTXYPA9DZR527ZnFdO,660
0ZRBa9pTfhhCsJW95F1ugg,1002
0ZrpamOxcZybMHGg1AYtHP,23611
0Zsp7eS6zZEDnEsZaJtr7U,726
0ZXEk4WDiPwEkjG6pQ408i,551
0ZxZlO7oWCSYMXhehpyMvE,10712
0zZJhc1T0zBurhnBwQ2fcu,900
00dwwnz3V4kRfu3UFYpJLz,21001
00FQb4jTyendYWaN8pK0wa,118953
00G1NTDAoU7rBpjG4KoYAM,524
00IjdWQ46sSBP4gZYObAMx,585
00me4Ke1LsvMxt5kydlMyU,6330
00OF0nwYaoBSO3AnPVq3vE,1702
00oL7zWxmWveTsKF7DnIRd,2671
00sAT5YX8W3xNd1EuqyHw9,8353
00sazWvoTLOqg5MFwC68Um,6452
00TKPo9MxwZ0j4ooveIxWZ,1832
00tVTdpEhQQw1bqdu8RCx2,15152
00XhexlJEXQstHimpZN910,1880
00YglmekVqqlHbv8N8erfv,897
00YTqRClk82aMchQQpYMd5,7106
00Z3UDoAQwzvGu13HoAM7J,13781
001aJOc7CSQVo3XzoLG4DK,1114
01aC2ikO4Xgb2LUpf9JfKp,8554
01brs471Oes6kMnkVJBfGG,763
01C9OoXDvCKkGcf735Tcfo,1232
01crEa9G3pNpXZ5m7wuHOk,6469
01DTVE3KmoPogPZaOvMqO8,620
01e2lCvLZ4fLUIRy68nptH,1147
01hRNr3yF5bYnPq4wZ88iI,2825
01LfDhfF9mkpmEwRalZCmO,691
01lz5VBfkMFDteSA9pKJuP,3889
01N1aZStXA4yGvkz4vRXtJ,804
01olvHW7uzIInQx9VTNuJm,903
01pbsrLZgBLuMIoU10Ypyb,1295
01PBXLThJADrhufsPS5tER,2571
01pKrlgPJhm5dB4lneYAqS,2847
01Ppu7N8uYJI8SAONo2YZA,2220
01qsoEBtxocHp3iahQqwv4,1037
01QTIT5P1pFP3QnnFSdsJf,40940
01rgao9OzfBm2BOHWJpi1Y,2105
01TQ6CLvPSOYGUqRQ3nWgZ,623
01Wck2m10xhdxUrLaMq60y,679
01WjpKiWVNurV5hjIadB8C,3314
01xiB0IlXMXy3wrrotgDnU,1800
01Z8Z9K54zewyP04ZfGLSv,1276
01ZtptlLUxoAbJDrS9fTqX,840
014WIDx7H4BRCHB1faiisK,5545
016YHhRTzQSGRJk5EkbU2O,968
02A3cEvlLLCbIMVDrK2GHV,14467
02da1vDJ2hWqfK7aJL6SJm,2796
02Hgklr4HzJLezYlNsitXp,3778
02kJSzxNuaWGqwubyUba0Z,179776
02NfyD6AlLA12crYzw5YcR,5020
02rd0anEWfMtF7iMku9uor,9873
02rM7tEviVltZ0PsuB3Rlp,717
02seUFsFQP7TH4hLrTj77o,9508
02uPe16VFxPaiueQsPEDkE,4105
02uYdhMhCgdB49hZlYRm9o,1434
02YLJJnWC7YQVixkjEBRn7,1380
021hNAnkFIbyFyL97br6NB,2811
023YMawCG3OvACmRjWxLWC,1008
026v3mvWdRvVdjL67VBySh,1894
027TpXKGwdXP7iwbjUSpV8,2881
029y4wr8YYFoqPBahe8Ddz,876
03a5eVjzFyQlR4XyVSwt4t,6071
03EYBMnqSchCMp5D9qmFXi,1155
03GruNQP8X25PCoWzdvIGZ,4777
03HEHGJoLPdARs4nrtUidr,549
03ilIKH0i08IxmjKcn63ne,1586
03jrbNTeSKP9m161juhm0h,2206
03kNDjEbPPFJYI01GLXGct,556
03MVmfitJTVJIxYmObhQn9,1037
03PCdNvkF81s7xHmtkNcoz,653
03r4iKL2g2442PT9n2UKsx,30729
03tfKFHhDoDqF73vCI3cxn,2359
03Yb3iBy9GCifXiATEFcit,4745
03YhcM6fxypfwckPCQV8pQ,1467
030sRm1rnXI9MeQ23pdax8,507
034u8Qcs47NHkRQXaWkLXW,784
0399oiMcmbOzzsYQDNYqxn,4334
04abdnqPQe2N4fjztDea6z,6583
04BsVprJtIhl2C4fgPEz4W,503
04d5YzXNZxuQkLZWkfD7ft,581
04DUpHOyQqwbHFyvIhcGi3,12407
04gDigrS5kc9YWfZHwBETP,187029
04HvbIwBccFmRie5ATX4ft,4140
04IHW8rHwAbnRgpIIBx4BT,572
04LIHk1SobiQwt2tlupoAV,1254
04RtvnUz0XrUbUZzOA8ZoW,3876
04vdWVjgi45nrMAxeCEVQe,842
04vj3iPUiVh5melWr0w3xT,2861
04XggbrM51GcFPTxBYtRXT,1163
04XtgzagYQRpeZt1sJThKi,1019
04Zh21lNHZb2MCCcRcN2pc,705
041iTeoMIwXMlShuQPIVKo,3965
043Bey7ngSGRFpJftAlKpi,626
043r4OwwUAYREkBLK5jAiV,1186
047D9GgqEzyMoULd2oKr7G,649
05E3NBxNMdnrPtxF9oraJm,690
05FEKb23HHED5ZsWmKo8kz,558
05fG473iIaoy82BF1aGhL8,25251
05fo024EFotg9songSENOZ,2183
05o1zW8b6PV6rEquXr74sB,1864
05oH07COxkXKIMt6mIPRee,9291
05RZIdfz59ZW2FvFuwnmNK,7097
05sIdEkXAYDbDDdv3T56Oj,1459
05sRO4JdAtJGyZQOTb6kSL,946
05tTO01wV9Y7U4U1B4xCBK,2032
05tyvnDgYMhgagYbUx9td4,3070
05YVYeV4HxYp5rrWalvuE1,2462
05ZOzt8hlefGYXWJIL37PI,1497
0521x50ZcNqqT1fKMJg5c5,508
053q0ukIDRgzwTr4vNSwab,15698
054HxOGnZjUe5Kk39SAQxQ,594
0543y7yrvny4KymoaneT4W,4318
057gc1fxmJ2vkctjQJ7Tal,3652
06bDwgCHeMAwhgI8il4Y5k,6477
06cLuOP0p7VAnBnqil1eWX,1551
06dIgxVtLtZPa5FUIJxqtc,634
06EfEcjc0vdvI6VNL0soIO,2027
06HL4z0CvFAxyc27GXpf02,105366
06LBSAoRYVLCzBU0HtlPW3,742
06nevPmNVfWUXyZkccahL8,1634
06nsZ3qSOYZ2hPVIMcr1IN,1494
06TVTkMAOR935MhkjX0i2A,788
06vRrrjT3DBRkhBlXoBdYj,778
06xa1OLBsMQJFXcl2tQkH4,747
06y1hH4hu3rcTUXHJevPCf,1066
06YQ6XwCdPUn8rAXV70gge,555
066X20Nz7iquqkkCW6Jxy6,15209
07BzG3j5ux7OXJ66zn4I7d,4631
07d5etnpjriczFBB8pxmRe,5846
07D1Bjaof0NFlU32KXiqUP,768
07DRdecWdrPljDGClOl3nL,564
07EafuRJGR8zatcaf132UV,1567
07EcmJpfAday8xGkslfanE,2886
07FfkbljNIdl45Ijlh1aXS,3590
07jc1IMGtecDZzOL9cP50t,1606
07PdYoE4jVRF6Ut40GgVSP,3824
07PiZYrhllpSXtELkUxlrf,1106
07QEuhtrNmmZ0zEcqE9SF6,33272
07r7OPIALkj6Icaoj4Kf5l,3734
07UJz804RJxqNvxFXC3h9H,1342
07VDqLCbNS2LmFZikG2gMN,514
07VmOvmuBp9G0gb8BTrpn0,4644
07W0YfsvHM7Mw7Bq48Mb0A,3617
07WjVPM79OGQLOZ1jfUVk9,1267
07xbJ7SM1JopFtI1qXvSww,548
07XSN3sPlIlB2L2XNcTwJw,17425
07Y8trtAhW1FFUPqZYTosy,2868
07YUOmWljBTXwIseAUd9TW,4341
07YZf4WDAMNwqr4jfgOZ8y,124734
070kGpqtESdDsLb3gdMIyx,17461
0701LAQrkY5Il5vt06uNnC,580
079svMEXkbT5nGU2kfoqO2,1181
08b2PA6eFyugsWAk41eQKZ,1995
08Cb5OwPZ7SrS19MNYaHqz,603
08ct2eZF5lUPdJpHwNKWof,8462
08dD0frW9WYHRGVa40oILp,872
08DLZqQd6XDAVteF9nSEJ1,1520
08F3Y3SctIlsOEmKd6dnH8,17410
08GQAI4eElDnROBrJRGE0X,74689
08j69Ndyx1P7RLO3Janb5P,1358
08kLJJHCIH3KZGk4FZmWSK,509
08Ld63UgKrJ0nZnCkzHtzc,1956
08p7B5OtcUuVblvkQIlBhJ,8596
08p782h5VznNEQMM4wAEp9,776
08qaG5crPMPF7i0h2wORk5,1271
08QZWYiCiN62cbBoq8JR5I,628
08rMCq2ek1YjdDBsCPVH2s,2323
08Ut1tYxtmgIInVyQqohkM,518
08v1r0jqDyvSo2LtSqHxcy,786
08yf5A2nS4XEeNvabDXqyg,2262
08YvZ2qzFrDSITfHLbPKMP,776
0823FxAYBXOeMTOWPeH9HH,553
085pc2PYOi8bGKj0PNjekA,18125
089rQ02K5KBRF0XRYcQ9LX,696
09A6IffSw0t8L8sfuOCVws,578
09C0xjtosNAIXP36wTnWxd,2377
09hNSPPOxDop4FRdr6UEnq,1249
09hVIj6vWgoCDtT03h8ZCa,28799
09J4zbHHwNNlN2tfgJIg21,2213
09K1H1DgyIXHsMx2j7KTFX,1062
09kCHZp9iFO2FJNb9lR6G5,3639
09L3cUdx0hq6qn5bKuJJ4I,1254
09mkrE5egTebHNzBmNvDMU,820
09mvgMBvJkxarNIDGdwPWg,712
09NYzWfQlunWS3XBZFaDEC,2279
09OSlbN2DUUOG9cbRWdWuT,512
09rD2V564B6VYi5yAnvVVg,616
09xj0S68Y1OU1vHMCZAIvz,5190
09yvLritEUxHrzx5TlFvbl,563
09Z3wZ88af1pfyJxziESQF,618
090VebphoycdEyH165iMqc,644
099toTcKJoywTosZr2hHjy,4042
1a4N2lwra7WGjwCDJS1Dkk,2033
1a6oIpEh4DGgaqgWg5xwd3,761
1a99hRwEKy7OTVTjzHOExM,603
1A9o3Ljt67pFZ89YtPPL5X,837
1A92IAcd7A6npCA33oGM5i,9644
1A96iePIMNFBjLrjXEl718,847
1AAuulaUx0TE4QbxC7tJBU,576
1abeK6nTH1bQUmfhyfSpPh,827
1ackd5XprZEkH3McKbQD51,7679
1ae5nlrkjsI8iBF6CHmB9v,1537
1aEYCT7t18aM3VvM6y8oVR,3445
1Agf8ZtreYoKAXgpeAd7GA,2193
1AgxgADPuRIW1wyaA4OKcB,2396
1AhYnfs5mzb3ennyLFXlYD,551
1aK2PiGHyEgc4wAIKQzMj2,1080
1AL2GKpmRrKXkYIcASuRFa,541
1An0HCtDktvCBDdFEu7HC0,616
1anAI9P9iSzc9qzLv6AtHZ,618
1anyVhU62p31KFi8MEzkbf,137960
1aoAseexNuwSuXVAGPfLex,1920
1AoIc5YFH0aSFc4mKqBEeB,543
1aOp1lgpcwRxADf1jHvXhu,966
1AorvDJVBFNYvHPmdA1fU9,841
1aoy0R8uP3x33eqKZOLpN1,3839
1aPmWgDU4JXEWg1d2BwH5M,561
1aSwrSGBNGMLn9ymttfRkk,1618
1aSxMhuvixZ8h9dK9jIDwL,1244
1aTDTChWWyiJH3SEnYrdVp,2210
1aVONoJ0EM97BB26etc1vo,636
1aw0Cdl1DIrtUrUA6fGbAR,803
1AWNf5CLnHH4oM1hcHiVeV,1519
1AwO9pWEBSBoWdEZu28XDC,4180
1aX2dmV8XoHYCOQRxjPESG,5846
1AZ30JnvQU1pbX6sbRE0Yn,502
1b1N51wmSK0ckxFAMPSSHO,1840
1b4DN8Vj0dnj5cceMFsRYN,8101
1b8kpp4DUwt1hWaxTiWQhD,630
1B8AXU6gIIafpyLEpbcv1u,2128
1B8ySGDAiXTCvnJNH4HSCG,3083
1BAdSa5cdtCNLbvT7gWmtJ,1037
1bBZcz4jP7CoPlqpCFh4gz,1548
1BcAEs4W94BrXMmVCOgwSx,665
1Bd4UVlqlaKEXYRG3wgrCK,918
1bDWGdIC2hardyt55nlQgG,4569
1bdytLV3FPjyhfrb6BhMej,4540
1bfl0AU8SqmLkElptOprhC,13170
1bgyxtWjZwA5PQlDsvs9b8,1823
1BH45DVSTeGBvcYXNCd67g,1424
1BhWF9W2PngtPSyobKg0rP,11459
1bj5GrcLom5gZFF5t949Xl,15876
1BjaGDkxwa2fb2pSCXlFXb,1254
1bJJlRHoc1UVeqzxcrPLIw,786
1Bk2KyFVMN5PeyVyDIiLqF,1341
1bKdOEfMk4ftojJQdyV2Ik,1613
1bkpTEmumLC3xc7HgMsttU,914
1bkuqagwavNQJVWEmYDoQi,794
1Bl6wpkWCQ4KVgnASpvzzA,6959
1bNgeTuV3MlkAq64Ybvcq5,595
1Bo8Afb2Qbjs4x6kJHyjle,658
1bPBx2qbpWzEoLujeHC3G7,1227
1BPsbKiNgav1TY1ITIU8C5,738
1bPxKZtCdjB1aj1csBJpdS,701
1bpzpALZwOoKXzwMg2i8WB,6364
1BQaZSq1KsLOZGzjG5QxRC,2792
1bqxdqvUtPWZri43cKHac8,13036
1bs7HoMkSyQwcobCpE9KpN,11048
1bSn5aMcE83TXLlLDU9rTy,1790
1BSXtdFlVDUOS6g1T3tmME,1183
1bT7m67vi78r2oqvxrP3X5,9475
1btWGBz4Uu1HozTwb2Lm8A,10974
1buXx0RSkvGYCCiAl03JIp,745
1buzCmyYZE4kcdLRudsb8V,6581
1BWtQmbjRgQ6YaEIizJ5Pe,518
1bwUhKRmEkOZ1wuTnV9XjC,7318
1BxqJ6pOCi8mkSjCbFYjpW,3995
1bxsoj9E6Z2GoHVIswbRez,1662
1By9QBFnjZAoI83BZppHlt,48934
1bZNv4q3OxYq7mmnLha7Tu,1164
1c4ltuRXEIo20Y9UOPxiA0,2041
1c4rxrxy8eDLvMVL1DTiBe,8254
1c5SlzViAqsaB0kXygfSjh,2512
1c22GXH30ijlOfXhfLz9Df,7746
1c70yCa8sRgIiQxl3HOEFo,1936
1c84wItoiAe1pEbpJMqUmQ,2726
1C1x4MVkql8AiABuTw6DgE,1207
1C60viSZv6BoYtrnkZ44g5,2192
1C62FV9Cltn9L4c9jAwCyk,1392
1caBfBEapzw8z2Qz9q0OaQ,9776
1CajkwEgJac9j9alNJJxTQ,543
1Cb9Edoxp02mgY0VWVlwQo,671
1CcPlAmcnJjC4FnaPVzv2v,1172
1CD77o9fbdyQFrHnUPUEsF,1621
1CF8aEN939swnuIZGFI7Hk,2457
1CFCsEqKrCyvAFKOATQHiW,40212
1CgbNAF3Stnz1Tpipu3xdO,561
1CgE69lpZKGAcA5kIIK82D,1614
1cHFz6lrt7KAsBV8j2Ny1g,1104
1cJ5tVoeAEFcZBAwSZ0CtF,699
1cjZk1xXn3YCToNg3uJpA7,3636
1CMml5seBEaxQzlmaGxMPx,1184
1CmWVjnzTRTqZqdVIlZSSY,2242
1co4F2pPNH8JjTutZkmgSm,10194
1CoZyIx7UvdxT5c8UkMzHd,3005
1Cq0LAHFfvUTBEtMPXUidI,11577
1CqW2UkLsaZvByLwkOaNsH,825
1crlEwxm5dcQjCcgCJEyqg,1089
1cRqb8cQsGX8pgAceSWI7d,592
1cS5EoXVqz7aON00AkVBBA,502
1Cs0zKBU1kc0i8ypK3B9ai,110201
1csBgT42N4pPPs1HJhxXIK,8745
1cSpfa4Un4NCOzeOKgGtG9,1554
1ctkBmvz80MGyi72Ix055S,2850
1Cv4OTcRrMvpUqKQftW88M,1418
1cwOthlzLBwN8Imbq7P71H,1266
1cXi8ALPQCBHZbf0EgP4Ey,5737
1cXVTtkpqSXVhyD32f9MS4,4005
1CYsQCypByMVgnv17qsSbQ,5712
1d5wNTZ8WZYE5WuXXjug9w,1656
1d6dwipPrsFSJVmFTTdFSS,2420
1D0eJV6n9INYqsRVhFoLZI,2061
1DA8SLXtp8MMVpgaOWzMQr,1099
1daweWn875YnCp0S9O3pDv,998
1Db5GsIoVWYktPoD2nnPZZ,1806
1DCRoiKOntBEezKXznDca4,997
1DdAoWvETBUklcJCOISZx1,686
1dfeR4HaWDbWqFHLkxsg1d,117743
1DFr97A9HnbV3SKTJFu62M,4885
1dgdvbogmctybPrGEcnYf6,3541
1DgmdsnwOexqTH8ohPCFAU,1405
1dID9zgn0OV0Y8ud7Mh2tS,28864
1dIdBZaaHRW2bDTkHNfWln,4267
1dIjbaW9JTTQQ7ufrQnGsq,2727
1DIr8qPcgJS50FFNfC3nnp,791
1DJVvIcjKhdedkuGRzW7PG,693
1DLBs2535MM32RYqirYYY4,998
1DLKitfb8fshL0DtCecRpY,923
1DLsogyGi0pwPtwV78D8uZ,727
1dLWg6m8RRhizsdqJbhyj3,7018
1DpIDwg8FGD50N9Tfunfsf,1886
1dPl8axUL09mso0myZqPZW,13118
1dqGS5sT6PE2wEvP1gROZC,6481
1dSRKlg9rzvs63rhT8Sbpp,2000
1DTZRmlVZBxx2wRQBtx6yi,4179
1Dvfqq39HxvCJ3GvfeIFuT,2057
1DvtabXAjfrMihPP6JQdHs,4501
1dVygo6tRFXC8CSWURQJq2,548
1dWEYMPtNmvSVaDNLgB6NV,23330
1DXylZlWbVvlckNqwvjTEt,1357
1dyGPAYZZHHW6WIqwKN5QF,1305
1DyywGnuzXGEzlZMXBcc0j,2576
1dZdd4uleOGer6HoYZq62D,588
1e0sDZbI3OiMwpIus8TjZJ,1047
1E2AEtxaFaJtH0lO7kgNKw,9777
1E4r4z7ivGUcSAnCbINJ9v,8199
1eAJ2GrxUU5nJYEqaxQWvW,830
1eAsLHhN9eQnxU446lhCkR,1814
1EbGAjTV50qpZ53jXTvmV7,840
1eBGyqw9kLsidL0q2dimWF,5907
1ecdmsD235x2zHCKfdL3cF,758
1eClJfHLoDI4rZe5HxzBFv,7629
1eE9EMjfAxDNT22LXc4Xpt,880
1EE8fj8itdenD88iAylcYh,553
1EeArivTpzLNCqubV95255,6042
1eEfMU2AhEo7XnKgL7c304,11334
1EevBGfUh3RSQSGpluxgBm,1132
1efrXlPhLKv7PvgUxVcqIS,827
1EgGVV9cmmlLEsFlunjmvv,1318
1EhnxoXhj5r5DJ6lIWrAQe,1719
1EI0NtLHoh9KBziYCeN1vM,590
1Eie0tY91rpi7Y0jtIOXzI,2307
1eIoJGCu3rShrRm2wfOhN8,2553
1EJWNhiYbOyeUHbsS7Kp1P,1687
1EJzWKVDeysgbyuZGfEFde,1856
1ElioVXkBXbxZHPg1J4amN,520
1elUiq4X7pxej6FRlrEzjM,1317
1eNkUXHPaXyuyC8NAgzykK,8440
1Enp9WKfk0aI9CFi2YGBq7,509
1eoSl7fjjXDMwwEax9Iaii,587
1EowJ1WwkMzkCkRomFhui7,627
1EpyA68dKpjf7jXmQL88Hy,4938
1ET1wIkDmuCBC80XcTr3Sg,865
1EVWYRr2obCRDoSoD6KSuM,2318
1EwStlJbpwWP3NBYmNzRPP,1224
1ewyVtTZBqFYWIcepopRhp,2401
1EXjXQpDx2pROygh8zvHs4,1270
1eYhYunlNJlDoQhtYBvPsi,16015
1eZ4td9oadjw7GkW0LzxNK,2359
1f2e3RQf7LHOum8NU61q0R,3390
1f3NYrlm9GpXxMz8XZGEP5,550
1f4it0Ej0T3TiSpYldK8qS,1084
1f5GqyOPo0CkotzzRwviBu,10886
1f5Qv25dd6ldcXS9aKqDTi,559
1f6CQnTy4FKDgLGzp6G2Wd,579
1F1IdqOCO4A9kBrQihBaOI,903
1F102kNzMqsmOpF7AfFmm5,586
1fa0cOhromAZdq2xRA4vv8,1851
1fBCIkoPOPCDLUxGuWNvyo,13150
1FbsmLXvj5CccZj6JLk46Z,1112
1FbygZnWsyUjzjTGLhWVlO,1174
1FcB6xMihhP9Hb6AdGVbWe,1254
1FClsNYBUoNFtGgzeG74dW,4961
1FcRUsTmnEQfVCH5OIKSpb,2276
1fctva4kpRbg2k3v7kwRuS,1098
1fd3fmwlhrDl2U5wbbPQYN,1363
1FDE7zZ6jmP8HHb9ej3mek,620
1FdwVX3yL8ITuRnTZxetsA,511
1FE0rls8gfQT3laAeRYNgl,2902
1feoGrmmD8QmNqtK2Gdwy8,3161
1FF7wG3PnqUXBsLBIY3fVt,876
1Ffb6ejR6Fe5IamqA5oRUF,26556
1fFdRZK1GDGXL7vRxxUWLH,1453
1fg65Qx6tRt0aXBfz5I4w5,2675
1FGH4Bh7g9W6V4fUcKZWp5,2016
1FgsVeOhRYuSw2ghkIXV0A,3171
1FhamVtJlNqaekPnwxQpbk,1262
1FHDMgGdmIP4IsoFkAwbS0,834
1FizW0swe8ODtXvEOHXbHX,3114
1Fj0R2t4HaJa3oUe8azB8R,578
1FlpoZvmdqEMfKIzgMmSJX,2365
1fMdO9vLUd6wW4jbMeNiup,1595
1FmnkGJ5KDt1eCHJQVyAbk,739
1fnDlUNi67FQtHHqBl4Yfg,1968
1fQ46lgoUCz8FVXdTVNk0a,2417
1FQJqgKQDNLWfeLBQoQLmD,1903
1FqqOl9itIUpXr4jZPIVoT,9779
1FQXio7XougvCvKLIu0CCk,3142
1Fr6agZ6iSM5Ynn2k4C8sc,7809
1fUMEn4Yk7ZUloozE0fRLL,1343
1FvjvACFvko2Z91IvDljrx,6945
1fvz0vd4P0LNMkAysF1ivk,1428
1FWybrAwiSa0zKibdLfZZr,4779
1FX4aA0cUcWndv39j1YoTm,537
1FxYY8HBGCpiOU4kmFT3gW,677
1fYVmAFB7sC7eDoF3mJXla,627
1fZpYWNWdL5Z3wrDtISFUH,11000
1fZXjUQEkVbB0TvZX4qFR8,2346
1g0fXhQMHAxlRyIBkCbuE7,7393
1g1yxsNVPhMUl9GrMjEb2o,28202
1g7SzzSf5mKMo5aiS2C4z5,662
1g8uGVofjr2ApBrI8OZhJf,662
1G9G7WwrXka3Z1r7aIDjI7,76780
1ga7brI8A79cvYFtwusjSx,1315
1GaBsp1ICIp1e6udgE7fba,4387
1GAJzApRTMmYZ9EjQ91VOy,2512
1GAS0rb4L8VTPvizAx2O9J,17003
1GbrJTB56Xs4XQGlmVbaCf,3138
1GDbiv3spRmZ1XdM1jQbT7,549
1GhPHrq36VKCY3ucVaZCfo,4333
1GiGmnJBIwKiXV8AbjuJ9P,621
1GImnM7WYVp95431ypofy9,4070
1GjWNGbMtHDQ7CNYf2d7cw,11182
1gkcZQArk5rV8uBwG8y5FX,3031
1gkSl4XpHIHI4I1WQbfXOE,1499
1GKYNY4rIPnOuTfC0J1IWw,4964
1gl0S9pS0Zw0qfa14rDD3D,1112
1gLcjMrQA0camEmid1nBHO,549
1GlMjIezcLwV3OFlX0uXOv,11427
1glS4fPaSC5EgMTnOsiXif,524
1GLtl8uqKmnyCWxHmw9tL4,30069
1gmKCymY1bESfw6oF1V6gk,516
1gnxlAhv4TnE1Kbvcbv8QI,658
1GO9LmsSPXbqZjWkfViwIl,763
1Goe2NezNnym45kco2xTk6,1539
1goOx6gnQdUllLfSMsL4Rt,2316
1gPhS1zisyXr5dHTYZyiMe,96268
1GQx6SUIHxDC1mRIFIpslD,1497
1gR0gsQYfi6joyO1dlp76N,8184
1grI9x4Uzos1Asx8JmRW6T,1103
1gRNBaI4yn6wCCTvRhGWh8,14268
1gUch6pcj8OKOw6kKlWAPE,889
1gUi2utSbJLNPddYENJAp4,1557
1GUYk7GLP4tALtorFH1OWG,3683
1GVgZYVXollElCpn7FCHaV,693
1gW6pz5n1aK249L0GvfQCC,519
1gwTohHbTpE3qdPyDvnOEu,3012
1GwxXgEc6oxCKQ5wykWXFs,597
1GxkXlMwML1oSg5eLPiAz3,102627
1h6Cn3P4NGzXbaXidqURXs,23279
1h8YIw9HLr6E8gdXVDRbVJ,871
1Ha0Fz4i0d4gu5fZbhBCtH,3431
1HBjj22wzbscIZ9sEb5dyf,30592
1HcAkAeL4xf02wzAnl7mIV,1691
1hcdI2N1023RvSwLzTtdsp,3279
1HCdPZB0ypEcpDo4T55sMi,1221
1hCkSJcXREhrodeIHQdav8,9264
1HFukfooHlG0Z5nvBCpLNL,866
1hFXEoLCso0TI0QvWJdukg,3522
1HhSYZFNNPTTZuOlSfZUJP,867
1HJHwWck1EY096ea2iPAHO,712
1hjVmBR8STjix0vBUe5YfN,825
1hMa6SwU2t8eUEETAAbk9z,986
1hNaHKp2Za5YdOAG0WnRbc,621
1HO6dUh3pea34OKnmsmjQx,992
1HOeqtP7tHkKNJNLzQ2tnr,1278
1HQGhla3VNj1dBmKTtVT2t,5619
1Hsdzj7Dlq2I7tHP7501T4,31953
1HvcqyRLS9nF8hAbTWOqpr,511
1hVGwYOmDTYPGeymjvTmeq,716
1HVwzNriKEjaeE06okqSpx,2246
1HwM5zlC5qNWhJtM00yXzG,32908
1HxJeLhIuegM3KgvPn8sTa,40684
1hXjTjJzZTXDZ75AclOo6N,2061
1HxXNvsraqrsgfmju1yKk8,8168
1HY2Jd0NmPuamShAr6KMms,86657
1HYNk3B7EsRPIqAOACgjK1,1261
1hzfo8twXdOegF3xireCYs,45838
1HzpwUIkmmlGCNuoOcXiIW,1354
1i4xi4ramy5BPYr2Bhf6sc,1323
1i5HhzrkpHFFDpsUYdz2Fs,839
1i8SpTcr7yvPOmcqrbnVXY,17491
1i77wAtvXHMBilmmOmBY9s,526
1I5eQkzyM8jCVZIM3k2bKL,504
1I7iiuI5AMSMCwKp8dOCXY,1085
1I7oHjCjMrMUz66v67yJJu,846
1I9HNoVK6kOQGVZfulXVnm,1475
1ic0FHNGIjXZAWH6O6Reif,521
1IE0fUe8avNg1W1hoTonAD,558
1IELhvOMg5VQlU7syRm6CS,12202
1ifC4znYCvmMSJ0rght5JS,2684
1iH2Yx2Ea0kZ0zKI3Nlk30,2387
1ihU4zSTmY0qQXhx8jEXWT,668
1ii6e2pv8VIRwnTER71rMl,609
1iIxNEvPPmdFIIP0tdpw6G,2433
1ikg4sypcURm8Vy5GP68xb,2383
1ikID9RZZMvkuBGDWrqajq,2010
1Il6lzHpFKUD52wcCmDI24,1715
1iLuTmIgxCEiEllDSWkeIy,1495
1INuLZXjjVbcJRyWvD1iSq,9906
1inWec2E2UgfzMAhwjgTXe,3586
1IO0GVa1xjkFMXsg66FiE9,1096
1IpSmgcN9F3KNa7j9JtAE4,1967
1IQ2e1buppatiN1bxUVkrk,5348
1IQuA3YDUhUozBo7r30v1n,501
1iqXhsjGeWi2Gje5q0mFYb,3935
1IrKUHz5tIrGTFXcjmj46x,1540
1irvKnrTIl4uhTw44brINj,643
1iTlOqIrZy8DlvCPJY2sjS,2475
1iu7Ih3gUvdtJARXkktQxO,987
1IueXOQyABrMOprrzwQJWN,12857
1iuJNmtyZVJxHVrnosRipw,688
1IxQVSOg5GFGdGfL7zjpau,751
1IYSbgNotSayG9ypffJi11,592
1J2VVASYAamtQ3Bt8wGgA6,18826
1J3nCyJ2KtGhh9JuywOrVD,1188
1J6xqDysFw6YiQ0vMvIKds,2433
1J9Z9bhqkgyqseEi85cbyx,6054
1JbemQ1fPt2YmSLjAFhPBv,4857
1JdeDdujDbS6ZeSlkXqx3a,648
1jeYbk5eqo6wgsQPjLeU5w,979
1JfkqBTXs6VC3JZ7RJNu7h,1366
1jH3GuQCPI87UrS0hcScHr,1897
1jhdZdzOd4TJLAHqQdkUND,2375
1JhiIIXT9DWqEU3BYFZwGA,1688
1jjpkAHC8bd9fRFfgKyYLP,4397
1jl7jCbWw8fQApXAgP7vQN,571
1Jl8u1U1GtBlwocZK5LWZv,3002
1JmAXAbenjeUV9rTxyI9ZZ,684
1jNnM5dm7dzt16IocWCvJc,3566
1joFZGTRER78nUsWtgHCHR,1432
1JOQXgYdQV2yfrhewqx96o,1779
1JpHKf8Ztyd8HXU8p6m9cc,1146
1JPy5PsJtkhftfdr6saN2i,22174
1JQYskbOoudT9cylam24a3,1006
1jSaZgaKHmgc7VTgML528r,1477
1jSjfSgDjedJdi5MoyRu78,1446
1JV4iC1UhplRE8RFr8Q9n9,559
1JV42BPeocUJ0EyQh8ug6V,707
1JvKSExhqV480k3qFUJwLm,745
1Jy0lTKAQDnTklKzF0g2o7,2086
1JY6Dve5sex0urYQnbshM9,704
1k8VBufn1nBs8LN9n4snc8,552
1k78cRCnTM3T7EhvhVeaKX,891
1KA3WXYMPLxomNuoE22LYd,536
1kB7GlXzdNWl28zLcOkQqU,2169
1kCC5slv2AdQ6MxcKP2fEQ,1099
1KCC851hwexU7srIERu82u,806
1KCSPY1glIKqW2TotWuXOR,60220
1kDGbuxWknIKx4FlgWxiSp,5124
1KeJhR0ENFviw187pD4LPT,1139
1KEUVZo7CMTSJoM8doulOT,987
1kgxTtyF91VaqLD3J6Krd5,2184
1kH04wI2CKDdnVarLhOQy7,1174
1kjO72M26jZkv0aaGxJaov,2524
1kkyfIopIiVvaPHHlbsfac,506
1KlUwB6uFECMC3zzvFvykx,582
1km0aro5NJuoX5dE0Mub5C,646
1km0R7wy712AzLkA1WjKET,1524
1kM5rgJvkiDMOoKX56H6pX,2346
1KMdIxzX1BddGfY2H8aGvn,810
1KNNZV9twnpQBqyUoGvWA6,1691
1kNQXvepPjaPgUfeDAF2h6,4998
1kObei2IODphSwCsUHFQdo,1248
1KP6TWI40m7p3QBTU6u2xo,43883
1KpCi9BOfviCVhmpI4G2sY,4662
1Kq3QgOwTlgBo76HDA4TMH,633
1KsASRNugxU85T0u6zSg32,2804
1KtOqfwCbclwg7bgvsUJ5U,514
1kwGj7uDO5WXVXtQLvGJr0,5945
1KYszkVzlhV3rAqmAcYIgd,11800
1l0mKo96Jh9HVYONcRl3Yp,4187
1l2ekx5skC4gJH8djERwh1,7792
1l2oLiukA9i5jEtIyNWIEP,994
1l7P8zlCKFbvOtUYYoJtoV,3963
1l7ZsJRRS8wlW3WfJfPfNS,40753
1l8Fu6IkuTP0U5QetQJ5Xt,68714
1l9d7B8W0IHy3LqWsxP2SH,23130
1L0y9srZMyh9XUnYGv37IP,1085
1L3hqVCHSL1Ajy3m0z1bAT,1246
1L4nOFaQKejFy75REi9BKh,796
1L9i6qZYIGQedgM9QLSyzb,12316
1laNwx3Sgr12cbdw3UTROn,1487
1LB8qB5BPb3MHQrfkvifXU,9610
1lc8mnyGrCLtPhCoWjRxjM,14062
1LcLsIWOl1Z8vo1wl6bxg2,651
1LCPvGsQVJUQE8oyIRihHh,595
1LeVJ5GPeYDOVUjxx1y7Rp,9792
1lEXbUjKjHQ7uc9jFfEViJ,852
1LFKKuzn302wp15dYH28id,1615
1LfnIuggAY5qQdS4sP1K86,1280
1LftWcqpFbqz81DS27TByR,876
1lhtpwswW0liqyOU52EP0E,2024
1Li0eIWeMeWcOOWpImcG9H,1501
1LixgO7iYYxlco9KysaeeF,1053
1LkLu8Wywk1qLvWUYAQiZR,809
1LKo6ZA3RNvKtLa6zDu32S,3189
1LKPL2O3vA3ozNsmshDg3o,1406
1llFhhYvVi6kC2bfKoPw2k,898
1lMaDSraU3oiNUsVWJLHdF,3580
1LmsXfZSt1nutb8OCvt00G,563
1LOB7jTeEV14pHai6EXSzF,29160
1lOQRP0UJWmpoDWBa8PB0B,1334
1LOUhKsq65kzRCfV00GUcB,899
1LPgqTHt7RmHwYtS9KQTMY,1152
1lPoUtXvNsSiVYGpmOjv4v,690
1lQO7ePBTp5yOfVK9hicoJ,2082
1lqW59DUEKqvcHc8mVWBtH,2788
1lrjRRYpYP8kVTlHLShjJM,511
1LrWZc2qPhRCHyr6XtpBxq,4663
1ltvR0EnKd5qhBbdWEe87Q,1388
1Lvrnoz3ZKzzrBuZ446e6P,590
1lvVzEkQ4u72rrZ7bNUkcD,641
1lYT0A0LV5DUfxr6doRP3d,1853
1LyTmnoxLipUwTEHWSRziG,762
1LZEQNv7sE11VDY3SdxQeN,25190
1lZvg4fNAqHoj6I9N8naBM,5900
1m8lFDTBhbsYPvaN553kbP,544
1m24736Bdew1oQVxTePOCo,1482
1M3BVQ36cqPQix8lQNCh4K,4115
1M9AXZkNPdOd1IPEsQsXnT,742
1mB4aweE1XGdjbFVFC8i5m,605
1mBdei7fcRpbUEYHgsQN9H,844
1mbgj8ERPs8lWi7t5cYrdy,1040
1mBydYMVBECdDmMfE2sEUO,703
1mceaxtjWdEmwoDVAlkC41,644
1md9aYaJ6Qt1FHypXICB5V,2969
1me05HW5s7TShHra5nN7uE,2031
1mE58kmfVEfLWj21O5DEHl,516
1mfDfLsMxYcOOZkzBxvSVW,37516
1mFX1QlezK1lNPKQJkhwWb,9607
1mG23iQeR29Ojhq89D5gbh,5069
1mhlGWeiNrWnhJJc2EufYk,993
1MhtYlJvUqfd2EgHSQTGK4,2159
1mHuZMOP8FG5ip4yAb1vrB,10807
1MIe1z4RdqLqHSJsb7EBMm,1508
1MIVXf74SZHmTIp4V4paH4,507
1MLs9allBZrajb5Dc4146L,1559
1MlV4b7HGi4AiZWXholyVu,2446
1MLXQOUzVRfjYAu5xyEntV,2109
1mmehjf7eHA10uHMisZGJg,930
1mNnxxnPfHQDOkFjnZmdkc,1387
1mOUOvOOaoTF2b3kDjrety,3751
1moxjboGR7GNWYIMWsRjgG,59394
1MPcILKoMCJym9KscdYxuM,1487
1mQ9wgWshECdFsDbT7ATzT,832
1mrrvBvbrm28iYaPlJ9mG5,1095
1mSJCvDX0W7Dn7S9C6vmvI,4941
1MspPfENB9nzFGaagXmF7R,1883
1MSxOmIt7uYgvPydd1tU8F,815
1MT1Wz4G9Z9EVOg4L5zZMS,3289
1mU61l2mcjEFraXZLpvVMo,2372
1mux8L6xg2Cmrc7k0wQczl,3473
1MWyFWQ7erF4XjLph84x5J,763
1mX1TWKpNxDSAH16LgDfiR,6215
1mXAhKnZEdF6rotyyd4GBi,801
1Mxqyy3pSjf8kZZL4QVxS0,82547
1MXwwmS2JpmsHZhdMeOL2s,2374
1MYkU0PmvFtLiCOYxdQua7,560
1mYsTxnqsietFxj1OgoGbG,8179
1mZu3rO7qSD09GdDpePHhY,2077
1n0pe6Cx9pCNvXYkX9TTLX,736
1n2LWYgwtGp7EzDapUoniE,3484
1n2pb9Tsfe4SwAjmUac6YT,47612
1n3X60xWCyL1zytSiKeu4D,2482
1n65zfwYIj5kKEtNgxUlWb,2849
1N9n8MSxrr4Emhb566493b,5955
1NAWG3AngjBXyKbmPaz92D,2378
1NCLweIUpq8knzemBwAwoo,967
1nEGjL7aMVdNQzsfQPKdGr,658
1nf0nRF0W4ybnJdda00pKY,2167
1nf5yEVCfMbqm1OCYpntBT,2258
1ng2cH6hJIOSYxQMk6pEux,686
1ng3xz2dyz57Z1WpnzM2G7,1788
1Ng8jGC4dL0gkkuh77pbpX,1909
1nhSLEYdoBHG6cJ8NDwoF1,1867
1NiC1V6xc8OR1ERiIoCvtx,513
1niOQVlqnlW8hFqKSlbx7p,1509
1nIUhcKHnK6iyumRyoV68C,4919
1nivFfWu6oXBFDNyVfFU5x,4117
1nJvji2KIlWSseXRSlNYsC,11409
1nlI6sCz1fw135KYwweoCk,535
1NmZWNk3idvlh1wKjZOvnt,1294
1noWnd8QFQD9VLxWEeo4Zf,1156
1NPkkY0RutjrXakIihpIiS,1260
1nSpOxq3pcgomrfpXudQuq,876
1nSRa2YjjFWJLHGKM07oGQ,1167
1NU9Em6e8dDo36Js6nEo3t,4416
1NUOfvAhA9AvsF1ISMkgHX,3304
1nVIHTQpQ8WroXnbc9TbD5,577
1nWS89L7evreaF9wcCsIyi,803
1nxvNYN15dvkxVjNfvOaEf,1736
1nYvElumwIjMkOczb985bq,952
1nzgtKYFckznkcVMR3Gg4z,1801
1o2NpYGqHiCq7FoiYdyd1x,10936
1o43SzzuLoyOxqThmp7s0g,1232
1O3ZOjqFLEnbpZexcRjocn,6378
1O9rhv6tMHchfb6Qx2yd6O,797
1O10apSOoAPjOu6UhUNmeI,11443
1Oa0bMld0A3u5OTYfMzp5h,2444
1OAjDaKgg00KCUYqDe68un,544
1ObsHTgbvIYOfSHohHuV6n,1088
1OdyhpUABf8avaZ9r8nI1u,797
1oJolWh3meHLWUcyIijst7,1283
1OKOTYGoCE2buxTYMegJp7,3125
1OmdWpAh1pucAuZPzJaxIJ,1070
1on7ZQ2pvgeQF4vmIA09x5,646
1OpHMC7Qo3lY1sVYaTUQrG,588
1oplL2hHYq7CQykvSbd6gy,565
1OqASoosW3wOTZreze7i97,501
1oR9pQhucVTJyi5lH2Y2iT,580
1ORiJUi5AjtGFH0obNFyOo,598
1ououJVWgWsHWMYDLvT7sH,782
1OVaGC0CDZaxjcPxclSNmp,2876
1oVj9JmPUPg4SQ2uerV2xc,1078
1OVyBGCKn7vObVIVPXcmLa,1179
1OwarW4LEHnoep20ixRA0y,2324
1OxJzMLmR9l5zPLap9OxuO,3042
1p0t3JtUTayV2wb1RGN9mO,1180
1P6U1dCeHxPui5pIrGmndZ,5154
1P8IfcNKwrkQP5xJWuhaOC,13002
1P9syEkl41IFowWIJN7ZBY,618
1PAi6SNPtaiFqTRiTfecFr,895
1PAn2z7cLcCoRWdGpUU7Qb,958
1PbBg2aYjWLKRk84zJK15x,19506
1pbHrVayIcVpHI9z97u4bK,6638
1pBuKaLHJlIlqYxQQaflve,2671
1pcufq5QrAZE0kBRQS65DM,549
1pCVxwkdixCeBPTboRZIi2,2349
1PCZpxHJz7WAMF8EEq8bfc,5443
1PDE2MIJ4M6uvFJDrslazf,3233
1Pe5hlKMCTULjosqZ6KanP,4527
1peH5tSqnYm8W6Bo3I5egE,7722
1pf3joSSGlPRxmUoWSsh1W,575
1PFc84GHTYPL0G12JHh9Mc,1086
1PG0X1Vmbvc1Ex5tuF1dRc,1012
1pgDilWYDWLoOgGjf1iHNu,1971
1pgtr4nhBQjp9oCUBPyYWh,12861
1phfTBIocBW3UwqcYjaEN6,551
1PJVVIeS5Wu0wbZDhtC0Ht,2071
1PK9RsfL7i81kMZ4c9wcbR,523
1pmixngtBJleMrGUG5o8DE,3044
1PMiXPKjsgXEDDcfIRNVaq,1067
1PmVyfIR9KtCxbHWuga8E5,634
1PoFNQQDFXvOYm6Dx8coAa,513
1POk07q5vJ4NcdOgkLyPzp,866
1pPmIToKXyGdsCF6LmqLmI,4510
1pQWsZQehhS4wavwh7Fnxd,902
1pqYQmeqnqQU7X3DbuA7So,1935
1Pr9gT0veB2tgcisQeIGoC,1570
1pRaG81GsVtaTBuVSpldt2,4581
1PryMSya1JnSAlcwYawCxp,877
1pTuR132U5b4Rizal2Pr7m,11439
1pVtwG5Up1OZOEpSHJ4AAs,613
1PX8bguYn6ba8NaBOJuu8A,760
1PXHzxRDiLnjqNrRn2Xbsa,1399
1pz6Uk6RETJmyNuxp4TD5m,566
1pzNRIDRT064HEdW1nG59c,501
1q1wfzh2xtpj27TnIAqIvd,628
1q24xIsAD7JZuVkTLR9TJy,872
1Q2mS59tFYLm2KGFoCgWN4,587
1Q9nxD19emMUTTWtFi7jZc,5058
1Q45nhioxaxZTDjR0iaMWp,950
1Q67mZjXzxBuLSgvgFdtuG,514
1QAGLCom3FHTTiuRFsjzOj,751
1QAJqy2dA3ihHBFIHRphZj,4325
1qAuetfG6mhtDgsVIffWQc,1181
1qcU8NabUQ5efQf8UGW6CV,3245
1QdjL34EAib5zndNoqA2ly,507
1qeo0u3hwxCBcYsn3a4kyo,924
1qGohIp3a4kh1Euymx0pyL,1534
1qh1aHXy7LRcb7eyriuJTS,4175
1QhaqxeqF9sipS2gwbEKpu,999
1qKLikeNYpQFSsDAjg7HpI,787
1QkpNJ56SmIN2EaqAXf1m7,1856
1QL7yTHrdahRMpvNtn6rI2,3283
1qLwXsUtyW2Ba2Iotg4gE3,1149
1QM4zJDvUZPB1oX0pGLkjg,1156
1qmmiqE1glIyPbXg5sZ92f,570
1qO2mRQM4zbksO586oM0W7,809
1QOHbhVRpDoNtRkz79si6b,1338
1QOmebWGB6FdFtW7Bo3F0W,1426
1Qp56T7n950O3EGMsSl81D,2120
1qpR5mURxk3d8f6mww6uKT,1661
1QPZhx0asYTBxD5RDqfU49,783
1qqdO7xMptucPDMopsOdkr,6834
1QRj3hoop9Mv5VvHQkwPEp,5754
1qSJaftSab2kTTsj7fLxvM,1146
1qskAseW7apRxJBpYAO9Yk,1516
1qTF7MRkOV8LNFgxejBPD5,647
1QtIfAa6y7w2JhxYJhYeUG,3247
1qto4hHid1P71emI6Fd8xi,22302
1qUjOF5fzrpoNycD36b2jZ,2906
1QVWN3ebl1dVgVbMgQPG8K,661
1qwdTaVUdjYJLLoxtFmsqr,2957
1qwVM2JnEMXbKgvZESGsRn,733
1QxaPWG1POM8Ul6WwsHq4y,558
1qxSVLNqRcdhXPkE6suUlN,808
1qXuwKQR0iK6HBmJO3n0SZ,523
1qxYIVkA7E7eEZ6GQWXtf7,1442
1qyAl8T6GTcaOViaI7fs1j,854
1r1uxoy19fzMxunt3ONAkG,600
1r2kTJ27zuaEoXasQT5NDd,528
1r4hJ1h58CWwUQe3MxPuau,22789
1R4GxRuSVTPSb6oy56SPST,1387
1R6Hx1tJ2VOUyodEpC12xM,10792
1R37Uhcfs4GhbAahp47IRK,608
1R52cwGf75yTf7I3Q0Irf8,555
1R84VlXnFFULOsWWV8IrCQ,2165
1R486Y8DuEKEH01hypvW1B,601
1RaDKTFXuy0qA8YV1h9SwC,541
1rAv1GhTQ2rmG94p9lU3rB,1679
1RbUvxpoXRKRcxVtcQ8YyV,677
1rBxtaN521NYi8Z35G7fUn,1709
1RBzGO6Nm3uyhUSxP7EDWO,3612
1rCIEwPp5OnXW0ornlSsRl,9015
1RCoE2Dq19lePKhPzt9vM5,1623
1ReHC2jB2DGoPbMYhzuFuO,2336
1RgXxY6uzWo9cjYYwwgVGq,1555
1RHbG28m5gaCOeIgaxEgLb,574
1rHh0AI30JhKrbzKIFjFNd,1598
1RHrJnkxOSBbzRPRKDqsf9,846
1riHqX633Kup3mJAw8WR8p,1377
1rJkz5vopfGxTUGFNB3o4G,1361
1RKG6WXRzmTJtbLRZTPU0T,1152
1rKrEdI6GKirxWHxIUPYms,4252
1rL7w1UIwu887SlCVYYMJW,634
1RM5gp0RFfjpJhCYFPB30p,677
1RP2UpEaRzkF0Id3JigqD8,2916
1rpHb27OjM9LHmYm2zjnk5,613
1rSGNXhhYuWoq9BEz5DZGO,4294
1RsmXc1ZqW3WBs9iwxiSwk,727
1rw8ZTLnDHd74TWDDukjVi,2678
1rxhmvc4pue9A2fEXnLT97,1846
1rXr1ZnvbRoYBaedIl9v4v,2914
1RyvyyTE3xzB2ZywiAwp0i,249986
1rzpgMqxYjRQo4UmWZimFc,1141
1RzXK6ikrwaOZBCdt9kZSw,1484
1s2pki7lATUaBOL76E3vCV,721
1s3M7xKyIAVVBxDEXJ1dT3,633
1S0uvW1rgvtkNGma9su3fJ,1223
1S0vL284jxZYKtZQ2jsQ2X,1774
1S9WGrK7SZfXXQtHBYzDle,14282
1SaELUYn7deVoQ9kGDGUD9,568
1sahk8ZhHF9FB59DMyDi8D,515
1SAugjIcuwNPKS4urSB7A6,2748
1sBkRIssrMs1AbVkOJbc7a,39992
1SbnQl7KrIVnXhYcQcMjL2,2290
1sBRcMH8DDR8Nsk2RoJmjS,1207
1SCWcYnoEh1978ycTDhZoW,4243
1sDCg3HsujauqPl7Kl8mmx,570
1sdnOXw9epamqw5ERPK8T5,882
1sDVuztNhGcetCLChkleDA,2034
1sdyFmN4bVOcuFDpTVsxBB,631
1sFmYEcBTHjGELXH5vxSi9,1000
1sgVcCMCarG7yWGmkP9wMb,995
1ShZZUjkbXCjhwrb18BA8I,9261
1SImpQO0GbjRgvlwCcCtFo,11757
1SJOL9HJ08YOn92lFcYf8a,976
1Sjs7s2hvAakgayaa0f34j,1892
1sLpCr5xThZkGHLw4H0mNE,916
1SlPJ2l80sMnCHpz1wB8nT,2124
1slZr3FGlh153jH8xW6SNa,715
1soJ22UMyjIw6SYFtoFJwe,876
1sPpJhevOYz54gNgeh2LaV,821
1SQRv42e4PjEYfPhS0Tk9E,16314
1stGNsBocVFM9MfQtySETw,713
1suIIDedjFJRuu8k7b55hZ,1493
1SupJlEpv7RS2tPNRaHViT,36764
1svaANJTE5KrG16fTGDqOs,678
1SvG3y1gYAFOsv9785Xu9T,949
1svnNTGU5TClzw5tKnuvfT,669
1SWGyp2nxNSyQkRX1eqoUp,2600
1sX1MkGoDKuMzzhaALPFyZ,2425
1SX44N5qjWuFcCK8WTO0c6,1090
1sXbwvCQLGZnaH0Jp2HTVc,3354
1sxekzjeHJaqkZbpaaGR9x,643
1sylmUjlKYsLA49YtkNHW3,735
1SZMaiNHfdUuU0qZKZ6y62,18476
1t0af5EH36iQVJ06XnLDOt,526
1t7EOTt2tHw9qgJOmhByDw,743
1t7t8q4zoYHp22JLIx3FM7,515
1t20wYnTiAT0Bs7H1hv9Wt,12358
1T0wRBO0CK0vK8ouUMqEl5,4056
1T2WeXEi0XlZiPpjjDAY0L,606
1T7zBkQCOCacKjbnmFX7cp,648
1T8S48bD91THNKBByWBDyn,4506
1T81IFRFywCJW0SNWMv3T1,3582
1taeI8pm5kXswB7L4603Tz,957
1tBU8jUEdVR3mqSsAqEGfD,1777
1tcgfoMTT1szjUeaikxRjA,1531
1TCSet7pGZCDkcXCOzH359,1874
1tfXh4XxILEuMU2qZupFn8,684
1tho5dJnzdYD57EQkM3SmK,1457
1ThoqLcyIYvZn7iWbj8fsj,22412
1Tie3AZgLQZqYEp8Fv4zOZ,1365
1TJbmc7jTpw78GKCiMpvDh,7388
1TJbTrmSzYaqeyuNa0GNca,1289
1tjsxXugls5CwUxSlsDgKB,894
1TlTz1l8LzQ7AiXjBO77Ep,1094
1TMMyiSsNzmRiZCAkVLVb2,920
1TMrnxBwZfmfRxsGzkNIHw,16172
1ToMIJExb7R5Klsff81NsK,642
1Tp7C6LzxZe9Mix6rn4zbI,912
1tpXaFf2F55E7kVJON4j4G,2712
1tqhsYv8yBBdwANFNzHtcr,32721
1TqQi97nqeiuOJrIFv5Sw0,11199
1tqZaCwM57UFKjWoYwMLrw,5157
1tRBmMtER4fGrzrt8O9VpS,742
1TRVqozKc5Qk1cjwRdWBSl,2051
1TRZYAlP0bNz0dZCbWAjsI,585
1Tsag5J854qxeOo2apszug,5923
1TsG4AumsMt1Tcq2nHpov9,542
1TtJ8j22Roc24e2Jx3OcU4,19910
1tUALn7PEhW7LpMuxvat2x,1004
1tULQRiY641qjQerNaGKFT,520
1TUXttKjP2lfz1WzSqlrcM,557
1tX4Yf64m81Ju9THQiXAzn,2101
1Tzbi2wUUDgttZfg5u6Gqu,651
1TZXFnFYNzRTDrNFoH8YC0,2763
1u7kkVrr14iBvrpYnZILJR,2340
1u7OVFmWah4wQhOPIbUb8U,1755
1U0FaHAc4fcwQcYEJFgkm9,3459
1U0sIzpRtDkvu1hXXzxh60,2359
1U1el3k54VvEUzo3ybLPlM,5783
1U4I4Tbzxb2YPQhSh2UWpm,681
1U5zgr455OGyIkLNXvDdrf,4481
1ub3lqo59E7SLBd9hA745G,977
1UdQqCUR7RwB9YYJONwbdM,9721
1udruffum7CorOphFUMB9A,653
1Uff91EOsvd99rtAupatMP,5742
1UfzhwcOR4yfX7yHTPfC9m,6690
1uiEZYehlNivdK3iQyAbye,6478
1UIyeerJfax0N2SdtnIGV7,566
1UjTUqWfGkof4L5HO5NmzP,787
1UjxAZqzphB1tsMb1aWBj0,2477
1Ulwacsns9Me7dz4OVwkiQ,605
1uNFoZAHBGtllmzznpCI3s,243119
1UQ5GQDdYPKgbIEn9sMiSg,762
1UQRtt7eHW6Bt4INNTUtb3,2000
1uquUYtkdKei0zuhBY9P0t,2180
1UqvcbBmsHw8rjIZe1WiZl,519
1uQWmt1OhuHGRKmZ2ZcL6p,11807
1uQXG73H5lbcxVXcCHSjZ5,1583
1uR7zoLrSRI8bSL43OZ0GY,624
1urjDGTd4iBze91Z1W1gu7,2468
1URnnhqYAYcrqrcwql10ft,103076
1US3cA3tVZ50O7n4xE1o0K,702
1UtBjqMZBAmqIPlDrKu7Tr,1698
1UTPBmNbXNTittyMJrNkvw,90945
1UtzKaSQyctQO8GN8EyzOn,1478
1UUYAQ9LiRsZF0ZukQNWXM,1128
1UxNUybRFdtksz3l5HtCEG,1552
1UzKSuyOqKgUupcNNEtnF1,632
1v3tdpIdBSW14rHUfiEVOv,4593
1V3VTM7VspiQjcmRhC010n,3404
1V5Hq88OkI5tpsh1EKxStp,513
1V6rvT87qMQvo6HAixjlpY,2514
1vaOLxWPpsv5LVsSHBy9tF,679
1vaQ6v3pOFxAIrFoPrAcom,1129
1vb1XqzyNMQ16BqbxRz5BV,2127
1Vb1cXNxIUyb3Geb9cvSvL,2017
1VBflYyxBhnDc9uVib98rw,21625
1VbWUxZTRNY2gw3qZ1tg9W,1355
1VCtMJoDuOXAqX0rVG8xCe,948
1vCWHaC5f2uS3yhpwWbIA6,91257
1VEzN9lxvG6KPR3QQGsebR,1480
1vfezMIyCr4XUdYRaKIKi3,11344
1VfUR2Su5Ags5Im3mZGnPo,3837
1VgjAK52kjkQJQQRhTn02t,984
1vgjN6nIPNKiiQGE9PtzTT,2370
1VGRi6hlsYcOhKut02Tqkt,2597
1VJspRsoC6c0bvqhnSiFCs,2814
1vkJFCwstOoJO7yQ4lTtLK,557
1vlR56ECqMAOA2mUTcTgPV,774
1vo8zHmO1KzkuU9Xxh6J7W,1828
1VPmR4DJC1PlOtd0IADAO0,13662
1VrpL9mx2a6WRolLh7mHrE,514
1vSN1fsvrzpbttOYGsliDr,26635
1Vvvx45Apu6dQqwuZQxtgW,11278
1Vx5fzRUd7A1j40B8E3Yqo,1416
1VXCIEol192OgSF9VzowGV,1033
1Vxf1UfzcxqzqItoOA0DDT,2725
1vyhD5VmyZ7KMfW5gqLgo5,53812
1VyVjE6tvQiM8T8a3WcYQd,800
1w0QYx2G0ywsCClH84FcAv,1538
1w2Fy8mrItCpJCqaPQsdIz,511
1w5Kfo2jwwIPruYS2UWh56,40026
1w9xONedSs7QY93KlJXK6b,582
1W2FTsCUlviVRhHNjZwWiN,1760
1W3FSF1BLpY3hlVIgvenLz,12484
1W4itxt3vwhmrgLEBuVHJ6,837
1W8TbFzNS15VwsempfY12H,2112
1W9qOBYRTfP7HcizWN43G1,3447
1W42coQfIlt6btgqpfJWYQ,6626
1WCGM94WQwqQnisq2QEOHl,706
1WFsBUAgQmrGQQEUyFKS60,715
1WG9NtOsSbrUogii5E20LT,1084
1WG121vXDXZDj5Bgkg0FLU,657
1WgXqy2Dd70QQOU7Ay074N,5569
1wgY8huggK60P5nvYrwcYT,9434
1whjlG0NSaQytgDIWz10GS,2819
1WHoAjAWGx5qLsgzpaOk7W,912
1wiBLzTI7z9RUwEpNPdFT6,5790
1WjBIvYAnZTkTh5UiZNwlR,606
1wJNeTGqvB8WVYak3HC3pk,540
1WMefLQmpHuCUcDfMcavIo,644
1wmiQ6ytATiGnJs6uFluKO,814
1wnrdpW8B0rNCtX5uOSIVL,1482
1WPcVNert9hn7mHsPKDn7j,3273
1wqW0IQWC7V7jktcjVHID6,624
1WRM9i067hd2ujxxi8FI3m,13303
1wRPtKGflJrBx9BmLsSwlU,3355
1WrqUPWlHN5FXCRcQgrkas,6531
1wTKlkGklPb1JMTVUIwAoj,544
1wUcqswHv80fp5nMF2hVwM,502
1wUmdemiR9Dxw8A2el365A,596
1wvlC6NwleHt1iRD6d5X2C,1815
1WvvwcQx0tj6NdDhZZ2zZz,10030
1WvziZcLLYLoMMdmQx7qcN,1097
1WwQf298ZQr1yX8L4wjXpy,750
1WyRyvMebkJsQabpFlV2fZ,500
1wzBqAvtFexgKHjt7i3ena,604
1wZtkThiXbVNtj6hee6dz9,20782
1wzTTPq7lGlsjz3Xxkuz9M,561
1x1NsoNPyVy6FlgSLSovSk,832
1X6dfPmF8f5C5EW3WIGfvm,1089
1X88xrhEvsoUjJ6EUHwiWF,520
1xcMOgFUM1IYZE22YjCvsL,2455
1xD85sp0kecIVuMwUHShxs,3351
1XE70WwxhnrXNAJYQQ9ygx,4788
1xeZcY93inQY14LWwnxd5G,785
1Xfmvd48oOhEWkscWyEbh9,11790
1xFn1xod58AGaSZjrxdiXA,670
1xgA0hENxpykh3AxlMBjlT,1178
1xgFexIwrf2QjbU0buCNnp,2169
1XgFuvRd7r5g0h844A5ZUQ,803
1xhBl0B2ayeRAOh9uZS2da,818
1XhhO2dTs2fKyhILj0aam6,3012
1xHQO9GJIW9OXHxGBISYc5,24680
1xJ6l1VXgGuyZ0uhu27caF,544
1Xjo0MmVXZVCNpUSLPCogR,838
1XkoF8ryArs86LZvFOkbyr,21843
1xKrH6GSh9CJh8nYwbqW7B,981
1xkxEEm60IyknT2Eh469mX,1408
1XLjkBxFokuDTlHt0mQkRe,2496
1xLMexpeeTKQ20SwGMaGSK,6267
1XmE9z8PzyHRK5Aw71h2zx,882
1xMXwKQhYLclPctEzpm4nr,2430
1xNmvlEiICkRlRGqlNFZ43,2064
1XNVFs9EIrPqDsmARzDKR7,1983
1XnyRY1hSHsZxiIEX8Nzl5,934
1XpDYCrUJnvCo9Ez6yeMWh,4137
1Xq1gv1FyECCWgSyTP0dN3,556
1Xq5wasmlEwC6TqCqJtP5o,580
1Xqfa9sfJ094hHdEVS1C6t,1702
1xqkT06p85DIZeqrlVGVWv,543
1xs6WFotNQSXweo0GXrS0O,1502
1XSKLwRyT1GttGP7fqr5o5,2133
1xSSjJrKTO2ZNPU81uLtmI,987
1xT5p0VBpnZDrvVSjX9sri,6902
1XTGADISSMRf8B4TcVGYUC,731
1xU1V8I8pFrMOjtuSmjPBs,1704
1xU878Z1QtBldR7ru9owdU,39230
1xUhNgw4eJDZfvumIpcz1B,1205
1xVcjJ5YsYOClO2Unt3Rm8,594
1xVWSPiw5B0OduIC0DSu3V,4160
1xVYxkSq6IWhFpSW1OMe41,882
1xy9x7h2jKEg8iG22Sml32,5312
1XyjBsbZBunXsYDTkaYtk9,2199
1Xylc3o4UrD53lo9CvFvVg,43587
1Xyo4u8uXC1ZmMpatF05PJ,316603
1y07gMlsfAdz2KOvZzyUTB,964
1y9a1IcgzjFM6hf0DZpBCD,618
1y20PpXw0yeuJ1avCD0Ob9,2206
1Y8cdNmUJH7yBTd9yOvr5i,53250
1yAwtBaoHLEDWAnWR87hBT,38152
1ybAN3utgdoUL1MUCtH4QM,5132
1ybINI1qPiFbwDXamRtwxD,5809
1YczG6BNjM9XAnw64RqnXi,506
1YEGETLT2p8k97LIo3deHL,1593
1YfEcTuGvBQ8xSD1f53UnK,25914
1YhMWppPt9RVODKD1KCs7W,1299
1yhtlCNnRgCNGnsy2K7mHm,531
1YIpZOfyHXMUgUaxxxgbaC,1092
1YK8JdPbiaMSnf4hrlBkGT,11707
1ykothWH0xl8drRyJWuw7I,983
1yLlQimDTRrACa45u50LXW,1329
1YLsqPcFg1rj7VvhfwnDWm,2338
1YlyxjwYNSjBD0NAJGEfWB,503
1Ymky4GOgYA1NI96FCY8yE,2025
1yMYjh77WgOVafRkI50mim,2932
1yNOfXGQNGjAynk77wv85x,2540
1Yox196W7bzVNZI7RBaPnf,6712
1yoZuH2j43vVSWsOwYuQyn,500
1Ypa8o8muvDcgOt1YYtcOC,701
1YPIe9qIMa99O0a0OW47Be,1097
1yQ8S4xdGOGbUcpaPR6hCM,14691
1yqs45BSh7457Flyhmdv7f,926
1yqxFtPHKcGcv6SXZNdyT9,708
1yR65psqiazQpeM79CcGh8,504
1yRxS3CXYM7s6amlkEmozI,1253
1YSA4byX5AL1zoTsSTlB03,11384
1YShAKfjTgzUs8szPqf7SD,789
1YSoHvvSAY0oOJW7VxJx3M,3639
1Yss4ClgrS9sIprNlq5O3l,637
1ySUvbTVNE9pyhdzcDxjg4,659
1YTe4dNIoWX3iHX8H4xVeM,537
1YtTF1pj1ZFufjkP0BEfWE,725
1YuknfkSYTTbolRpwZBOv4,2013
1YuNQvsvOsMBm0ahbxB8qM,981
1YvN5uOGQkHVUUlZUcnotD,619
1YwfENKEZrowcmtR1nALZn,761
1YXg2Chm7UfZAUAkjJEpqK,4242
1yxSLGMDHlW21z4YXirZDS,67177
1yYBD4cVxCxXQXi4QGZfSo,996
1YYxodrdAUSYhO8ueGQtXs,2099
1YzCsTRb22dQkh9lghPIrp,11288
1YZEoYFXx4AxVv13OiOPvZ,6845
1yzePBgnaJhaFDpgt7MpxA,677
1yZwlOVsfrp4wb6d29KkGM,6071
1z2SrszsRmq47kDhBAnyNS,1371
1z4g3DjTBBZKhvAroFlhOM,3536
1z4MOvDCbCQ0ZFqnSkVSUC,971
1z7b1Pr1rSlvWRzsW3HOrS,94336
1z8Z3JjXWNa7xbeXcyFZMt,871
1z26dqCz3PySR4G7HWsn93,739
1Z2KInfSmPOzAIYyiaXeti,7672
1Z3HvW1V35gdsbhY20SMoU,927
1Z8ODXyhEBi3WynYw0Rya6,3302
1Zatb2YN4erBOoSivOXc0o,20747
1ZcfGrGrm9aHnUNVQz3sCY,698
1zeHZCkBteZhJHsRI9qv29,602
1ZFl1BJzJDj3SdxLD4P48Z,884
1zgNpeHQe8GulzfVkYP2VK,1052
1zhIzONVRlTfD1VQRauHMl,6754
1ZikppG9dPedbIgMfnfx8k,1571
1ZilzPhvZhYUCSGczNRlyt,1507
1ZjAT2nTrzDIXFfsQ2hWJk,2604
1zJBFCev9UwOMcrZsLi2od,1151
1zK4ACgLi1lVPpfmmcwOTh,1875
1zKD316iTPlm0I1EUk8x6j,1439
1zKp43H1kLHOTkJAeyTIkf,561
1ZKqrja0WvbSssYNFO3lzs,9300
1ZLO8d7zll1WeQJUHaxQer,1147
1ZMJSCQw8DIefcLb1FIpY0,740
1zmXauHDyzsa0NJ00nbgCS,551
1zng9JZpblpk48IPceRWs8,3547
1ZniFKNln8GCfMNqX5B6n0,579
1zNqDE7qDGCsyzJwohVaoX,6644
1Zp054Jc86WVKCxKEqZGOA,10043
1Zq8pfBl4ejCMrWdeAdphc,1251
1zTAQ6zkGz2L2i6lfR30EX,1190
1ZTdxfZTeztyAgKUJVLxAI,690
1ZTvrnaYhbhz4eAVPZJzLC,799
1zuG3w1Zgeou53fb3Vu3bO,3359
1zuJe6b1roixEKMOtyrEak,5659
1zVGInzEij1qk9ZlMlOC2X,740
1ZVoRDO29AlDXiMkRLMZSK,1920
1zVxAFV8uL5V816dzdHvYQ,690
1ZwdS5xdxEREPySFridCfh,86272
1zXCFUgH6FWS0iCiCKsH55,681
1zxDewzd2j1ZdSBGaYcr0y,11725
1ZY4523hJlHABsolGReIwr,577
1Zz5UxfKSSqc6hpa3xJPCw,11323
1Zz6NBe8UIZjm88TvehFtx,2755
2a0uxJgbvvIRI4GX8pYfcr,738
2a48vLoCcVkOMcCSqXreOF,850
2A2MfAaWoDvGe0jhcZjKaY,845
2aAHdB5HweT3mFcRzm0swc,4225
2aaLAng2L2aWD2FClzwiep,1952
2ABBMkcUeM9hdpimo86mo6,2620
2AbQwU2cuEGfD465wCXlg2,705
2ActkR0xU2ZiDhWYhijydE,2537
2AcUPzkVWo81vumdzeLLRN,6390
2ae6PxICSOZHvjqiCcgon8,739
2Ag3w3cSdRHgzPNi60WABE,615
2AgbDbAVnc4y7oB2QxISmJ,663
2AgMAiv3MvgQMwYrnLBeje,679
2aIPQyKrN3oVev1kHudiai,655
2ajhZ7EA6Dec0kaWiKCApF,1354
2akNRvGNB400IDDUMr1PHW,10249
2AM4ilv6UzW0uMRuqKtDgN,19381
2aMAN8kMJ7eUOAuPUYOwI7,887
2AmfMGi3WZMxqFDHissIAe,517
2AmW5LU0vqfHoN2qvghRFe,1682
2ANtgfhQkKpsW6EYSDqldz,1286
2AoeqcUs8DySgZRJ9yV4Ou,594
2aoFQUeHD1U7pL098lRsDU,3288
2aOoD3zsuYforFcDvUpZoH,585
2AOt5htsbtyaHd5Eq3kl3j,9969
2ApaG60P4r0yhBoDCGD8YG,10094
2AQjGvtT0pFYfxR3neFcvz,17403
2AQVIbXzroJV8VBwKdy7Pc,582
2AR42Ur9PcchQDtEdwkv4L,520
2ARO60gI5do88ho6azmzab,2212
2aS6jYh7ysTL1ZUsHneNgM,4575
2AsusXITU8P25dlRNhcAbG,15333
2Au2mS47rMRkqbU4XJqKMh,600
2auikkNYqigWStoHWK1Grq,677
2auiVi8sUZo17dLy1HwrTU,10258
2AV6XDIs32ofIJhkkDevjm,5580
2AVVj8ezW2mJ0v8u7XydiF,4991
2Ax9wZpdlg4r2zkc3pcI8U,591
2Axfmy8RlEqUHpK81UUOOd,817
2AXNDqT86nQcoDCRrjFPGI,537
2aYJ5LAta2ScCdfLhKgZOY,12034
2ayNSoKPCRAfjp6hQ76hRu,2192
2AZOALDIBORfbzKTuliwdJ,1981
2aZtzjAzD8fq3OhZ9egqda,2876
2b6REyd5UBBp4ZPDhZ2TNB,2817
2B0PgHZi2zaDqjKe86Gaip,986
2B4ZHz4QDWJTXPFPgO5peE,11073
2bA6fzP0lMAQ4kz6CF61w8,49396
2bAEq3Pn4AHfpyffs2s8ai,644
2BaKphge9AdjZIxQqv7WoQ,7449
2BcIBFXVoydowG3UQYYq49,973
2bcrMsFlF632EQ6VZERWFu,3888
2bGK38Qvf603fcckzUYYui,854
2BGRfQgtzikz1pzAD0kaEn,2812
2BHswvFd8tMBizVWGcAMLm,4615
2biH2I1TvZlIIIc5W14oIJ,845
2bimgkRmsxRhhuWsOnd5rz,2166
2BL5VxhQadpc4v2VlZyKY5,6898
2bmixwMZXlkl2sbIbOfviq,1042
2BNCTgGRuxgSkROKwfJ4r2,677
2bNoMMVO2QO6vySQvjn50L,542
2bNtosg6E8tvmN6wYxPCfu,645
2BpAc5eK7Rz5GAwSp9UYXa,10959
2bqcjvd6ETkqubaQnx3OtS,533
2BQVRw9md4UKcGUrDXABCD,7799
2BQWHuvxG4kMYnfghdaCIy,1219
2bstapBmz5M83elQvPnwp6,1025
2bTfKyEM0bSDqmDcZybqzH,745
2bToe6WyGvADJftreuXh2K,1422
2BTZIqw0ntH9MvilQ3ewNY,18214
2buJppisWV2GWWBWgkK074,1074
2BuSNpxpMGJGiAAWJYJT2t,1648
2bvaL0chaHzVdKXjULRLeK,586
2BVYdY4PyfCF9z4NrkhEB2,4805
2BvzbqWWwLN11XGBYgDZzx,2789
2BXH0hNga2gt2RztKKN5F9,622
2bxxlINUlcMQQb39K7IopR,689
2byU53ebtTxcAnIRE814Ts,850
2c0qomdZabcCyqTZ5M9msd,543
2c2ZpptEcSH3DnIjObE5QR,503
2c7W5Wrgn9aGrqtSFrHa1a,501
2C2sVVXanbOpymYBMpsi89,9980
2C6i0I5RiGzDKN9IAF8reh,23131
2C8mKwk3z5DtqLcSwUdYJ9,2382
2C9n4tQgNLhHPhSCmdsQnk,5627
2Ca9nb6MJ3lwyF7dRNJm3M,598
2cADQgiLMjNhbsfeN52Bf3,1091
2cAvReLDmjFQtCJFDJbHBU,2463
2cB6hX2LI14KUTAevpaYn2,1047
2CCqizWr7RQhtABnxW9epA,1352
2cCUtGK9sDU2EoElnk0GNB,19713
2Cd98zHVdZeOCisc6Gi2sB,3218
2cevwbv7ISD92VMNLYLHZA,4128
2cFrymmkijnjDg9SS92EPM,90959
2cGwlqi3k18jFpUyTrsR84,8807
2CgysNw5B7rFNRtRjQbPZ9,1702
2CIMQHirSU0MQqyYHq0eOx,33782
2CimT0aCxKVuJsKPVLG0j5,873
2CJw5Z0VmlBMrS1J1dtG9Z,882
2cJyZ3relxSBT15LIGBjLL,570
2CKaDZ1Yo8YnWega9IeUzB,834
2CLVPk9FcywjClBcTvWPkT,4977
2CmaKO2zEGJ1NWpS1yfVGz,16151
2CnhqfjUG0qzsru0SMuhrk,2570
2cnMpRsOVqtPMfq7YiFE6K,37659
2cNV8vNe2fPFf6OfGOBbSS,3154
2Co0mXhhgm8bAISHfj1fje,938
2COi3lJPZHP2CjJBfofGwh,1008
2CpLIMBoE2ZzyY3ZBCRZ7j,1655
2CQAfzpwwaMxj3YNlb4Gbj,913
2cskX7NGnrWMjA4PRSxVPL,678
2cUnvdrMWIMACo3fSxCrWW,950
2CuzDPkRD6BJBvdWqCrt2I,1144
2CvCyf1gEVhI0mX6aFXmVI,23693
2CXaub1yYrSk6ruDtOx6LZ,898
2cy1zPcrFcXAJTP0APWewL,9063
2Cy7KBSkqu7otJfuMTWT7Y,1108
2cyaobEho8uxhqLxwG7j6i,872
2cyyGl4qnHZL0o16t0fpJl,2029
2czQ8vG4i3wBWxfsAt4yqw,1619
2d0hyoQ5ynDBnkvAbJKORj,23324
2d3VHzlOEwXvmBdS4pzOPL,5073
2d5lQo9YQ1DkAsBKTRp7Iu,641
2d6JU9LvNhZR7AAtu4x2rS,696
2d6W4cnC5XsVOaxtgaj9hA,809
2d8NsBa8O4C6bgQatFP5V4,706
2d59Uv1mu7Cc8EKdgeVGWQ,682
2D2qwEatKbBSKhBCfP6lyn,556
2D4FOOOtWycb3Aw9nY5n3c,4531
2D7RkvtKKb6E5UmbjQM1Jd,1325
2da7ehIX9lFyIDqmjqVZvS,1114
2Da6v0shOpKrOG07ZxonXo,5089
2DaxqgrOhkeH0fpeiQq2f4,31662
2dB3VxAmEw5Dqewiha1oO1,934
2dBj3prW7gP9bCCOIQeDUf,1619
2DcAdoxP41GECOfZt2MhQL,687
2DctCFD8X80VeY7WLC86PS,2073
2dd5mrQZvg6SmahdgVKDzh,5761
2ddxtfC0oS8LoktXUHE7YL,3703
2DEBmoSoKievI35XVv4kcF,1006
2dEZtPJFspWetycGtouit2,1811
2dfxY7YDuYCUtWFzWTS6IR,1853
2dgfCEMSVETFp29mRpiFpz,698
2dI9IuajQnLR5dLxHjTTqU,2324
2dJTa3mUidZAO9sKcY72tK,1033
2DlGxzQSjYe5N6G9nkYghR,34713
2DMYrndKZ3twgaT3wwuS5w,567
2DmYtFBKcxb3ajwWWgA576,1653
2dn0CGCWvtrwZ66bOeLNb2,1709
2DnqqkzzDKm3vAoyHtn8So,13552
2dogRElUKV20C2khRHqjRc,522
2DORQjKJVYZMx9uu82UGtT,625
2dOTS74R4yPISc7AVU9QzD,637
2DP9xStkVVv753RBiEHXQB,2549
2drMeidRg4jc07neGOL0Ip,817
2DtidViVelNGRQW2Znq5Mf,774
2dTXdAOGku9IZGu0VRkk4p,666
2dU9NlAClSjQtKoVgUQwdz,1063
2DuJi13MWHjRHrqRUwk8vH,11702
2duo4NJtUrLaI38trK0hht,1067
2dWF6m2ksP9GN75fufFp16,1288
2DWQX92uew7DlsgN0yD775,539
2Dxbev9hZzbiEEwocnObzH,1156
2DxlS3lTLFIq70S7ap5H3y,1216
2dyeCWctcFRt3Pha76ONgb,15721
2DzRMyWgjuMbYvt5BLbpCo,7512
2e4G04F77jxVuDYo44TCSm,559
2e4nwiX8ZCU09LGLOpeqTH,2281
2e53aHBQdCMKWqHDuyJsjC,3801
2e898fil1F5umrc2LBtV93,1181
2E0WuV49YeVlDWrmLf4jKK,893
2E5E5eAP6yDhZ7EHc0Evr7,3492
2E6Nnh7AAOVajEHHRDALav,3355
2E6Roj0oQnJIm2BeXwDica,694
2E19mfEFhCr6UgZUYJGOEW,2082
2E78kTKamtXgdRkK1jrc0f,1016
2eam0iDomRHGBypaDQLwWI,19811
2EExdpjU4SK3xnJHO5paJf,1885
2EfFOe92ZZHE2lpappD8js,588
2EfG2EoT8GFJrMiilbTVl2,1241
2EFkigEczkUGF0PWTBX8IR,818
2efzHZrUGhawnSOTpyAHOQ,1608
2Eg0o1Mok66akOkuOiGdEv,776
2EIZodXJHserIu4pGNfD3Z,552
2EJ5MRZCzpHSSNNEpTx9Kb,13306
2ekjTXgjxbWwBX5lTAj4DU,3007
2elBjNSdBE2Y3f0j1mjrql,4948
2EliUhznUrwHp1yJvhlHQF,749
2EMAnMvWE2eb56ToJVfCWs,94963
2enKa9Yqr6PZy3xGlxQEu7,523
2EO56JK4txid1Pss9GVbOL,4546
2eogQKWWoohI3BSnoG7E2U,6229
2EOIjdzbFGRM87IvJU34JJ,926
2EoJ4ILZNAHjVtZgmWBaID,1275
2epZPZ7pPLAho4JLe9UwFd,1161
2eQMfQXKQGV98HKiCOB7en,521
2eRdPaLHWAL4d1WcNUO9Vz,841
2eRJjYEaWyGZbOBGYFLBoC,5827
2eRNMtoi82UZUuaL6naDjA,2604
2EsmKkHsXK0WMNGOtIhbxr,672
2euIBKUZEHmllqhhY2atI5,595
2Ev0e8GUIX4u7d9etNLTXg,656
2ew9JvyyuOGkhahuwdovDq,501
2ewAU3d4El7WSIxWUJaZJn,615
2EwZTE4cjewxoigHD5Y3UF,563
2exebQUDoIoT0dXA8BcN1P,1375
2exkZbmNqMKnT8LRWuxWgy,2245
2exudSjTjUksRJhnF5JZYn,1876
2eynOGnZLqDuEJwbRHlHN1,677
2f6HJFmIQEIUdJGUAZcTIj,1001
2f9PTWJfMMDTAFZcvHy1Z5,1203
2f9ZiYA2ic1r1voObUimdd,658
2F4vlQrJakgfJhEW93DFcZ,675
2F5W6Rsxwzg0plQ0w8dSyt,1201
2F8tffsSfw1767WgjtAHBW,1916
2F9pvj94b52wGKs0OqiNi2,840
2F2932LEa8ahflK2xDYKWj,686
2fBURuq7FrlH6z5F92mpOl,1935
2FbZlUT418wQoIZ3IFTKeJ,1183
2fC8dVxeS2bsfIDvFj1M4V,585
2FcC4sDMXme2ziI7tGKMK8,580
2FcxTTXQKgTdJzTeACMlVU,574
2FdGoGN8SKxgxhUlP9aMDO,500
2feDdbD5araYcm6JhFHHw7,12757
2feViTLOUpiSsypFLtrRLs,3691
2fgl3me4n9diODTrVfruF3,1966
2fhngmJMaaKcdhXHCa4cPK,701
2FIKDET7MkO9hQgSyIW9ia,573
2FjkZT851ez950cyPjeYid,3966
2fkmfYw1KeOiDLA6MHDwU8,509
2FKWNmZWDBZR4dE5KX4plR,1130
2FLqlgckDKdmpBrvLAT5BM,767
2fMe9lZs5HGGOwh8cMSIub,570
2FMOHE79X98yptp4RpPrt7,511
2FmXrymxv6kNBnA66HpoPt,652
2FMZn5P3WATd7Il6FgPJNu,1431
2FmzVitXZjIkFolH8HXd4j,12150
2FNefsUIddQsI81cmIJhta,505
2fNr4ldujwq97v1jWeqs8K,517
2fpDcOSlkE5VVZdL6BEczL,1188
2FQgnKHydnhSnRS17BSy28,590
2fqkqEsGgtIToaqV8snUV6,505
2fR4D8OveDTHMvCvm7paAO,602
2FrKQPjJe4pVMZOgm0ESOx,1091
2FS22haX3FYbyOsUAkuYqZ,2983
2fSaE6BXtQy0x7R7v9IOmZ,4395
2FsZnS8gQ8jG1HGnPYNlm9,1127
2FwDTncULUnmANIh7qKa5z,4992
2FwJwEswyIUAljqgjNSHgP,37095
2FXC3k01G6Gw61bmprjgqS,85857
2g1JSu9UfRcQQYb3b03Km7,1205
2g3PKH7Z1Ofn5oGR6oDjLy,794
2G1yVp387GlUf9yvLk6V11,3162
2GaayiIs1kcyNqRXQuzp35,1673
2GATzeg62cr6sH29wSOVWe,548
2gBjLmx6zQnFGQJCAQpRgw,80905
2gbT6GPXMis0OAkZbEQCYB,2832
2gClsBep1tt1rv1CN210SO,1417
2gCsNOpiBaMNh20jQ5prf0,2387
2gdeHNW6iBQlzXMhrud0yU,1172
2GE6MAdyGzeXpY9TwIYd3l,873
2GEcMpeGIad5O23WxDRFMn,1210
2GEW6nJjHKAFyqnsE3TdWx,811
2gFsmDBM0hkoZPmrO5EdyO,2556
2GH5uRMxmuAWn90B8DEZU3,3536
2ghByd8ucnRTWceSAnAZ0G,2638
2GHclqNVjqGuiE5mA7BEoc,11327
2gINJ8xw86xawPyGvx1bla,2748
2gJqa0PdfSuLpoQlWAIAzn,2543
2gk28RNJaPStV8BnugHYpF,983
2gKYxTUOqw9aPt7ljMwSHT,816
2GLf7iaOOujAem5R87xwto,758
2gRP1Ezbtj3qrERnd0XasU,7976
2gsggkzM5R49q6jpPvazou,34237
2gUMs9PE8XZVQyzCDqaYmW,43950
2GVBp7QyHckoOg7rYkLvrA,1199
2gXmjQIxCO8lMnSncluZaU,1560
2gzH4rGNFJeNg13yv2uI4L,1070
2h4ndKS2vRWeFLpq8ARu0D,678
2h9yQhKyqOMex3QFMVeq7F,902
2h93pZq0e7k5yf4dywlkpM,122188
2H5elA2mJKrHmqkN9GSfkz,2452
2HB65P72dFRiOKvbLLcil2,3734
2hblnfACzyljMfIZDwRZ7e,700
2Hbxyk7qJ22i8wFEqgM3vC,1815
2hcsKca6hCfFMwwdbFvenJ,901
2HcwFjNelS49kFbfvMxQYw,2880
2HcZuUtnktqMHm4H1R9gAR,1335
2hdbZgkp7CEmMdKhAUP376,505
2Hg4SUNDuIn8xIidz9GxFw,554
2hGh5VOeeqimQFxqXvfCUf,6310
2HgKf6VcQtGmAKpNXidtiC,1660
2hgP9Ap2tc10R5jrQaEpMT,1052
2HHmvvSQ44ePDH7IKVzgK0,1018
2hHVyg8oESE88KcYSWrVoy,834
2hIvOHaLTl9XCyCbNPwYzT,835
2hj2E6c3lMHm5QlqsQFI04,546
2hjavHV7ONapeWdf3DzSn6,616
2Hjj68yyUPiC0HKEOigcEp,27522
2hJPr4lk7Q8SSvCVBl9fWM,23641
2hKQc001G7ggs3ZyxMdkGq,690
2Hkut4rAAyrQxRdof7FVJq,15084
2hl0xAkS2AIRAu23TVMBG1,22779
2hL1EouqXLtBEB6JKnPF0h,834
2HmmA3GhP0xsbRUiDllJUn,900
2hndbDJCfHwD1o2ZTzKLMo,830
2hnzQ6eCFkxUIPsVcsdj8A,1163
2hO4YtXUFJiUYS2uYFvHNK,833
2HOMW1liAxI3URnEq95SMS,2493
2HPaUgqeutzr3jx5a9WyDV,50976
2hPCF7VDHhihvNdobslOHw,960
2hPQGvUpihHsCeow0Xuau1,759
2HPYUQ6GsPbZHvkyYe2jdm,544
2hRQKC0gqlZGPrmUKbcchR,3727
2hrWpLNoJcs1EnWSXvB6JI,879
2HSEdXKVq1WWtBbsIeNjRX,2541
2HSp2S2KwxKE7sASl6bMR9,2611
2ht3wxeT69CzyKFChNnNAB,6225
2htToCUWzqrvOX6ISJY1nd,592
2hUkfSXyuDfQbUeNOShRiz,993
2hWr3AjjKOCVmWcwvuT4uM,1373
2hWs22BmQkK4czFtDLnar2,27127
2HYVdcsGKff84dH18IKwh2,635
2i1IdHG5w0wiSmJGoqAGlj,1397
2i7CQcVBh2K6uOR3CH09M1,824
2i8ynmFv4qgRksyDlBgi6d,557
2i9uaNzfUtuApAjEf1omV8,14393
2I1bnmb9VQEQGKHxvr0gSf,991
2I6nP70ltmOHi6xjJUXHMe,581
2I7tyuDZsBk6BD9Y8YfXtZ,578
2IAZ2xX1Ovh5jxhBWE7wda,4097
2IBPIcSkvQZyoaVfoyZKE8,3204
2ibPkysx2PXqWLmxFD7jSg,1374
2IbVD6JhuZRTUzQVeNz1yx,629
2ic4xySjQ39N7DJ0HZemeG,4174
2ice51RDLjtbzWE26dme4l,556
2ICR2m4hOBPhaYiZB3rnLW,1372
2ICSjfBpos9PxMhGhX25N2,936
2IDLDx25HU1nQMKde4n61a,11671
2idymNTKUdnTxforkb12Mw,817
2iE18Oxc8YSumAU232n4rW,40660
2iEvnFsWxR0Syqu2JNopAd,25442
2ifvIECHAlEgPMBuBOJ0lG,941
2iG0HNCECG2DxXxSUcMhEX,897
2iIn8H3l2NNBNHFpYKWbfo,1920
2Ij7GjubJdLi813xVxqt9u,516
2IjiuEObrCKyZvSb8xLxG9,4093
2IkHcHKErbWa0TA14yHkbl,909
2IL35FbYiOta150uSYBCEg,927
2iLpvtffIrQ4bMYrFPRN4x,1298
2iM28IgKg89v1o7BTQAVPo,2117
2inX1svE5swPuIBIJdrFyo,607
2iojnBLj0qIMiKPvVhLnsH,94552
2IQDM5URYGYfSMmwhTCmyy,2281
2IRfUbSEqoOzedNHXVD1Xb,930
2IS9rTtWwEfUEY4u3mecIT,807
2ISIE0MEDMdAF2LDMLrVD4,910
2ISMfPtVzHc9jDDVPUEHDa,705
2Iso1Lq3OVNEsZNjV20inO,675
2iTiSaR023IikZDaOfEIRR,984
2ItqDyOHeQBaOPeZmKVu2p,810
2IU5UBup85LmAXh5U36DeC,1231
2iUbk5KhZYZt4CRvWbwb7S,4196
2iul6etLF5hjjpxo43rzz7,553
2iuqXpyyC67z6S2pq2m0gV,519
2iUVQjheBnvOt8vaBrxXJz,1727
2IvkS5MXK0vPGnwyJsrEyV,75570
2IvPBSC4CgNLYC1GHEAxcN,909
2Ivw6FhAZpa7kiAXWztCq5,774
2iXdwLTWyFhlN1MQWIymvM,1314
2j8Rhj6E5iiRJFh6DO7e5t,540
2J0JN7EFN10G1Tty6hX0AN,8279
2J3qGaj5UzHvu0fjlLgb8k,801
2J7sdXxMpd08WWfgqPYRV5,536
2J257euzcjnDLipsyJH3F2,2554
2jabDfWozfWUm6qTlar7c2,1284
2jbP92oFLWqPqogflK1wlW,634
2JC4hZm1egeJDEolLsMwZ9,827
2JFljHPanIjYy2QqfNYvC0,2190
2JfVCMa3FlvQRlLT5uH9zb,685
2jFZlvIea42ZvcCw4OeEdA,2448
2JGLjTHV2t8u8wxmLaiFfe,518
2jgPkn6LuUazBoBk6vvjh5,8493
2JgUCWMkArdLIENeaJcJ0Y,577
2jGvmFH6YE352p9LKmuB0y,799
2JhAlkmukNvarUpGhTFXUQ,1587
2jI32eTOcSx2bn1MGgRyei,1549
2Jj04JcXjjnE99c4225LHF,1272
2jku7tDXc6XoB6MO2hFuqg,36893
2jlWF9ltd8UtoaqW0PxY4z,1148
2JMtxA2S9SNUlqBlkDtXm6,2760
2JnBROOuiCcAUktd5pHB0K,550
2jnIB6XdLvnJUeNTy5A0J2,4626
2jqLJvBYhbA8qNe37kbSaU,1259
2JRvXPGWiINrnJljNJhG5s,2894
2jS7I1u7BpgWT9ssG62Zr1,597
2JSBQeazRlk0kVp2gelwbZ,875
2JSc53B5cQ31m0xTB7JFpG,4597
2jSGzJw0ebJLu7OLVSOcBP,12465
2JSjCHK79gdaiPWdKiNUNp,1857
2jUEbzY3ihXrzqOaTV6jTF,824
2Jv5eshHtLycR6R8KQCdc4,12858
2jw70GZXlAI8QzWeY2bgRc,27078
2Jwr7hGoSNK3S3QBxh3T0z,635
2JX4h8xm0hNxCB0aNBWzyi,5694
2JXDwIo5HsiwTcTPQytrZ8,992
2JXn03fudjyRkQ1Ye9f5rk,1923
2JY5qzEozvTdogkDTkkOMf,812
2jYMYP2SVifgmzNRQJx3SJ,701
2JyWXPbkqI5ZJa3gwqVa0c,4242
2jzc5TC5TVFLXQlBNiIUzE,16170
2JzhQYGos3RqV7MT5fWeek,2253
2k8kY9zHUWxuTtwV4UutHw,583
2K13AVg3bFpHSxDM1vJ0qA,1133
2KAaJOwfu8n93byx6YPRPa,1117
2KaW48xlLnXC2v8tvyhWsa,1622
2KCB7rHKJ04E2WprsXHGU4,1130
2kCcBybjl3SAtIcwdWpUe3,1890
2kGBy2WHvF0VdZyqiVCkDT,14166
2kgCV0fFS0wt3q6M5B39nH,998
2KGgkFhzF8mQwDy321OHIy,551
2kHxkdiKCSnHMkhIgFBZaI,15622
2Ki2mlU4LhZZ0BOYHWbcot,985
2KjAo6wVc9d2WcxdxSArpV,4862
2KJf05insFdCPlIlnYCrfn,820
2Kl8iFAUJmtmyP1Sab1paD,662
2kMzxA8edU05hvMFU493zJ,2290
2KNDYRKdCzuKzCCUyjAcF4,1545
2KNrpdPEKndErPWFHkpvj6,1548
2KOCXIEmkM6K82nL9fovWf,1060
2KoLmBXwsgMkfAvoPBlPmb,593
2koMWjvRRF0cOpJnjhdKx0,638
2KpfVM6sB13Tw3osJlgkMi,694
2KPQ6PYAZapLEwMmkzbQxC,1439
2kreKea2n96dXjcyAU9j5N,4357
2kRfqPViCqYdSGhYSM9R0Q,3630
2kS9MrOD16tiQOIyJTzFxK,1016
2KsP6tYLJlTBvSUxnwlVWa,50190
2KtnZQwMQJN3uyI8eHZRvm,705
2kucQ9jQwuD8jWdtR9Ef38,106915
2kuNswDC82PL9xRbfaZJaS,982
2Kv0ApBohrL213X9avMrEn,564
2kw8olPmGrNbVcYS2x3dtk,1218
2kWeFaiHBskk8oqky3KHcR,610
2Kx7MNY7cI1ENniW7vT30N,21564
2kXJ68O899XvWOBdpzlXgs,968
2KxjMGXFgX1vt9grpbD3xI,1105
2l35CQqtYRh3d8ZIiBep4v,19497
2L2unNFaPbDxjg3NqzpqhJ,824
2L3kwZFd16zjHz9a5kEPAm,2008
2L8yW8GIoirHEdeW4bWQXq,1603
2L54fWLv9EgJu76ELlfV2J,591
2LATo3JT7N2EHrUeTrbDOM,1122
2LB9H0px4qWbCHg9Axzhga,1449
2lbUjuMzHkT4qIECvk2f3L,937
2lEOFtf3cCyzomQcMHJGfZ,1692
2LFbgsbEhfilNpQYW7mied,21051
2lFHVcUeJ9Gq6AZiU3ZAOa,1724
2LgklPXmvWVOQfzPVkuChg,1340
2LIAgeQ5NZurwixfoG3CWZ,2080
2LJxr7Pt3JnP60eLxwbDOu,17533
2LmcxBak1alK1bf7d1beTr,654
2lmGTNC0PsE7j5KDO9POvW,668
2LMR8u7DOMF0FBseDpTsRa,613
2LmyJyCF5V1eQyvHgJNbTn,1055
2lnn5H36McBxbyhPYg10oj,1456
2lolQgalUvZDfp5vvVtTYV,10937
2loYllWFfoWpoxC5YrJKc4,2249
2lRH2dgU5Kk4Bc5phmII4T,5343
2LRoIwlKmHjgvigdNGBHNo,892
2lrtGWxNXWjd0JzDLKXubI,5458
2lRyvAihjwylPfhGqydQbC,1696
2LSJrlndCuTpdEluvYHc2E,1753
2Ltr0s15RyvsjqWzSmiSRs,874
2LuUALONla8DJRSCiGONBp,711
2LvhyFvUCDJ7gFuEBOcrM8,975
2Lxa3SFNEW0alfRvtdXOul,10050
2LXD6fOM8RRfhmF3duZqnV,871
2LXeJdQVcFkhkWydphLI74,1895
2lxX1ivRYp26soIavdG9bX,1741
2LY0E3xg8svCVYXVNTze5T,1928
2LZDXcxJWgsJfKXZv9a5eG,15449
2lZkXWxkZsZzBocxMjN1or,666
2m1l9MLSslzup4vvokKgvQ,2944
2m62cc253Xvd9qYQ8d2X3d,2417
2M3vnW1p5w4uPRkLYTbvdB,8941
2M4eNCvV3CJUswavkhAQg2,9303
2M4Yt7oKGoYd0wqU44k4i2,10007
2M5YU0cTrgPPM1FHkao23k,1456
2M6niUSuBtlBcwAHHpDwpi,881
2M45qKMZX16QUyOiKyluI0,1112
2MaFPufCitym0I69vYCflS,762
2MaMzvFmtu68r9zpdJ4tLE,584
2mbvqMGpwLsakeH45p1Jrb,2810
2McLd7klWE4UjkPLqqMwLv,555
2mcNCn1qbZUQ3J9KHapUxj,1634
2MCUVoI9J8LEqtHvf3X5ln,588
2MdcYva596DQFIp1fdpCLT,650
2mdjjabTCK9Xknzl9hakW7,1580
2Mf99N2VcDEcVuocyBLhyC,4471
2mG8HHQ9S9kcbjcrb5N1FE,4084
2MG46ekjBSFwPgzoIZvHFU,1903
2MGJBRRGEj9m6MxJIq7fLn,524
2MGT7CYlixSPxAnnkhLpaA,6489
2Mhi3jfuRSdbVZPdjqsnnN,1408
2MhJb1ljKttJewuYZTpXxr,1089
2mJ7eHB7MKBYzxt0TC2NZ0,597
2MLHBMApNE5h8wIufiTPs7,606
2MMaIlHd8UvDW0mVRAncD6,510
2mMuXvJVBA9Ft34x9WYpP2,1439
2MMXs21RASEwAmU7gRheQ0,627
2mOzrayQHznyyCwOcGGHOr,688
2mpeljBig2IXLXRAFO9AAs,6112
2MqhkhX4npxDZ62ObR5ELO,10969
2MRBDr0crHWE5JwPceFncq,6633
2MrqCKzxfyDA2mqfNWEXKy,667
2mSHY8JOR0nRi3mtHqVa04,1348
2MSlGNpwXDScUdspOK6TS7,3025
2msPoIYdnKVeuOOM960FC2,3030
2Mu5NfyYm8n5iTomuKAEHl,16548
2MuFzH1J5I6gGFYo2qhZmX,7542
2mUI4K6csTQd3jieswcmiI,3012
2mV8aJphiSHYJf43DxL7Gt,10502
2mVVjNmdjXZZDvhgQWiakk,1837
2mxe0TnaNL039ysAj51xPQ,74591
2n6FviARgtjjimZXu18uRM,1066
2n7USVO8fO8FF8zq4kG2N1,2971
2N2EFVDEbp2JB8ulEUVIxp,508
2N4EYkIlG1kv25g6Wv8LGI,1269
2N8IPNZTiNo3nj4mreOlHU,941
2NaTjGw60CSAEKY0tQTCYv,1019
2NCGI6dLTxLdI9XHdv7QfM,2231
2NdeV5rLm47xAvogXrYhJX,38784
2ndyVAdV9UqF1XjyTJt484,5384
2NFrAuh8RQdQoS7iYFbckw,584
2NhdGz9EDv2FeUw6udu2g1,13484
2NjfafEappzvGGGDdMRJMP,4739
2NmK5FyrQ18HOPXq1UBzqa,7952
2NN9pzej9qFOOLBfRnmhIV,961
2NOhotupwYbKRNJF7LMDPG,712
2NoJ7NuNs9nyj8Thoh1kbu,599
2NPduAUeLVsfIauhRwuft1,1993
2NQEwAVHBNcI0tGMLlWwF1,19247
2NqgE99Ll5vOTvmbN7O2R6,3811
2nrSPPSfNesng85eRV4W4m,540
2nszamLjZFgu3Yx77mKxuC,924
2nszmSgqreHSdJA3zWPyrW,5802
2nu6ZVLgiNcRcWgDKUjplH,600
2nUgzaTpZZxmzOh2hGlp64,1538
2nuKjZLgc7II6FO4Rxjt5e,1491
2NUz5P42WqkxilbI8ocN76,8571
2Nvaq4y2ygxIqfwXyz0HeH,1955
2NvmDZar6FF2CICK1yBS4I,9962
2ny2IhV61AbrsaWpjvGM7m,625
2NZMqINcyfepvLxQJdzcZk,549
2NzWRNaaLByHyI3wpuec8P,3556
2o2OGQQE6XDKfrdfltxo8E,547
2o5jDhtHVPhrJdv3cEQ99Z,53428
2o8lOQRjzsSC8UdbNN88HN,9418
2o18h28enlHxj887tATc58,548
2O0Hw1WSMbskB5tD9aWah3,3422
2O2dI9lY9PnWtAa4OlrgMi,4811
2O3v9rCTzLhPFaGaAVgZLt,1746
2O7oRN5HAWrg21HegiHMXK,730
2O8QAJmRrwkFXq2aWZnHYB,960
2O9XW1nnGRMkMV1wpK8IiS,896
2OaHYHb2XcFPvqL3VsyPzU,559
2Oboq4Pq88TcC9eUn2HSW9,1775
2OC53Inn0G9QwWM7CM0G5Z,876
2ODUxmFxJSyvGiimNhMHbO,682
2OEGI2wrCVmvavKEOMlccy,4908
2OFEXARoSZyZLR6S0oV2R7,1072
2OgUPVlWYgGBGMefZgGvCO,1668
2OHKEe204spO7G7NcbeO2o,1605
2ohlvFf9PBsDELdRstPtlP,2486
2OHNfsJ6k7pJI3eRxv2dSF,808
2OjtQPNBCojtkS81IYdjxY,1170
2OK16hAFRHoJiFZKeZe8A8,685
2OLmN3LLWtLF7zerL4VdaX,517
2OlZK0VIzr7wQYSrj9bOvF,2239
2ooIqOf4X2uz4mMptXCtie,6736
2OpHxx1SArSMlBrIMM0aV9,7227
2OpqcUtj10HHvGG6h9VYC5,8581
2oPXxg1IOzTBPDro5cJBJj,934
2OPyK48uFk5aZ8GKWa5FPl,715
2OqENqJFXPORP4BUGnu2Qq,8242
2oQJQUIpJFFnfKvHJA0xBu,5514
2oQpz9DEfhuSbuT8hjhTDK,4837
2OqTX6uyzll0y3ydeccZGR,979
2oqwwcM17wrP9hBD25zKSR,5386
2oQX8QiMXOyuqbcZEFsZfm,1951
2oSONSC9zQ4UonDKnLqksx,2568
2ot2iyWGOnT9afKQxy9iNd,604
2Otnykd696YidQYfEGVmNq,565
2otRZcOVNcmdkZ5nEoogy6,1083
2OTuoIi28WybVbVcykc237,2090
2OUGTXNFUe4WwC4CWpvIal,674
2OuSnRT9BKAvFuw0yoTim0,965
2OUYh468x8oK04f2azuxGu,514
2ouzyT8IrnPQyKjUw3BXJV,811
2oX42qP5ineK3hrhBECLmj,35608
2oZcMYiKpjaA2Et5mU3RPP,1219
2OZsw4C2nujSgVUfpuOTWL,1617
2oZVtrCwHyCZlIWAwy3VBn,922
2p0Hf0MF8Nw8lwAXokczf0,575
2p0UyoPfYfI76PCStuXfOP,3009
2p1fiYHYiXz9qi0JJyxBzN,3039
2p4FqHnazRucYQHyDCdBrJ,20287
2P1puQXmG48EVLBrHbum1J,2085
2P3cjUru4H3fhSXXNxE9kA,19555
2P5sC9cVZDToPxyomzF1UH,35222
2P6ygesd9xg5DPOBnda2jg,775
2P560DaOMNDUACoH8ZhOCR,1267
2pAajGWerK3ghwToNWFENS,1954
2PAjAnpGH93C6vXOa8ZKzD,2001
2PaRhxWFaqCUZybJDDoNrf,8370
2pAWfrd7WFF3XhVt9GooDL,6019
2PCUhxD40qlMqsKHjTZD2e,17135
2pdvghEHZJtgSXZ7cvNLou,6636
2PfBzriIMRsCXPDtSy9vg8,5141
2Pfv2w8a20xzC7Dr7QXRqM,4914
2PgOtERwe37cW1U9z7zAHb,1429
2pH3wEn4eYlMMIIQyKPbVR,2952
2PiKaajF8T1X6KGgvYlxOD,1058
2PJ1vRlkfKUxNzkNqYlalv,555
2Plkkomsc4DKawkCioLKjc,817
2plllpJj0sU7FsdZrn8EHq,744
2pLvZNFSNqj5ggB8cPK7ki,2751
2PmYKBQgsjegT3k5C6pkqW,2341
2pqd3HsfsvcBGtHvPOg6eg,5443
2PSiyldxmJze7xiqbz658m,8669
2pSObt5Fk8izuX8ZfI3jRn,3753
2pst3pDewxsl4kJERuDZpp,1075
2pTCZ9C1fXdaVlv6d5EIXM,3940
2ptmyXoL7poH6Zq62h1QT9,6733
2PU4qFehXQF7WnlFsJpBiJ,4782
2PWXHVDEtObSmUrNhfPRav,1489
2Px7jTtwBH0nHI1fYSYuaL,609
2pZ81eCkqxemIjqqfE1fhE,970
2q3GG88dVwuQPF4FmySr9I,4574
2q10Wskc3lPYmEuV7rzMCv,761
2q37Nw8NND2z1T1KU5XVfn,544
2Q0MyH5YMI5HPQjFjlq5g3,23282
2Q3eZMfDQgT8MhPowKFXYO,1717
2Q4FnG5T6NTUcAAZwuMV5K,2037
2qbEtwBVyobgpNP5KcHE9J,737
2qc41rNTtdLK0tV3mJn2Pm,17100
2qcAIycColPoLfaz16NvbI,837
2QcZxAgcs2I1q7CtCkl6MI,657
2QD0Z1wVYKCN8P9nwcMlWr,525
2qdONMCoDngQk0eV4Avs1i,9351
2qFe0FyUMK8XXoyOsfYJr2,1206
2qFOYqFxPaIwEnffVhJhEn,567
2qFr8w5sWUITRlzZ9kZotF,6441
2QGdI8fUEuoVPJ4xuC5NDe,1217
2qgvmDsc4jrqbAbjq1HGM2,19805
2QhmXpKTQIK3Wf0fEcpYEk,552
2qk9voo8llSGYcZ6xrBzKx,52428
2qlAMLpUyBjZgnzuFXXZXI,922
2QLM9IFaHBtB16b8ZDaA3A,1778
2QlwnS23KrBeshXFyK5U6M,938
2QmLFuIDtNDmmJY3OtvinN,2084
2QMMktUMtwMSwUZATX1cRO,3030
2QMsj4XJ7ne2hojxt6v5eb,1050
2qnpHrOzdmOo1S4ox3j17x,566
2QOIawHpSlOwXDvSqQ9YJR,4963
2QoU3awHVdcHS8LrZEKvSM,11213
2qPxiZiD34NtmokWN6RoP2,991
2qQeKHrQJHLLbvDAOSO874,1045
2QRPuDfRA9LtoeGFaMikmK,538
2qRxFU6TyYb3HCMIIq8npH,966
2QSPrJfYeRXaltEEiriXN9,5655
2QsynagSdAqZj3U9HgDzjD,81473
2qT62DYO8Ajb276vUJmvhz,1322
2qvP9yerCZCS0U1gZU8wYp,3362
2QWIScpFDNxmS6ZEMIUvgm,4391
2QwJQuBekTA4qF7N7uLHDP,1054
2qWNYueLfc979iEdLOIK2C,610
2qxJFvFYMEDqd7ui6kSAcq,88500
2QYEvpsWUOjqaYuxDPTCmV,5666
2r09Inibex3C4ZNTUVSG3m,10538
2r3A0lVppaYaTz2ttY1Jws,1016
2r8r62VGJKGi463aH1HJUZ,6155
2R1QrQqWuw3IjoP5dXRFjt,1190
2R21vXR83lH98kGeO99Y66,4264
2R57sY41L9XvGPiIgHOaYq,5874
2rBcvLKWCZs9w1qIWv560v,528
2rblp9fJo16ZPTcKDtlmKW,6717
2rc78XDH9zuJP6bm78lU8Z,4828
2RdwBSPQiwcmiDo9kixcl8,23493
2RE8NwNxsOyuNZDD0jRxHP,686
2retT7MFwHDVTeGKDdybEx,3650
2Rf4X6m0oayCJhaJ5K63GQ,3339
2RgldIVB6hgTzEjSXWNFE2,834
2rhFzFmezpnW82MNqEKVry,10907
2RhgnQNC74QoBlaUvT4MEe,10356
2RhGXxsDpB0eB122Ce3WYB,788
2RhRT6DNOVoDTfS0rG31pZ,1654
2RHXvm6gGpbDIsksQXJ1vk,1983
2rIaXMzFroqNiyyTkayeWU,844
2rKoD8HgdamRQpAtp4N4BA,882
2RMgYVDRYOGHlqqcushWNU,1600
2RP4pPHTXlQpDnO9LvR7Yt,6341
2RpHsROrX075xfIwHn6B2U,1238
2RqhDUsFkCJbhHntsnCVqp,929
2RQsqlGDunlzpIEm43kSlM,1091
2RQXRUsr4IW1f3mKyKsy4B,1959
2rTo8KIkBTFjQS7VvaKYQ4,5722
2rtsR8zno5naTxY0iJr7M0,529
2RTUTCvo6onsAnheUk3aL9,32873
2ruMkdO4e1tJWDHsYSEtxr,2010
2RWaZohsuqSJX9xWX3p95G,1931
2rWCIhENZyPVDAeFC0ESWN,934
2rxtSTPBJawYhQAXIpgEAi,1525
2rYFy6vVM1YiECVIAHaJBY,2077
2RyY5yFlJh6jIPfMDhHgyD,517
2s6kyMmJZFgPCHXU0QxJLp,3486
2s79xe5F6eUQkjwjww27Fh,1215
2S0rCVs10P1Q0v51wmOrM5,697
2S2RMiHABGxAQqdqwUN5qF,554
2S5hlvw4CMtMGswFtfdK15,5900
2S8ft2HNlQ2Ox9ltQZM1A5,1044
2S8UlyXW4JjjHcbeg8ddIo,2051
2S9W9aSAd7e5mp8WqWxN2h,15688
2Sa4c9qKaI7ILJs8D6gUCh,1494
2SaIA1enj83vEmJikZdjQ3,962
2sAlo7Fey5cqBk5WJILSd8,970
2sBPVEeMBXKNsZtYaJixnJ,1184
2scCthfq8kpZS50gb8koTD,1408
2sd9Q3r0Jhqpe3w9WVuG43,1024
2SdK1QDmZIP2hk94rSaLl9,1432
2SdOKxC1sSxEyv8JYERaNe,3043
2sf2owtFSCvz2MLfxmNdkb,696
2sf28o6euxEDpYkG9dMtuM,1405
2SfhiNVhk8w8xCQ89P3NPU,3075
2sG4zTOLvjKG1PSoOyf5Ej,8768
2sgVQmhRbgSEe47A1bJRrC,586
2SHhfs4BiDxGQ3oxqf0UHY,3892
2sil8z5kiy4r76CRTXxBCA,36027
2sIx6SmAMw9IBySG3Uj0jf,1427
2SlMPjZm02pC12ODpApdhB,931
2SlOAVY20TvNTgl2eE7h76,557
2SmjZ060s1uBMud6afmImP,1695
2SMYoM2Kbcj6rI6U3FRc4U,6689
2sNHl4oXsU0DVTy9u1otGt,1333
2snm3HmsnDUDxbIChdl2Oj,7143
2SNzxY1OsSCHBLVi77mpPQ,1536
2SPt3i9sJKS1qiMQQQr9LS,2456
2Sqr0DXoaYABbjBo9HaMkM,33902
2sqrupqcoipb7UzVKApEnJ,1164
2squZ8HjM4AzR0j6jsPn4a,1400
2SrSdSvpminqmStGELCSNd,2131
2SrWifjYv7b5tR8EzEmn1x,610
2sSmGd0x45FGBtjJwNBSFr,558
2ST5XwWB4uXGKk2NXP8DUI,1718
2SVw939fwuqSobLjF8u78b,1547
2sxmKe3CUrWnx7eoXMhOlW,5425
2szp9EHFXhBSuS3PmZwqvg,1486
2t0kaaDtGZtmpczIAMaVTQ,1025
2t1vHqFELDwweQWM6JYxHG,703
2t2XKfWKLXpFIjFwy1K8wx,4039
2t5yZKDT7oAMkOFkoToViO,605
2t9yJDJIEtvPmr2iRIdqBf,3394
2T06whb4s6UiufL1j5Qtz9,1883
2T1aUibqR2QC2sINIDQOAK,626
2T5FHRvBN0LYvlvDoU89dS,675
2tbvDi9eXf9XXp06LupkED,1472
2tbxcCCM7A71cmkzuB8lyH,3419
2TDsrZZt4XXF7iQlr5l20Z,739
2tFN9ubMXEhdAQvdQxcsma,5100
2Tg0aF5cbZktYFzgR1iAKv,997
2Tglaf8nvDzwSQnpSrjLHP,1999
2The4Ur661sLPGndcUuuLu,1300
2ThUOWiiWP3YdZqs4WYNOi,1706
2TI7qyDE0QfyOlnbtfDo7L,38738
2TImI3DW7o5MdRXJs4D37h,3291
2TjgzYcbTdsZjbT9OItIeB,2616
2Tk0pWxTuQgnE5nsUexrLr,746
2Tkg8omOIsTL617yXVt26e,1459
2TL8gYTNgD6nXkyuUdDrMg,13375
2tLI4kPsmsxQQv6zr2jbgt,1651
2TLYSzGyVYkxAgYSCqUnQj,1300
2TM0qnbJH4QPhGMCdPt7fH,9959
2tmWjaROlvLpahIZcvPLwi,1892
2TnJ7VOpGzjtKUn0ObpEYe,1048
2tPGPQrBHy5ZWR819p24q8,580
2TPyCsRoh2tjeZLTQ2ojlj,1537
2tRsMl4eGxwoNabM08Dm4I,6176
2TSslwx9J30KElgEr68sdv,1265
2tT6SE9nGCYXysoJ4qicsZ,1211
2tUGlReCZRMoRgl0IS79i3,512
2TwepUY7feaTuipStcyzLZ,2402
2TWKl87Jnmd5MApKEpVCxA,2002
2TwUVWFJs4LD0lOBbJXnNa,1530
2txHhyCwHjUEpJjWrEyqyX,12203
2TXpVEw5FbzDh93tLoDm0i,1048
2tY2GFdhH0Wa2VBvsxew5X,1268
2Tz1DTzVJ5Gyh8ZwVr6ekU,15144
2TzHIUhVpeeDxyJPpQfnV3,6755
2u0CzUCFU8OEoIFORUq6wJ,794
2u7j1pjcNuLlfgiNrByi0R,701
2UazAtjfzqBF0Nho2awK4z,17766
2UBt0GWBuPVXlPisRvWzlD,1876
2UBTfUoLI07iRqGeUrwhZh,4677
2UDplVRprMbazU74Hq8OLl,877
2uEo8Rajpdz1AqineCVLHq,1220
2ueoLVCXQ948OfhVvAy3Nn,3149
2uFUBdaVGtyMqckSeCl0Qj,11502
2uGNBmaWvxF6HAcWuhK7OP,846
2ugPdplEWBmyU6EcIzlcY1,2759
2UhHLKzq979iTCkLFurmef,913
2Uk1SfxshYKxVMmtGqFtzo,570
2UM9kTNJPoOHuN4yeDT54i,528
2uNpV18izVIP7DNusoWbT5,642
2UocIcNiHj5n4tj1CnBzRq,669
2UohZ1T4H9BwBb5lYgZodI,3146
2UoOdQyBGyzrEfxcY77ce0,597
2UPnuV7os71xTZTyyEgj1B,554
2UqjDAXnDxejEyE0CzfUrZ,1774
2urF8dgLVfDjunO0pcHUEe,2332
2urZrEdsq72kx0UzfYN8Yv,3344
2usAJ9Mtrw570XlQ5MHJek,1540
2utNxkLhreF1oIfO8kQT3q,4034
2Uuon75BhnuuxdKLYn4wHn,881
2uvY5pgdD9t1CZ5zMNw1rl,3220
2UvzehEVGcYTPKNwJSZ2kM,1747
2uWcrwgWmZcQc3IPBs3tfU,744
2UwJRAgSOi1zcLkvUNc8XL,1319
2UWqAbbrZK9eL1UQCuhT6J,604
2UxjiPpWHNc2txHrYy5EF3,1120
2uyweLa0mvPZH6eRzDddeB,2300
2uYWxilOVlUdk4oV9DvwqK,2705
2Uz58cSxlJgefDaSikxYQ7,1279
2UZMlIwnkgAEDBsw1Rejkn,31234
2v7Q2VJ6Xo1rwwhfJ6piQw,635
2v7wIbCkIzxOfT3GnqCexD,4642
2VAnyOxzJuSAj7XIuEOT38,10556
2VAvhf61GgLYmC6C8anyX1,2738
2vaWvC8suCFkRXejDOK7EE,12523
2vd2HnNh4pdYa9gDVHFjEu,2427
2VdhtgJVCayzvFtnq98XJn,736
2VDsDEKCdNm7c7Ve43Z9gw,1066
2vDV0T8sxx2ENnKXds75e5,3023
2vf4pRsEY6LpL5tKmqWb64,982
2vGaSKEDFsVPBgcnGxqlBN,5863
2Vhc7Y0Kc6HzMC6glKM4h6,2694
2vI9KFm0fwSfPrpEgOeIbq,716
2VIoWte1HPDbZ2WqHd2La7,6459
2VKfXEWzhUi9siHBDTI02Y,1217
2vKiJjsgjgqIECUyYeIVvO,7034
2vm8GdHyrJh2O2MfbQFYG0,35807
2vmTJisPQCD5ThbxbFehAB,672
2VMxEtyyo7Jg3jmVDQPHwx,948
2VnNIlyX9iVtx1FYavvm90,599
2vQavlZtDA660mnZotYIto,818
2vRfKzjQYJQd67X8x49MOh,1659
2vUbOx0zj57h8lbQK4dYaM,597
2vUCVkeZjzDcaoX4gagHdV,620
2vuXYcTqreOLLnlKtMV5UG,820
2VviFtXYreO6Zn9n8Ibk6C,743
2vVNxGBvKRQMWwI5c8KmYh,2867
2vVT4qoxWje0gVD2FiWZ4u,1423
2VX0o9LDIVmKIgpnwdJpOJ,735
2VYQTNDsvvKN9wmU5W7xpj,17773
2Vz3AN2wY3xjS2jCaGMVsy,2482
2VZNmg4vCnew4Pavo8zDdW,5905
2w1Cbkm6vXYqdfHkFpe4XO,723
2w5q7SKsUmpdUuyf5HOA2c,559
2w6slVluzWlwADP8aB5yz5,1627
2w9zwq3AktTeYYMuhMjju8,3082
2W8UTum7bU7ue6m0r14H97,1024
2W8yFh0Ga6Yf3jiayVxwkE,6597
2waKklOyXKNqhqIOmE4yBA,1422
2waNUwuthEgcBTFvYo26vo,2890
2Waw2sSbqvAwK8NwACNjVo,3188
2wC90WSKQd0BvdxJZ0mObr,8050
2WcCoPxAWFNSCvsFPrpf30,1656
2wcrc3fjebDRLVdtRUa3pu,606
2weA6hhVqTIN2gSn9PUB9U,5510
2weMnYqCmtNUrSLAJq5dD8,1542
2wh5Qu35PjDbJBqAv65RGa,682
2wIVse2owClT7go1WT98tk,35713
2wJ4vsxWd7df7dRU4KcoDe,3719
2WjvvwAX0mdWwq3aFuUdtc,31804
2WKdxPFRD7IqZvlIAvhMgY,16281
2WMIMX93pQyfyAF2J2r1ID,1307
2wmwGWrqRizLaSEYrm5dzZ,2637
2wNlZ2Vp23Sbv1DHgizbCb,754
2wo3eLY26t8AMyYuYi1pZQ,803
2woivlckW1wdml7zq1WW6e,1166
2wOqMjp9TyABvtHdOSOTUS,14081
2wouN3QXejYa5tKetYdcVX,2581
2WoVwexZuODvclzULjPQtm,4868
2wPDbhaGXCqROrVmwDdCrK,650
2wPOgnQ6eW3X73uIJZ4YFE,500
2wpskShaCrgkVcET4JzTAV,777
2wpWOzQE5TpA0dVnh5YD08,709
2WQfUqU0HCYbiOA2w9zmBp,1223
2wQyX5625x6IGls8zLLHMB,538
2wr9il91kGyzsfs4ypVr02,2824
2WROyFfIOmKtRopsTrIL52,1957
2wSgVsgLUZeDJwoLcPO7ny,3407
2wTLheTmMcFCA4hdY8hZJP,1177
2wUjUUtkb5lvLKcGKsKqsR,55379
2wunbYU5KWrpI7RCRBkwF0,1231
2WV4xLQooFalR2cit0XSKp,1402
2WvLeseDGPX1slhmxI59G3,996
2wvUfjKGoXvcnDHq7GgMOa,4291
2wwMTLM2da1sa2JcJslf8W,3162
2WWTUZ3LpcAAPhSEz3H0rg,1032
2wwZDwSBHaVaOI6cE2hfhf,959
2wX6xSig4Rig5kZU6ePlWe,3220
2WX2uTcsvV5OnS0inACecP,39987
2WxjxdeF7GGdcCK276qViY,1329
2wY79sveU1sp5g7SokKOiI,100310
2wYOpkTJZGByNEOjEnSmoW,1073
2WzaAvm2bBCf4pEhyuDgCY,17406
2wzMOQwNT6ZvVB4amvhFAH,2779
2x7EATekOPhFGRx3syMGEC,11244
2x8KDZdSONA3872CnhaAlX,1353
2x9SpqnPi8rlE9pjHBwmSC,20817
2X1VgNqQOiSbkyel3a9rjK,624
2X3rGYJyh8oBkRKMzIQaLe,598
2xaAOVImG2O6lURwqperlD,13713
2xBOCZLKP7FMXK2dyO5hIe,575
2XCRceysrNlpv5a1kTm4Hm,553
2xDc4cU0Rj6YG8SrmAHIy0,989
2XddLUPFBmTonCFy8uB3uc,831
2XdtmipGVPmA62ptDgX8QC,1023
2xe8IXgCTpwHE3eA9hTs4n,30592
2xGCGoulmU85qYdpb2Z4xx,4622
2XHJ36WzMJKpDk6fLl6lMo,648
2XHTklRsNMOOQT56Zm3WS4,1537
2xiIXseIJcq3nG7C8fHeBj,54836
2XJzOLYV2mF5K2JfUhJEK0,1336
2xLEV2jDreAOcpJXFNoXyt,1502
2xMOfuQeNn7IaHchvmwuqz,1149
2XnBwblw31dfGnspMIwgWz,15125
2XnnxQzxFZG8qEPjakokPM,1863
2Xu7q46Hf02xOoEIm4E1Qs,6624
2xUsnfrcs3h2FzdRQvGmGM,775
2XVvpzlWqk7Dmj8BgKx4k1,2250
2xx0ChFyXa0a4S48GAXFUz,744
2XzHxDFTNywDd5ReMhgxkg,3025
2XziUthG3Ug3eiWuE5KRsp,1107
2y8Jo9CKhJvtfeKOsYzRdT,16165
2y9j8qUwBMGPYPQJJxmYzD,875
2y246nnP9pQT0E6v3ZMMOO,3714
2Y06xyHPovQ8DWLyVIpSJK,563
2Y2gruKUC2cAjhe0h2RpzV,563
2Y4VeDUhZAE8UfGXqZJ7dX,525
2Y4125mDrgQyPD7dt76Rtm,1547
2yaixhgm3yXxjhJAH8SZy3,1544
2ycnb8Er79LoH2AsR5ldjh,4620
2yDodJUwXfdHzg4crwslUp,3525
2YdVmtVBpIrv0N6WiBzSqm,1858
2ydZrTy8U3kOMOzx20s3dg,1720
2ye2Wgw4gimLv2eAKyk1NB,60487
2yEkZBBjhzKzt6LF5XMaFi,627
2YFBOR9KIxC6WqHclkj9Yq,1660
2Yh912sMG2eJEqH0PT1qOl,889
2Yhge9MsE7qKcV0eWsuuHM,2749
2yhI3iWovCQYjhjoqzKO2R,523
2yj4bZaAnl3uhfE4pjOXel,870
2yJwXpWAQOOl5XFzbCxLs9,4141
2YKp8Odp8GGbAkVU60Yk2Y,6192
2YL0l5fnyHE9FEf1bwFGCc,654
2ylQO8qFEBINvkNNZGe4uC,3246
2ylW0JAtYmQpymRkrvWnJb,1069
2yMN0IP20GOaN6q0p0zL5k,508
2yN6bq26wynQcRuPkBYTDb,687
2YOYua8FpudSEiB9s88IgQ,3291
2YP02JRa1JLejrg3XTssJS,1486
2YQ4MY2VwOMv43C0GemUY5,1838
2yQf6b8hxahZaT5dHlWaB1,4145
2yrbLiuBmc9j81lTX3XUuI,4428
2ySHS7UojGu20XfUPaBlyu,2636
2ysnwxxNtSgbb9t1m2Ur4j,29991
2yT7X3Gg2S51DHz67FAYL6,1710
2yTUYhIf8fxptTIy3KLuJD,587
2YVF0Ou5zIc4mpgtLIlGN0,646
2YwPMfgNYeDjbkGI7PwZ3K,833
2yzxX2DI9LFK8VFTyW2zZ8,1088
2YZyLoL8N0Wb9xBt1NhZWg,353624
2z3KntXLyEF5Lvz1kpdBoA,501
2z78AlkdwE2Ghj9EB50M6z,738
2Z0x0iKRerLMaQfdbBfyqA,1297
2Z7gV3uEh1ckIaBzTUCE6R,2110
2Z7UcsdweVlRbAk5wH5fsf,2346
2ZavqCJe7uqkRpISes0NFi,6472
2Zbb4oqupGY4mmskwlygCp,1713
2ZbWlThDW0qSbI3hinpl0w,956
2ZeUaZT3s3NSbeV7OS094J,512
2zF0KCQEt1O4Z9fWVUVi4T,1176
2ZfHMUPrxoZNDTBPHmmdhj,1878
2ZfogSsOWP4mVfEqfpLXCt,1266
2zFZiWQJFFshzojycnXoTL,8082
2zgG1GPDvjaBgxeQaVXI14,7260
2zgkC2iqDlq3FcI2B7ChnD,633
2zHHEU3t9cutZFyG0fHdOR,984
2Zi3RrdQqk63Xj0914STkS,1260
2ziB7fzrXBoh1HUPS6sVFn,11660
2zJ8chFLjiBHRNchfevMRI,4293
2zMQOJ4Cyl4BYbw6WqaO3h,675
2zmrsXMHxagFz6vI2cD7r6,7022
2zPdY1UXnOn4PC4GpoOkPm,1297
2ZRbphsQs3y3DLvTpwprJs,699
2ZRQcIgzPCVaT9XKhXZIzh,14157
2zRt0sfxNnqI8gLR7d8gWt,1870
2zrZfs23sjuHDv4E6YRmNf,4591
2zsLaQhHFdQPdFXqG1nRmM,1752
2ZuweXv0TkfsidZOLZZoM2,1257
2ZvrvbQNrHKwjT7qfGFFUW,3790
2zwHaEmXxX6DTv4i8ajNCM,3060
2Zy0oRy2CKDXbaxpb5M79l,1116
2zyz0VJqrDXeFDIyrfVXSo,3187
3a9qv6NLHnsVxJUtKOMHvD,9868
3A5tHz1SfngyOZM2gItYKu,13894
3AA28KZvwAUcZuOKwyblJQ,46548
3aBkeBhwadnWMWoVJ2CxJC,8925
3aGFCoR8xGN6DKwvdzeSja,15366
3AGvwnXbUo9LoAU2P5qYHB,641
3AHq6rutf72JF0ul8GB6G2,536
3AhRH2q3GOnk8r1ZPHBnRM,1036
3aKCo8gLJfuPYtr88aWKjF,2670
3aKoUd44IrrqOa6Rzn9Ybq,519
3akUqAy3Q1WqRZqceC4jW9,602
3alW3LYQS8K29z8C8NSLIX,3714
3AmgGrYHXqgbmZ2yKoIVzO,4170
3AmWjMXXtBJOmNGpUFSOAl,634
3ao3jf5d70Tf4fPh2bnXVl,18014
3AO6RTDA16mg8czQI5Y9K0,1890
3AoiBjr0pSGswX96XxEgH7,1953
3AoNmoBJyEsBxlAjhrdxtw,4860
3ApUX1o6oSz321MMECyIYd,29499
3aQeKQSyrW4qWr35idm0cy,73216
3AQRLZ9PuTAozP28Skbq8V,50342
3aRscMJRah0QrvGE5rkvZl,802
3aSTe6gzR3XChH1wcLfhmD,541
3aTMDZLtkFlYQfQL7bzccp,738
3aTuTR5Nf6pVW3837q2ZL7,870
3ATyg4fGC9F8trfb0GRWmX,3838
3AuMNF8rQAKOzjYppFNAoB,12251
3aVB3VLnoAn6bKiHOEzHag,1178
3AVfmawzu83sp94QW7CEGm,13121
3aVoqlJOYx31lH1gibGDt3,5667
3Ay15wt0QChT4Kapsuw5Jt,5352
3ayds6VIVBx3CU5NSNCDbq,739
3Ayl7mCk0nScecqOzvNp6s,27896
3b8QkneNDz4JHKKKlLgYZg,135666
3bcLBxvaI7GsBzGp3WHnwQ,5058
3bCmhyXqTr9ZNGlHNYNTFA,818
3Bd1cgCjtCI32PYvDC3ynO,6979
3bDyA9fZI4l6M7ho44Y4MN,999
3BeQqzKdlARoOd6y30kCO2,2013
3BG9cpTxZQzQChcsp7ss9a,812
3bGXaFVQLASmDMdjjeJr8a,10892
3bhu7P5PfngueRHiB9hjcx,14336
3bLSAQPeix7Xm2e5Gtn48R,3438
3bMEwmvETOTYS7A53MmWms,758
3bmFPbLMiLxtR9tFrTcKcP,1465
3BmGtnKgCSGYIUhmivXKWX,61890
3BpiD33EPJLTi4RgMe5gE4,551
3BqaUtuQmqIHg7B5Bc7fP7,784
3brlG1zNhqIkYhdneCaPVi,656
3bTTtdHi2gxhc8O68LNXXB,1008
3btzEQD6sugImIHPMRgkwV,2714
3bUwxJgNakzYKkqAVgZLlh,1407
3bw0A7x5AgdJsK20ai5iS6,1018
3BxAFJvyhPEhLEeBZ6XEDe,531
3bXhZFreBJF4QDUUiMmtZW,5882
3BYXi96LqI8TwNljFKE0DZ,1976
3BYzEWh3pY0DZpMN0hFufv,1060
3c8WoNjBfyLJhFObE6RHgs,1305
3C4MmUJYQN9svNdedAR2BK,1926
3C4t1usFGoKHCSRdujm2GN,1377
3C6chBmZ9wzisBhoh8G2nK,2750
3C8RpaI3Go0yFF9whvKoED,3447
3cafXZGy8lVX2LJt7wdKVd,1455
3cAGUcRbwsFHwKbJv8FT4T,515
3CAhiUHkUYT1mFtVHM9SHA,2957
3Caot8EtHX6wLpNF2wRzS0,5786
3cbU0WxlZJTFLTfXEUB433,2893
3CbYyyd8wH3RT6t0jwpdzC,1009
3CckGnXzzJ9GARII95dDek,697
3CDKmzJu6uwEGnPLLZffpD,7081
3cdos5vq3wSUR8mEvMiqq9,1188
3cdvlbCYf4WoBdy89RWkNS,563
3ceQN2NVlLg1hgTzljDE4n,4391
3CGuwWgoCYSO5Z72H5G2Ec,1013
3cHwmcXlo7XvovQcl5YxlQ,4444
3CIRif6ZAedT7kZSPvj2A4,14431
3ciRvbBIVz9fBoPbtSYq4x,20049
3CiuXDKttPUT0tWGHicFUH,907
3cIXmCH7iNcslTbwrwS7zy,708
3cjEqqelV9zb4BYE3qDQ4O,15663
3cjFV7jKh2doYHAcfUMZYX,600
3CjlHNtplJyTf9npxaPl5w,24447
3CkvROUTQ6nRi9yQOcsB50,8676
3cMyqwpNT2D8f0WuaRzzZX,508
3CneYb5exy4KOtvCCrozDD,3066
3cniTumSiUysiPWXapGx1i,4791
3cohAS2UQTaOo80kCn8qjT,785
3cP35T1YmIDyrwfHrIVbeh,877
3cQA9WH8liZfeja1DxcDYE,577
3CQIn7N5CuRDP8wEI7FiDA,15759
3cqPXPnl7DjDFBIxS5Qq88,1555
3cR4rhS2hBWqI7rJEBacvN,12484
3crnzLy8R4lVwaigKEOz7V,16903
3csPCeXsj2wezyvkRFzvmV,673
3CsPxFJGyNa9ep79CFWN77,586
3cuVSUrq0yoSSP7gpvI6q1,1268
3CV3I2tIhHxXCUZJqh5mWP,1463
3cvKNz7BwIY404XtZ5tpUW,5685
3CygdxquGHurS7f9LjNLkv,26162
3CYSRCHfilgR8DSbkCMp5j,1137
3d2hJTVTwo08F9b0ZFQukJ,589
3D04N2X2w6vUGeyG94FBaY,817
3D1IyJznpDnWnnFrzjuWnh,3177
3D4qYDvoPn5cQxtBm4oseo,1214
3D6cosC5ZOLCpRxt6T3XS7,2510
3daM7asS0gCFvyLemNx2EE,6358
3dAzSJ9lQnJSq5Z0OgDBep,3338
3dBVyJ7JuOMt4GE9607Qin,4046
3dctbbXhrRgigX1icexnws,1822
3Dd1WVQvZUgyi9XEqOIPhA,1271
3Dd6jD1AApgtNoU6SJWR7P,563
3DFoVPonoAAt4EZ1FEI8ue,7015
3DgcBA7P0ji5co7Z1Gfp2Q,596
3DiDSECUqqY1AuBP8qtaIa,49243
3DiSC0nSNNWpPy5ZK3mcrz,2187
3DJuBJtjHdjAXlpIZCltTR,1154
3dkbV4qihUeMsqN4vBGg93,20234
3DkhgIw7lIyxekurpXNTrm,595
3DL71JYSG6VREkmLSzfWhU,586
3DMbpVPUYdZnft4OoqHqPc,574
3DmG65yHQsMms7WAvrZOdt,1973
3DozezNrsIE37kJJfHhS9M,952
3dPCB2dYhqSpjYc7DGif53,830
3dpswct31rsudWf8ZASWZe,651
3dRfiJ2650SZu6GbydcHNb,34625
3driPpCh1JEUnPFKGyHXDr,672
3dRWpmlPfc18U3up8MYCKX,584
3DtnSKmpjFGUzZcccWfG43,970
3DtSOCXYU6o4EV0K1NgIKq,640
3duSIkjjt6d8tLK7EP4shQ,805
3dv4Q4q3LWOnbLJnC6GgTY,1614
3DvdryKH4O95ZnsUZJKXpt,2885
3DVNivnmWy2nzzIneVr4Yk,841
3dVt88018sQikXFlIocj3X,584
3dXaa6jwM7B52GZpaJEIr5,10811
3DxAikzv8719U68yCVRELD,619
3dXC1YPbnQPsfHPVkm1ipj,757
3dYdcyW7mhZYVDDkNvkd0c,999
3dz0NnIZhtKKeXZxLOxCam,19075
3Dzj993UEz8Z5ovxuirzFO,729
3e3oLJehq4vQl2H0FAJnvn,684
3e7awlrlDSwF3iM0WBjGMp,29810
3e69LorE0YSsEaYY6x9XuG,1289
3E0MPcbZSjfJ1HsnJKXkqd,3231
3E3xrZtBU5ORqcmX78v5YZ,3650
3E4UsjXgFv2GdwshMkkJze,569
3E6xrwgnVfYCrCs0ePERDz,13377
3EA9hVIzKfFiQI0Kikz2wo,6074
3EAHF3jdnHHdko5DBrhRUP,3743
3EB0uKE2lGw6BB1UFJrONl,556
3eCd0TZrBPm2n9cDG6yWfF,3156
3ecREliS3Q8g2sCk40y0dw,692
3eDT9fwXKuHWFvgZaaYC5v,510
3Eeb1U0VJTDaFpBHV4DmHl,506
3eFo5fMv53RYZBYlvT5Z6a,1290
3EhbVgyfGd7HkpsagwL9GS,7079
3EiLUeyEcA6fbRPSHkG5kb,5327
3elR9fj2COXgTJlJm7NtP7,1060
3EMSpwRtkvUTxfB4aS5xnA,625
3eoazmwspxeKFenMP1PQva,3439
3EpmmPtV7DduqNmeqaADIm,2338
3eqjTLE0HfPfh78zjh6TqT,44701
3ESG6pj6a0LvUKklENalT6,2509
3eskO5m0H4yiF64vRySBjr,8177
3et9upNERQI5IYt5jEDTxM,1328
3ETsghsLO3fAf8kudHi5Us,1014
3EvzCyNmY3kbUkMawjsndF,2748
3EXdLajEO02ziZ90P90bSW,3080
3EY5DxGdy7x4GelivOjS2Q,1654
3Eyc9rIr6Y9rodeOPfmTkF,635
3EZWlSBWlPsC8lCI2Y36Gl,912
3f4OfcNtgL9MLgiyOdIHC7,2169
3f5fB1YUbkUnW7cf7I0R48,5285
3f8b2H7fazJlShrwj38XiS,1204
3F2Y683ovlWT53WKCeq0oj,1335
3F4PBcfdeFdmxjRPS2UdMl,709
3FaKHeTy1zMZVtQAvwaF0x,1430
3famqI9bxiwLcAjRq3HuYl,690
3FAUGHLioXySQ1QTnCOWQC,976
3faZppLa0MVUYBlyp7zDAo,1463
3fcQI5iYhwISYHwUf3G4Ok,715
3FCYSWNVmpjTCiwzJwbMAC,683
3FD9VAd0ppjmKbfxF4LzUh,5205
3Fdm9TFJQCLmC3AWMuGExi,17210
3Fe3pszR2t4TOBVz41B1WR,11181
3Felk6Y6jjU00yE1XTOqKZ,923
3ff1CmU6qfTqRAmdrq8EEG,1298
3FfvYsEGaIb52QPXhg4DcH,90543
3Fg3y3Gx6hwdzb9sEOWHEW,767
3fHjwMnkM9ov8CozqkYxWY,832
3fhOTtm0LBJ3Ojn4hIljLo,1952
3fJ60AcIgLzQkVitEvA7uq,2199
3fjs4zbBFxEFFe8Wyojo0G,4582
3flTDj1VSZCktpBGZlNutt,543
3fMbdgg4jU18AjLCKBhRSm,116439
3FMbhaYng6VoeCltbwqmtG,829
3fmMaLC5jjf2N4EC2kTx0u,15086
3fn8lZLy7Q61AXCWWPYC4B,4481
3Fobin2AT6OcrkLNsACzt4,889
3fS78kAWd9dVFyaPQ363YO,590
3FsQX7FsrZAzTU9ah45P7O,2622
3fTedgf4fh8D3s41dP0HWt,1249
3FTvzBdLVG3n1Knrza3zpQ,1547
3Fud2i8WgXSZCVmi961lXm,665
3FUY2gzHeIiaesXtOAdB7A,70680
3fvnWc7bLQVnkrtFI298rl,675
3Fx1vJHj530oWC2AxnZq5z,836
3Fz2GbraVXhcpXnoi2Oe1r,7409
3g2kUQ6tHLLbmkV7T4GPtL,8017
3g229vTyhsdwm9SO2p1FPL,1737
3G1QoWkaZ1CUnTLUb0CqtC,932
3G3Gdm0ZRAOxLrbyjfhii5,1582
3Gaqw2nGyE7yM3rcRSzE3U,1158
3GaRKzVcjJv5cIL8CmRAHn,1050
3GBPw9NK25X1Wt2OUvOwY3,91562
3gBQ1U5dXpRXS6tlbyNTDM,755
3gd8FJtBJtkRxdfbTu19U2,102303
3GDAPdQP9OYzIlhd7HkbJj,580
3gdbcIdNypBsYNu3iiCjtN,8383
3gdIwZY6Q3RXhDteYr4ZvC,1116
3gggmBN0erstm3YJvEGe3t,6576
3GghVvugpv9nXQ2YFzZNzN,535
3gGUMEwIX6XodWsYEvKSal,1406
3ggwAqZD3lyT2sbovlmfQY,1026
3GhVFlFT3pagjVkslQPqoJ,1254
3gIRvgZssIb9aiirIg0nI3,5149
3GJhraAgCA8s8XHENnDsXq,3254
3GjVVVcFmUgEJEAAsbGkf4,9873
3gk0OYeLFWYupGFRHqLSR7,6412
3Gm5F95VdRxW3mqCn8RPBJ,52208
3gMaNLQm7D9MornNILzdSl,13638
3gmG36RoexMykxkvFDe9E2,563
3gnrmLahFhVXRI9DA1MImH,1650
3gPZCcrc8KG2RuVl3rtbQ2,699
3GQboECxDT1xqPPWC30p7v,610
3gqv1kgivAc92KnUm4elKv,1182
3gQzMl6m3bnUN81bAsPue1,621
3grHWM9bx2E9vwJCdlRv9O,99625
3Gs10XJ4S4OEFrMRqZJcic,552
3GsIlcwgQDJVjHD82mbA0Z,6148
3GsRbtyKPsORUduU4xAaQS,1019
3gtLPWMj6Rc9o8bqEJnVSo,655
3GxiyVFhM1CWoYBMfZ9hYG,1110
3GZGJ33pJdAdUL6IQpK8mR,1707
3GzWhE2xadJiW8MqRKIVSK,4099
3h0w83PsjASrm5999trG4n,2706
3h3F1qpVfzQDCODlvMCQZm,506
3h8OjAdgYXVRoMZ8jFd6Uw,590
3h11MHQeCrcsUgRRijI1zL,871
3h88VTqRj3GbUd2W41ZY5U,561
3haVJx9TUcufYl1rPyH0iv,599
3HBamWgGvg9KLfFlkpOkEk,695
3HC7NcxQx2Yk0fWoRKJ0xF,1444
3hcs9uc56yIGFCSy9leWe7,8794
3hE8S8ohRErocpkY7uJW4a,2082
3HgZDevp7GspkLUAa5cKne,1849
3HiuzBlSW7pGDXlSFMhO2g,12574
3HJIB8sYPyxrFGuwvKXSLR,9216
3hJv5p2HwekJysNB2NDnEC,877
3HJVw8aEtFqoc3raJVE8am,641
3HlAg5EbFYOdlVPooU9f0K,752
3HMsQNXUa0je3yG5REHkQ7,582
3hozsZ9hqNq7CoBGYNlFTz,8455
3HPOnbuwLP2qlwWQ7cgxYW,1191
3hPPNy5OBzCU1icQO7Nrok,1620
3HQIkVkhoARQMb0XlvyUKL,548
3HqP3nd8WI0VfHRhApPlan,1504
3HqSLMAZ3g3d5poNaI7GOU,1578
3HQyFCFFfJO3KKBlUfZsyW,10320
3HrbmsYpKjWH1lzhad7alj,975
3HrczLBDJXJu6dJWEMbKHa,920
3hteYQFiMFbJY7wS0xDymP,1427
3hTffafUYLLgO4yuPAxb5U,1852
3htNAy3vYWWYV8RZFeyRMT,3670
3hv9jJF3adDNsBSIQDqcjp,28627
3HvapZ323lwmK8tu8JsLvb,531
3HVdAiMNjYrQIKlOGxoGh5,9402
3hyEbRtp617pNCuuQjyOmc,8939
3hyGGjxu73JuzBa757H6R5,3980
3HYpSvGctSamkShNEVX9gS,1179
3HyrDGPLI0c9Rd8luuO0zw,977
3hYtANQYrE6pd2PbtEyTIy,6318
3HZgaiR960RFqx9d4LPraD,3297
3i0j8jwJKHchZU40nbd2Xt,1058
3i7IUsb5VsiJAKqX2Md9Fc,839
3i9hP422d2KMjaupTzBNVS,1684
3I4IAI5sdU0vakMOD6SLZL,959
3I6e2ZqqoxQhXc9z7Tp5ci,1125
3I2596dGk4K3e4qKjwpzQb,1431
3IaqL9bsZtYJkqNLiovVho,3918
3IcF2f5vEkY6HPQfLlQDlw,1101
3ICflSq6ZgYAIrm2CTkfVP,14293
3iCJOi5YKh247eutgCyLFe,4454
3ICyfoySNDZqtBVmaBT84I,7185
3iDD7bnsjL9J4fO298r0L0,15470
3IEvQoAohcGX7CdrbtIle7,2489
3ifxHfYz2pqHku0bwx8H5J,986
3IhWQSrLj8EJjdvjFTpCyo,3259
3IJ770I1QPmwVp7yug0eJ4,1795
3iJJD5v7oIFUevW4N5w5cj,742
3ikKyCOrsMeANi0d5u8BCR,672
3IKV7o6WPphDB7cCWXaG3E,1966
3Il8w8T0de4sdogo2EQEVJ,1923
3ImqpXKKgkH5VydfgX1hd4,6523
3iN9k8uvm4WrgdlOigOH8D,754
3inCNiUr4R6XQ3W43s9Aqi,2949
3Inrg8cs8oc4q8oPES4a6S,3972
3iOvXCl6edW5Um0fXEBRXy,45153
3ipn9JLAPI5GUEo4y4jcoi,47155
3IpQziA6YwD53PQ5xbwgLF,3381
3IpvVrP3VLhruTmnququq7,877
3IqWMVFksTbtL2EaFi5o8k,1775
3iri9nBFs9e4wN7PLIetAw,35182
3Is1kGaN2jmS0hB1Hn6dp4,660
3IstlZaHyUP9SONpulb4SM,3257
3Isy6kedDrgPYoTS1dazA9,36521
3iTsJGG39nMg9YiolUgLMQ,2555
3iUjRVvYCsMfz7tuAQtBDI,518
3IunaFjvNKj98JW89JYv9u,7250
3iwHYNyKCKBDsa4QFCj8Ik,547
3ix4iw2URncSdE7X292bXy,2444
3IXtskFMls8KXRipcIJT9y,949
3IYUhFvPQItj6xySrBmZkd,75141
3IZrrNonYELubLPJmqOci2,4321
3j4FHbC5zwmYGJ7r0ZgaMt,3504
3j7Sw80qzL2FJlryUhI3wG,1686
3j507n6aQUbtVxQv2Q6Usv,809
3J6ns49mHsAFXgp5EoDJjS,537
3J28FLi8jjXtUGWf69cP7I,3880
3JaAGmSTpJK35DqWrDUzBz,4326
3jahzTuztFVegfKXChatkY,1457
3jc496ljiyrS3ECrD7QiqL,4126
3jdirYL01245TvAH39GfM6,562
3jdODvx7rIdq0UGU7BOVR3,2140
3jDtqAKltRxJi64svLZGj7,1722
3Je8tRazTtqZxGkbeJDGL8,3237
3jFjgKOGfVLWfXX8q5wrsg,2623
3JFsVIxOn7STeilPICkkB2,4675
3jHBxvZ9gbBkZ17wKUqVsO,14383
3JhNCzhSMTxs9WLGJJxWOY,23546
3JhRHqCi8HEzkJVWt19LtN,756
3jk39CGeaaSO3FPKNx1RUx,2650
3jK9MiCrA42lLAdMGUZpwa,16947
3jksrX4oBklxR78ft8gv3j,10103
3jmxkI8Jhv8bHOd2qSiU9j,1361
3jN7f9X0EmFnsbRS6nl6as,525
3jNkaOXasoc7RsxdchvEVq,2389
3jOO5nZ2XPmc232rNjzqJy,2230
3jOstUTkEu2JkjvRdBA5Gu,67526
3jrgftS3TYbNxcPt5itKhz,507
3JsMj0DEzyWc0VDlHuy9Bx,9760
3jsyANBBy6gOZUSQhiGclx,2139
3jT7IeLgXbSz86qKUq7Bqc,1468
3jTlKw98Ql1jGRPYqhqHap,519
3JVgWZxQa78cVa2cUuAUQ4,1238
3jVMgT4X7YeuYE4aludcmE,3393
3jwm6OBdUY5xzFiFIPhMHu,2986
3jYolGVCwXgJYEr3GL8FCb,666
3JysSUOyfVs1UQ0UaESheP,2033
3jzXlBF2157k4exx7idecs,623
3K0GDmmiRwn1Zc7RZzTeAz,608
3K2zB87GZv1krx031en5VA,8783
3K8cGxW088HVyhFSGWJJcX,1140
3kAbsqyLtxTzhOBdfYc6Tq,1066
3kb5Da0lPehCHCE5SVLNQk,3752
3kbBWco9PZ5eSQsNScwG6U,2661
3kc5AFnL1TQQdNaMdSW2UO,2659
3KdXhEwbqFHfNfSk7L9E87,705
3KEb1kbIZN5jumsjFEWgSW,6232
3KedxarmBCyFBevnqQHy3P,2626
3Ker27Wbb9OcUHGs54JIAz,1019
3kf0gOpxWtkyeMNJVDQPtd,1338
3Kf7VEIRWquxrNIuyJZnfF,619
3kGhAL9j1WyNjNkWTRQd8T,987
3KGQvnOoqUHi3KxKQMZtXr,943
3KH7WsR2JZQ94Ik8SyabU6,1142
3khg8RDB6nMuw34w1IHS6Y,2873
3kHVioJpVxlazAAKQ64pC1,9909
3KIX7sAMvFDFFPYubKRZ5w,958
3kJeINOSExu0ctySTaMu6Q,596
3Kji8hBU9Tqea6pAWRwagQ,1470
3kjuyTCjPG1WMFCiyc5IuB,25063
3kkoYvxvV00UXPJCqMCljL,1209
3KmQJ2e3T7Gn1UurVpReXs,714
3KNZ9AOjBajjmr6ZR2VGfl,1267
3KOHpygRuo1ruQAbEneR3t,509
3koiLjNrgRTNbOwViDipeA,60132
3kortApcf0ntRWexUkJE4H,710
3KpLtTMpLAko7nBDmiYg7Z,746
3kUKwTJdH8FuWzF8p6Dg9E,1198
3KuLo66B73btyQpdXlkqFx,14390
3KV3p5EY4AvKxOlhGHORLg,102514
3kVUvbeRdcrqQ3oHk5hPdx,46425
3kvy8do7n0qVqvlNFS4yOF,2206
3KwmxIhSe9UTSEF37kwngR,604
3kWWBtNzJFtKA222gZz39d,3638
3kXFPAfFzG0LrudmtGM6Yc,655
3kYFawNQVZ00FQbgs4rVBe,1654
3kZdsaTYgaaolNxpnJ4iDe,4143
3kzNckjE5FzHQhe4pJiLKa,986
3kzwYV3OCB010YfXMF0Avt,4368
3l02WF362j1oHOurzuseBv,884
3L8FZaw2Rg1oUw3vB4gUME,1706
3LC8PXXgk7YtAIobtjSdNi,3236
3LcpRDABINyBTa4V1s9Hql,2707
3lDpdwM8KILepMHqBWUhIA,5185
3ldZSv4kK1NQnohM0sjIR0,1772
3LedjkHgJTjLJfDTM5YgmD,2850
3LfO03nEZMdWNHG2tLpMa0,1061
3Lg3FGwBxOGuefqekQzRUf,2834
3LIJJJkO7R5RasRwt7xIn5,4108
3lJ6jvOiNY46L2juqXufpf,1052
3LjhVl7GzYsza1biQjTpaN,4882
3LkSiHbjqOHCKCqBfEZOTv,5768
3LKXWvXFWrkwUzJWxzwVpW,4460
3llfMTWzOCWDpZeBSL4gbc,1770
3lLHpTOJ11tWiUNGYN14gt,1273
3LLs28LJVlXAjWc8UDkcQZ,3500
3lLT23km6QvzYCojCXAYtX,5326
3loACRmkzdtOMNJEaB6j8L,870
3LpLGlgRS1IKPPwElnpW35,6327
3lPQ2Fk5JOwGWAF3ORFCqH,22927
3lQvg5w1PYUH7HzcbTBsLu,576
3ltFy7g6KKQPPttsdOMlq3,4106
3lTIrl4h1Vov8fDaNqXUof,4783
3LTXHU3DhiYzGIgF2PP8Q8,1398
3LVPGE5jPPwtbGslx07YR0,5794
3Lw97gGh8bp1MftsYmwJHG,1083
3lybdJ5QPH5NJolzMVKnLx,796
3Lz3vEN23Fw0hIelrYEzUD,774
3m1fIdh8xJXRjLLdNgZVXQ,571
3m6alJyeKYSCZ8078ttfaH,1209
3m7Ej9zfNto7JOsjKsYhEr,541
3M4ThdJR28z9eSMcQHAZ5G,8052
3M7fgnQGLwZCvFJKzR7pT5,1571
3M8Mq1n1l1TRnTUw2MRSCs,876
3MATPJ9tYbcMhw5VOZrRU6,2389
3mC1KCuZZSOlN8Z0M56VsV,1426
3Mcii5XWf6E0lrY3Uky4cA,32843
3MCjwjfIor5FkK3h639qkW,1755
3MCxkaTJmYKH0FZbe3rYxa,2315
3MdG05syQeRYPPcClLaUGl,7025
3MFp4cYuYtTZe3d3xkLLbr,1773
3mGCLimuzOdod4Lnegny4d,1594
3mGe3yyg9FrxlHidyYWiH6,567
3mH3OBKopDDVgnJcT5PrPk,2780
3MHaV05u0io8fQbZ2XPtlC,30450
3MHlIt9IAlysdZJz2xvkj6,1440
3mIj9lX2MWuHmhNCA7LSCW,84563
3mJ9GlkLzj8Ka7Z7EQaCMi,8294
3MJ2o2vTovueQARKmOzHls,1069
3MKCzCnpzw3TjUYs2v7vDA,11335
3mKqIEF3Coa2rNT4ojEh8Q,2037
3MM8mtgFzaEJsqbjZBSsHJ,6581
3mnNKwI2w22DBGcdYix4KA,541
3mNygoyrEKLgo6sx0MzwOL,534
3mQBpAOMWYqAZyxtyeo4Lo,10252
3MqjsWDLhq8SyY6N3PE8yW,935
3mSAqBoXQgdlpwzWsIgBzL,2332
3mUHAiDazZq75gh6If5zoD,571
3MuPVbFDynbq9zRTAqjRxi,921
3mvkWMe6swnknwscwvGCHO,934
3MVrehTlNNnn06iUlj4axN,752
3mvTAjG7rcyk7DQzLwauzV,1158
3mVWMgLc7bcyCBtL2ymZwK,3469
3mXcNgD2MC7GIMvIoefa4T,611
3mXI2gpwWnNO9qbQG3n3EP,668
3mXvO1rdMCgdOYNiWeduWG,1194
3mY9Ii0cL5SQxpOTAm8SHx,3956
3MyB0MyKec3Jq0AH2llk7v,1289
3MyFDtqB80WZvbtCZRsekM,3746
3mYFuz6iY7D9X78rOXg5CG,713
3mZqziCJj4pq3P2VBpmK6p,2037
3n4ersmDo55xV4fPSCKpXb,811
3n6DxOAaKCu5aR076SzKcp,2261
3n6RTmT1sgWeNNCfPyJMw3,1344
3N1B1g6JtIgd6ClRkzD4yT,2580
3N8Hy6xQnQv1F1XCiyGQqA,23990
3N71zVVdCs6uCgk8w31v26,582
3nALc9PyUfe6CO3EY9bNhH,593
3Nb8N20WChM0swo5qWTvm8,1515
3NChzMpu9exTlNPiqUQ2DE,5024
3NcPjvA2rp9FPj1JBAXwOS,1670
3NdOtTPPaXrCyC7Lpmzyhv,572
3nf2EaHj8HikLNdaiW3v73,975
3nFB4eMP5gdqee2eQb8nZb,2658
3NFbUzq93dowxr0IsiINMv,560
3NfJ6VPVz0lf3jWy5F1N7g,1572
3nFkdlSjzX9mRTtwJOzDYB,185520
3Ngh2zDBRPEriyxQDAMKd1,34095
3ngKsDXZAssmljeXCvEgOe,6284
3NgwMzys77S7sgfh2W5k0V,559
3niqfoc7C6lIeCNVz8iZYE,1992
3NIZFmehJM8YiGpCdihlck,2154
3nJWBJvK7uGvfp4iZh9CkN,20955
3nlpTZci9O5W8RsNoNH559,6906
3nLYJvqbEzs5kg2TlprxIG,951
3nmiIgeri4vEY7y0VpbsCn,3631
3NmuArRqqfxT4rvFSgb0cx,1291
3nnQpaTvKb5jCQabZefACI,8063
3NPpFNZtSTHheNBaWC82rB,48528
3nqA4JV7u2zG7prO5RLlAC,664
3NR7hAacOhmcztWvD7vJfS,548
3NRFinRTEqUCfaTTZmk8ek,7831
3Nrfpe0tUJi4K4DXYWgMUX,32729
3NTtPe8crN07jmxBkKwtFW,503
3nUbzTTtP2w4HqvT5y5vkV,9037
3nuc29fYGlQbIrwh4yrNWd,7159
3NUsiT2JSyaWAnWaXxDzhQ,1138
3NUtpWpGDoffm3RCGhSHtl,1975
3nVeK8gQChVtVCCjGreal2,1125
3nwYsifpwrKmCIpw4i0HDW,2829
3nZ3ed6p4CKc1McTLypr6H,889
3NZE8jDD2cCzd4vUyZ5CQQ,1363
3nzEXHMRFWTw4zt3pVRv6V,794
3o1cwVQfiDWafhYA02k13C,774
3o2dn2O0FCVsWDFSh8qxgG,2638
3o6TKTQIu0lCYcNtSO3i1G,1184
3obIEwSdJCDahAb7WtFdjg,1158
3OCGqx0Y3UyrBnyzjIokIr,1317
3OcvS8PzSGYMBvLdzY6g3e,1925
3oDbviiivRWhXwIE8hxkVV,53650
3ODYbknLzVe3cWQzVfbzGB,632
3OfiFNgFbJAwuQnVvOL2bh,578
3OftZbLfcqulxWNZMX8zLI,4429
3OFZZxPrO2uYjDVglqTwEr,1606
3ohcHMuUq1717s8AH17hfT,2049
3oHjuEyaFp7MddhOXddXbx,1540
3ohrdimoWGwbjGMOnTDoUJ,652
3OIHrPeryKmEnrOHCh0x7a,1794
3Oim8XBPbznAa8Jj8QzNc8,6055
3OIPwMAZipDCLQwHmxS5EG,2413
3OiVNeHkjQfnikmcBXbplT,954
3oK9o2DLbk1VEda7KOMotd,1296
3Okcq0dqLVlEFHRZ5t22bA,651
3OKg7YbOIatODzkRIbLJR4,4727
3okpOKUI8vvwAYi4cDoXdZ,857
3oLccEy7y6zTe1gCFHxuWr,542
3OLGltG8UPIea8sA4w0yg0,1068
3oNy8cjBtJzLC07I70sklp,1276
3OoiPKW9OUOaOS8l4DZXDq,686
3OPl8pWnz8rdYTiaNQ0eMv,988
3OpnoUqoRIHWbsFs4Nw0NQ,1407
3OpqU68JpZlzvjAJj3B2Da,1113
3OpWOvjJnk86geCHrAxkHA,664
3OqimSn68hatcBU1Eq4Ujc,689
3OsHwkxpSIEqqmYoQxZTT5,1527
3oSJ7TBVCWMDMiYjXNiCKE,16165
3OsRAKCvk37zwYcnzRf5XF,10498
3OsUvoKmZA2gw8rETtxGlz,835
3oTDO2HdnIHS42f8E6KIFJ,707
3OUN7gnsDijEfvaHpXAAzI,578
3Ovf2lytXSXWFM2cwsJACC,953
3OvrUspbOHgGI6T7D5Fb6P,843
3OwOKwd5FsfOD5qlH2tnzs,2259
3oYQrBzEQNpxnjWXP54B4n,826
3oZa8Xs6IjlIUGLAhVyK4G,1995
3oZR0tAkfIn1YmLe1faQST,675
3p3jPcp8b7WL9XYj4xlsWj,1166
3p4CzQQ63YygmB66Npo1cB,627
3p7PcrEHaaKLJnPUGOtRlT,1161
3P3iJ6AlAdlb4tYAu00Fhk,596
3P6duIn7oHeiBACZfYeNud,5077
3P9Tb34QQEWyjm1pYdPfOP,10826
3P33qFNGBVXl86yQYWspFj,9136
3paGCCtX1Xr4Gx53mSeZuQ,782
3paPKXFFD404Fuonc8DvnN,810
3PAwspMN27PDm81WwXDsMf,3187
3pbg6hZGMHg6G5TiuCh21K,543
3PExH6Ke8I04yK51EXG3FQ,2079
3PF1KBeHYb14yKgsiE693V,1362
3pFCERyEiP5xeN2EsPXhjI,6847
3PfJE6ebCbCHeuqO4BfNeA,8014
3pfQKkyELe3zxBQDgQP6Py,5015
3pg4cfNfPC0ehk912YtXe9,1029
3pHeBYl1yujXcZqqfF1UyQ,9752
3PhL2Vdao2v8SS8AptuhAr,6868
3PhoLpVuITZKcymswpck5b,76956
3phVKYqeq84Ai91CHTQfNq,2262
3pIGm1omCcHIb1juBNHspg,2061
3pigXV2QUatr3szcb3MacR,1246
3pkmfqaBNsMqnXus05PNfP,1558
3plJVWt88EqjvtuB4ZDRV3,9620
3PMXHMqW4MNj8usJ0fxAlj,1829
3pO1r7J66KdKt2vWMdSGim,903
3pO5VjZ4wOHCMBXOvbMISG,1747
3ppkM4QtM781APpaX7H9t7,616
3PqSrKPGZXefu4krgFCZSP,888
3pQXFWbvLit77NpvNmOo3k,842
3Ps6le7tj5BdNtdnfNgTU4,1065
3PtCud9dIdOv4exrzdZZ1C,1401
3pTE9iaJTkWns3mxpNQlJV,12613
3pulcT2wt7FEG10lQlqDJL,2003
3pxLSxg8klHu1L9d93cpq7,718
3PyWEKLWI0vHPmoNrIX0QE,1437
3q4qbeWVDpN7LcwU6db2a7,757
3q7HBObVc0L8jNeTe5Gofh,79915
3q7isf09BuwXLyR2khBs60,3896
3q8tRS0hCMVCylgKAoA0ya,699
3q9nybxzbSHsesDBHUlP4c,9112
3Q6OOkfssqoMSTtl11J5Uk,996
3Q8wgwyVVv0z4UEh1HB0KY,5862
3Q9WLyqkHw04V6DDtvPWwH,901
3qAPxVwIQRBuz5ImPUxpZT,2006
3QaxveoTiMetZCMp1sftiu,1364
3qbnxnvUqR14MJ9g8QwZJK,10324
3QbwwBVHCVDEDrVpvUcCwj,571
3QcGV278a6mmLRTOK29WBP,2393
3QDaXfnxfQqqJQK5lSdjLN,1859
3qDMrpZHtZEtVl5i1l7hP3,706
3qf2YoifC68WTsMv1YIGmh,2124
3qfrrrSO7utFdJkM2tvMRb,1484
3QGKsAfhZdldQCLuLjk6zl,8700
3QgSmABpItIdj908ek80n5,592
3QHJftSfNb6KIerLVsx7zn,1390
3qhYl1xJzm5sFxvTaSTkpF,912
3qJMkUIxNLC90m6BdgLEFt,823
3QJzdZJYIAcoET1GcfpNGi,8146
3qkZBMz5JgmRN9u5wwhRC6,786
3QLIkT4rD2FMusaqmkepbq,15930
3qm84nBOXUEQ2vnTfUTTFC,68598
3QmmtMrEf7aQrsd1VtejAV,1202
3qnGvpP8Yth1AqSBMqON5x,19219
3qnMl4DHT4gndzFAcG4FlM,3979
3qNVuliS40BLgXGxhdBdqu,1525
3QP0XPDwbvGivqDAaJ5f5G,967
3qPpwz6S0CbgMz9cGtn02l,739
3QqJ1L8cWsPFZ1YDPpUmvG,1356
3QryVD03gGZOLQQXjy3EoA,3229
3QSQFmccmX81fWCUSPTS7y,1423
3QTDHixorJelOLxoxcjqGx,1106
3qUMmh5biaB5hqpF4LqS3m,1340
3qvcCP2J0fWi0m0uQDUf6r,979
3QvuHlyW42Ei3AyGOO4AMT,624
3qwabfaWewpfli7hMNM3O8,763
3qwxSif06Qwzykdln8ZGfG,3618
3Qy1IxDSU8SLpUUOfbOpxM,1741
3qYfqdVwX0fil71onLpLkh,1479
3qyg72RGnGdF521zMU02u9,1081
3QZKZBEmr54lAVI5XvmjnM,2275
3r0OeTcOw37N9juMYyyw39,1978
3r9TXuXfOUxXjgYgAR0fP8,511
3r17AfJCCUqC9Lf0OAc73G,55875
3R4ghTFr16VfqxYeDyERee,520
3R6c2tWDBeYB1GncjLMn9n,4498
3raES4AyYCX6XlbO6lEvco,723
3RbyaF3Pq6iDUKNp04AIcU,10650
3RcaUsjj5gt1x2QK3TSNS2,594
3RDl7kNfhB72Ojsc2qiyfy,785
3REpOYo13YkVj1dFzda12A,1547
3REwdws53wUuid8AatTTMh,749
3rExe3A3FzAmYDlQuvW2Wx,579
3RfeWhoxAqlNRNcywG7RJj,522
3rfgbfpPSfXY40lzRK7Syt,5836
3RGLhK1IP9jnYFH4BRFJBS,21025
3rHl3rSgCnHhOlVB87ZxyF,3324
3rhO3rDk432VyAwyZnkECs,1556
3RHwCqK7oe6mucuIgz62BF,1036
3rIZMv9rysU7JkLzEaC5Jp,25731
3rJ3m1tM6vUgiWLjfV8sRf,4151
3Rj0tDHoX7C5NFq5DKIpHt,1030
3rkCcFVpbFYCvnNKTT7LUe,570
3RMHexittaAZkf8zukkZB8,8691
3RNrq3jvMZxD9ZyoOZbQOD,24339
3RosuARXNIOfNYoJXR7fzA,1138
3RP50pmG8Wz1mhNCidQj68,1682
3RPYHNSwe3w0mtfJwKIN9P,8222
3RqBeV12Tt7A8xH3zBDDUF,17406
3rRmDmzPcAFwcUDvG5gBqO,4095
3rs3EOlJ8jyPpdGiQ9Mhub,3298
3Rsr4Z96O6U3lToOiV3zBh,1131
3rT8xTwSOMDURtWpPyoKIO,3187
3RTAXX6KGdljBsOIupyZgT,680
3RthMq3xfDQZl80cMEg1JQ,1862
3RtNN1VnooWEn3KQk03DUL,1871
3rTRHzFfbTk5GL3LpYZGHR,1021
3RTzAwFprBqiskp550eSJX,3721
3Rwlus4QnnBSnTe8pJV0rw,594
3RwQ26hR2tJtA8F9p2n7jG,37252
3rWZHrfrsPBxVy692yAIxF,6458
3Rx4PJ7SP6unkOk5elPUK7,801
3rxeQlsv0Sc2nyYaZ5W71T,4348
3rxIQc9kWT6Ueg4BhnOwRK,2646
3rxPTMtxVQKNAbBBl6cQrw,849
3s2wTjWxK8NOX09dmsvVOh,11500
3s3ObHATXKGsoQvdcmRbCf,780
3s8alQfNnY0roAHaJh7Xxt,4794
3s9kaLrpplvv4vIzZBYPga,550
3s9wPwDWqeBbmcZk11ZLx7,525
3S4d3YRNGg2OhnNm3QvfhA,817
3S34Unhn5yRcaH5K9aU5Et,553
3sAHunotiQdUXKSsFj5KUg,1392
3sb3yLRnhW2L2ulU93eKfl,760
3sc7iUG1Wwpwx7bHeZolgx,2811
3ScY9CQxNLQei8Umvpx5g6,28215
3sDbKMebVH2VYcRSl7u1VC,16318
3SEJQy90Vgg1aSnZ9b4AU9,2297
3sFhA6G1N0gG1pszb6kk1m,2188
3sFTupo9UGgrujjN21BjwR,1115
3SGCwaCfLxx2axpPq9J5LC,859
3sgFRtyBnxXD5ESfmbK4dl,27509
3SgHzT552wy2W8pNLaLk24,61728
3sgUnR8TF35euWEV07RPyO,702
3ShGiAyhxI6Rq3TknZ3gfk,1684
3shMd6Vll0mOcviQ3hrk8m,651
3sk9GNYRthjLjrZDflxhiB,2724
3sKeaby6GMSJWgYueZaSjE,994
3SKza3YPBri1k43LB1Tqy4,2471
3slJwKuB6Ij5V0mCOKT8Jn,637
3SmFJf7fxX3J0xXP0IlwK5,773
3smfreCkyJt7bShaTYpG77,3196
3sMYEBy0CZFxedcnm9i9hf,3132
3SoOohS0zlj8nLdGmhrKA7,1759
3SPEPveuGIJZQPCHmNg4wg,1773
3SqzxvGCKGJ9PYKXXPwjQS,809
3SRJWVa6lZnqRHOyAHmDrX,4091
3sS2Q1UZuUXL7TZSbQumDI,1626
3StB6ddX8vfwCGVD9HlNUw,755
3SUT1jjM5hzZj9TLfLZGIP,2817
3Sv0RnybkUFxZfPJJlSV2x,2521
3sva1UjOJOx6cGISZOpItl,662
3SvCpwSeoWCcjfo8zjPZKB,2179
3sVKVwY8TD445BiC6Q4B43,642
3sw7CBftCnflJN8HQiUNmK,722
3sXLxfvWccL0EI4Q3xxO3q,560
3SYGWAHCe31oykdeUPpoJp,2899
3Sz7ZnJQBIHsXLUSo0OQtM,33778
3t5CzAvVZ7ruA3Uv3QvUrt,690
3t5xRXzsuZmMDkQzgOX35S,26960
3t7UqWteBBmHXkcVhMSyay,531
3t58jfUhoMLYVO14XaUFLA,1026
3t83f2J04dRWOpNBe9GTfs,926
3T0CG1MKkAu9rxA2ezgyLC,2065
3tAICgiSR5PfYY4B8qsoAU,1364
3TaUSUXn41GixL7zbvrIDt,6055
3tBtdC4EFE4bNqkt7JP0Co,541
3tCxM1rTj2qUXsiQZxvt2I,5712
3tdsh4B7GuigHI4vPtUs87,628
3THMgU4KdL7LlO5TEREs2g,4526
3TiISqKS6ESlMQ4WFfZJw2,557
3tJnB0s6c3oXPq1SCCavnd,3569
3tJoFztHeIJkJWMrx0td2f,2319
3tkZthBATD0S45hm1DmB2O,3907
3tLdnHmnfkIdQq5cyFDl69,504
3tlXnStJ1fFhdScmQeLpuG,1699
3tLYpanVDomWAZqF82NPds,3527
3TlZLU8gQBrjTGJlLLDruk,554
3tM6SwRysCaIK0kW4h0mVP,1564
3TNt4aUIxgfy9aoaft5Jj2,19914
3TOKZohBEXnd5RgCXHUsH3,1388
3Topzt1UZCz8GQlP7Zsu0M,2381
3TOqt5oJwL9BE2NG9MEwDa,39756
3tPpoDdowDWluwWsKdxhY7,504
3TQ9JTBI2n2hfo7aRONEYV,9192
3TQh6LXI9ADgyZJTT19TeR,565
3tqosLbNFNekyZyO2KJ6qd,1051
3tQx1LPXbsYjE9VwN1Peaa,31070
3trsSEaKM3UM2R9RBJwdtJ,897
3tufWJzpCiAGleBt5TkmTn,2932
3TVjdmhfFoYJLgBEkkZTBm,913
3tVQdUvClmAT7URs9V3rsp,4933
3TVXtAsR1Inumwj472S9r4,846937
3twuAojvYNrlWZpMkxLm3P,1531
3tx8fyu3c4OBP5nejYtUOb,1541
3TXQ1ddouwQAI78hV4hXDj,829
3tYJfCciy07wTBt2HpjCQw,535
3TymzPhJTMyupk7P5xkahM,1721
3u1ulLq00Y3bfmq9FfjsPu,4555
3u2R8st1bb6zfBqNWceRXG,3625
3u4HBuoQ4dgPBzX2Q9uf5S,569
3U1u6ytK0DaM89dqiVxB0u,802
3U7k7hBsHF9dy4ELW53Wrv,3206
3uaHfXYx9Fh4HjqMbrWn5S,654
3UAk61T8PItbpgEi9u7ofY,8587
3UBLa2huRORV0HmGQq3fGs,2244
3uBMhKEXqr2UtRlx7Jn9LL,505
3ubv8WIA649ar6dwEH6ATm,588
3Ubvmshojm0HJHWWr4C6GF,988
3UBvyQF5Hipou6Pm7wncxr,584
3UbyYnvNIT5DFXU4WgiGpP,10407
3uC20p2EoNm5LYtzSVWdkL,596
3uGFTJ7JMllvhgGpumieHF,1192
3uikSah4dwqwuk0EidFI4R,614
3UjPnt2nRmw10N58bBeNOg,2961
3Ukr3Ufjg8ygRJv7Ww887f,688
3uL4UpqShC4p2x1dJutoRW,957
3unn2dJYmOFpUbozYoyBKl,692
3uo0ix4Y67XHVWBhXXIY1S,1851
3Uobr6LgQpBbk6k4QGAb3V,9017
3UORxcctdWi6drku1qOrol,529
3uozhfx4j9O9JCGHpp9mTn,541
3UpIbyXfGzmHG6TMH4dJEk,1448
3uQ5cxFHxXddqPL58egs1z,765
3Uqc6c1DUPkyUQSeatexYU,1372
3USpNaxpX1iNqNnQWqg9ob,1328
3uT7nEkZwWc2GBiqUZGoOe,2038
3utxjLheHaVEd9bPjQRsy8,6831
3utZ2yeQk0Z3BCOBWP7Vlu,2668
3UUJfRbrA2nTbcg4i0MOwu,4159
3UvcmAOZt64oKpP95f6MMM,1476
3UVRliakQfa1pMWIsNuiZ8,11087
3UwlejyX2b458azZ7eCnHb,1610
3uZFBSsMiooimnprFL9jD1,1414
3UZQmKr3fkPDCdIRtdX1RV,1006
3v3clM1KQgVfpPjKJFPAmx,3665
3v4feUQnU3VEUqFrjmtekL,4429
3v9wPA58IVrX2dg6AjSPgi,977
3V1h3kAdiVDBiwlY2i6dJz,924
3V4IvzRQYP5mzuVtkcHgVa,583
3V8Gdws52TzoL8WLZHvpzc,3111
3V79CTgRnsDdJSTqKitROv,2013
3vAaWhdBR38Q02ohXqaNHT,48247
3VAxb3UskTNiHAKh4UeOEv,8427
3vbKDsSS70ZX9D2OcvbZmS,29623
3VBpsrUi2vV7Uj87ONHu7Z,1431
3vcFXwLEUdfWMu7gTQKyot,6109
3vDpQbGnzRbRVirXlfQagB,7481
3vDUJHQtqT3jFRZ2ECXDTi,5830
3VEG6gxFIMfl4Cdog26avS,1486
3VEqFWRt47xQAZJMBF3duQ,602
3vHV92ecrylnUHDM4d2MtC,11949
3ViZST9PgFoieuOHY2GZMp,5965
3VJakY5Yw5phAOF4Bada5v,514
3VJHDGyXflZQf3k13816eQ,2482
3VjZEaHXvNbCmV5jc0VfZR,2155
3Vl9fyKMIdLMswk8ai3mm9,635
3vLHHLcJnVDoKOyKYdH1g6,1401
3vmCb694uLT5FBO1lVB52U,1291
3VMSmJURVM7s6LkrIaPZvi,2026
3vmtDGkzacafVdenyPHPMb,1562
3vMWY1bUrmYoSoEWLiQWOZ,1045
3VNDPLoRirZi28lxSEYkZQ,1463
3VNITwohbvU5Wuy5PC6dsI,14481
3vRclCt9VnNhYIxFMQCxuM,866
3VSHFjwG94ubNcoST9hfxX,1878
3vskr7Z0TqgoYUi1iLnhy8,635
3VStI6m5Ig9FAyUaa0lYAP,1570
3VTJqPiHqHHIrx1FL7avMY,587
3VV18HyGcfLTqNjSjbROA1,935
3VVLqeEqQQqTgT8YhfY9Z6,3308
3VwKSHAfgzV1DOHV0aANCI,4792
3w2WYNyPCPkZFoC1EqfCMe,1903
3w4VAlllkAWI6m0AV0Gn6a,943
3w6zswp5THsSKYLICUbDTZ,8186
3W4lVkySjtIvd67UUg0F3i,576
3W4xM5XYtUp4ifYYPVKVdk,978
3W9UldYu0xJcaOAw2SUTDI,4663
3WaJSfKnzc65VDgmj2zU8B,7006
3WbeZvDk1COiO2dEokZqn7,1393
3wcj11K77LjEY1PkEazffa,839
3wdXgSpjbbU3tX9KasdxMh,916
3WfJ1OtrWI7RViX9DMyEGy,24144
3WGpXCj9YhhfX11TToZcXP,48136
3wGRXHdFCbyHhyVbdAWNrd,1108
3whuHq0yGx60atvA2RCVRW,11485
3WhvgoOwfFRjuHf7zgCptu,532
3WilJWdCNLSU7fpYjiKb7v,2373
3WiytRnvoL0kT3oAGl9TCt,970
3wjsrpfO6odEphTZWx45RQ,4929
3wKj5PmSpnrtz9n9hG2QCA,951
3WNUkxJcJeliFx9KXWXMgs,1029
3wNylAjJX1PiCpMKx8Lrfp,591
3WOOglGBDGvr6c2WBeMAWn,4957
3WPKDlucMsXH6FC1XaclZC,1381
3wRA5UYoo08BBKJnzyKkpF,2026
3WrFJ7ztbogyGnTHbHJFl2,129902
3wRGr9z5I5xmmVc21fIvC6,724
3WSK3JppX3N41XHVwQp7Gt,591
3WtcOzeKXq5mUINE0bNfnt,4636
3WTWOrIS77vY3hkCFqTyIw,522
3wury2nd8idV4GecUg5xze,724
3WUUtA45g7X0jbeywZz888,546
3wVllS5itPK6rpHwfvNce4,4313
3wWtfT7S2uVJJ3hGZlOLkZ,14579
3wyfo3svXNWnszGAEVey11,3864
3wyVrVrFCkukjdVIdirGVY,43116
3wYyutjgII8LJVVOLrGI0D,4803
3wzxasxU7kQxHPr0ky5rJq,917
3x6gZfwmkDn92EKOwnYq4H,532
3x7BaW5q1SDNv6bVrbOCmX,1602
3x8FbPjh2Qz55XMdE2Yalj,2185
3x83bY5hTdj6Q3uen2mytX,1167
3X0tJzVYoWlfjLYI0Ridsw,819
3X3DHASP1G1waqVoEDWMHr,532
3X458ddYA2YcVWuVIGGOYe,8790
3xbmS6qcRWTyILBoaqAPT4,546
3XBxSfCwYIMBzWmJL7ZJ4U,2331
3XcCT5MPlQPWFTJyzXbfuX,1131
3xGht4cr5E0CQVTMp6g3O3,954
3xgj17ZsWxxU86S4qlWvOi,595
3XHO7cRUPCLOr6jwp8vsx5,69598
3XINWZaloea97SIRiyTJxX,1431
3XlIhgydjvC4EniPFZT20j,4693
3XnO697XIus1M0cMuxZjos,1783
3XonXgjEAAXVl0WKLF1Z4g,863
3XR64HmFo4OvexUUNW7TP0,554
3xs0LEzcPXtgNfMNcHzLIP,2005
3XsgWn63EnA4wYZBjVyxjf,1037
3xtft29VZ2knyu7dEC9N7X,1126
3xtK8y5UQ3YFudzNct4tsw,1121
3xvHWAD1Bz6vvVmVMPpZJs,2026
3XVpDdKav6C6zwlDXPhMEO,1984
3XXrhkZKSGd3CUJQFnx5tQ,5844
3xXSg1WJPGJuNjQV0REAzk,1088
3XxxEq6BREC57nCWXbQZ7o,1990
3xYXYzm9H3RzyQgBrYwIcx,602
3xZBpeXHkSjTKQIR1OeKN0,793
3y0d6ljlxup7X9hZKSdKbr,728
3y6SKYXXP4lrliD6CzVXH3,512
3y24n3XhZ96wgwRXjvS17T,9330
3Y3xIwWyq5wnNHPp5gPjOW,22124
3Y7RZ31TRPVadSFVy1o8os,9446
3Y10boYzeuFCJ4Qgp53w6o,4471
3Y365ZqTf6fJ4ZcRnLKPGt,5219
3YAy9OUnnRsk2JLTaOLcw2,1803
3YBIrJozn8fop4UYIt7wcV,1178
3YbOSxo85kla7RID8ugnW3,3034
3YcBF2ttyueytpXtEzn1Za,29746
3YCKuqpv9nCsIhJ2v8SMix,39922
3ycxRkcZ67ALN3GQJ57Vig,2328
3YdT8QvV4QvY4DfVJhxdcZ,7531
3yEnArbNHyTCwMRvD9SBy4,5337
3yEqgEvatASNm30zZR3ZHl,1862
3Yg61bt7pZYX1bbMXEj8oY,826
3yH5TJUnPNkRwGE6sHHuuS,628
3yHLsTJ9OZ19qwY1Q5BEQJ,830
3YJMzGjAm245zwJooY7PEj,2500
3yJnBqAoRUNeDabdYoiYWD,2515
3yJUTkFm88TiJPLhLHKumn,605
3Yl4nkmEa8BSuGWbwhdLDq,3156
3YLiOsRRbTVzw573enfSkH,709
3YO2a6i2cfdFbgxk2HDfPe,1270
3YQKmKGau1PzlVlkL1iodx,198905
3yQxGz288i3AqOxq7LYHUU,2825
3YR92OLKlvkK5oKNekSqXe,895
3yrQJxTTj7xS2deLcXiEM3,617
3yt4IVDHz0luREG9Uf9xrp,1891
3ytV7vc4ZuwGgwaOuWvkk8,507
3YtyoEgKHvXTa5095tG7h7,620
3yvCFkK57FXH7JIwZQ5CmU,1800
3YvItMA9raEv1Im7sclgDK,559
3YvQkjWJ5ykJVUNP7YbTy9,2232
3yWCAtesP5BFtJnBbgfv8b,723
3YXpTiyVmYCfANOlnWv6vr,774
3yY2gUcIsjMr8hjo51PoJ8,20322
3yYUV3hkJit05YIUEODqgp,1121
3YyZFf9ZN2YbkqeZia8zHX,802
3z1cp4jtdPSklLE90162gh,1871
3z3g65U7mmyyBmmDfsQK9x,4255
3z6Gk257P9jNcZbBXJNX5i,17752
3z6Uf5IZkN4TogRpRpgD84,891
3z97WMRi731dCvKklIf2X6,517
3Z02hBLubJxuFJfhacLSDc,26906
3Z1tibPKhUYWCno0IYicCN,1068
3Z2jmNAP2UaGa8lPpi54wD,821
3ZAIKutVvLYqmcxfkBz5aP,618
3zAxGWQqKmDnAsCY57ihKR,1204
3zaxUd86U92CdZkNa6NUo9,1143
3zCAmjKyHsG7kTGsls1cfj,2677
3zDRCqOhJXJfS2YWOEwGMC,994
3zE5jV6Uw9hhdWCXM8hS3j,1980
3ZGr7nQBXDU2WhyXgRVbt0,4551
3zhijRRIZX2B6G2T7vJl9p,604
3zIJJVhqINXeuLWMbZdlbY,1647
3ZJC8cLts8Q8s8JbNJKsLf,2450
3ZJxEmjYZd5VOqZ8o3aXiL,1394
3ZllGjNdP5pS8UFnT5Jj2x,4739
3zmmBJseZelpVEHj8S6Dek,802
3zNM2tRfTX6LI1lN2PlrTt,3487
3znXuXT3xkCtjgOxXBBVnq,1733
3ZooCJzNMTLpmJaIRUEorI,4955
3ZotbHeyVQKxQCPDJuQ4SU,2918
3zpKjsMg2gw1St5WcWoUJN,2177
3ZQEU2arcWXSv3oz8hwWBK,1063
3zRstk92RGCVDyslSySNsm,5598
3zrUX1hQrUB9aXcOiyQLmN,4086
3zS0bv3Tv9XSLuZjOGFpXj,509
3zsR0Nsw8G2KuzKSdmosPI,1160
3zt4I5TLIb0Z9RigaiHe5G,824
3zTOe1BtyTkwNvYZOxXktX,9592
3zuevuwyBq4MiQzPB3nvW2,1430
3ZUn6LYxdmmPYQqBhFWI3h,1180
3zunDAtRDg7kflREzWAhxl,3425
3ZUZYvTkSr7kJQyAXVpqaL,745
3ZWab2LEVkNKiBPIClTwof,2168
3zXefhSXvdPat7oeahOXJI,598
3zxKH0qp3nBCuPZCZT5Vaf,21374
3zXw2Eh96iTT51pytzHdZi,9067
3zzeZVLuOeetfimOd4k8rE,1918
3Zzs4IqjV4b0yEFWqRv1si,1595
3ZztVuWxHzNpl0THurTFCv,1285
4a7CDXcRCXi4kp5z7SEXtg,1465
4a9sClW4YpYQE5jUMAWx5W,518
4a9trpOGiMh1H2xMOiDYLR,817
4a16JEaHldo5vZuRojtGTZ,518
4A1yfFuBmBOgzv4Oe3fFHk,874
4A4qYy2jK9DDN1OHV0nLkH,988
4A4X3dAnue0OcKTt9J5A9c,784
4A9xtvezlouTD7H0kyUje9,596
4A18NGfdKU0HrkmvVlPO7I,594
4AA8eXtzqh5ykxtafLaPOi,13972
4AA474G2hRfrHyGrfyDseO,1958
4AapPt7H6bGH4i7chTulpI,24319
4AbDWrmJPSOeIbT2Ou60ik,520
4AbRZCdZWw8qioHDpEmojJ,796
4aBx7mA6lUOVhEsjokZrXb,714
4AChEoOg2kLbShMIN3jgxX,1325
4AcHt3JxKy59IX7JNNlZn4,34050
4aCkc4HrwC4Dopig7RELoH,988
4ACplpEqD6JIVgKrafauzs,3737
4aeIWo5CMF1uRmqgJdwkZW,1638
4aEnNH9PuU1HF3TsZTru54,6011
4AgfaZvOiSS97uy5ekQ7bf,731
4AGNJdJiVltImYk1UTLE0K,1434
4AgQTHagFdBq8VL791lSXz,2010
4AgusFXPk24LCGMMplX34M,605
4AGwPDdh1y8hochNzHy5HC,11666
4AIrrLLbFy7YUSdn2SvqRB,550
4Ait1vX2ZaWPrkua8Z664O,1003
4Ajgo7nAsTzjSFymIfBjZ1,953
4aJTB79uwT4sP0Nb8QGWHc,16057
4AK6F7OLvEQ5QYCBNiQWHq,139554
4aKdmOXdUKX07HVd3sGgzw,1202
4akj4uteQQrrGxhX9Rjuyf,1989
4AKwRarlmsUlLjIwt38NLw,889
4akybxRTGHJZ1DXjLhJ1qu,15495
4aKZ8rfdsQeR7YSskFu9V3,1213
4AllEJE7mVkhhyUV6DjqPz,4960
4aP1lp10BRYZO658B2NwkG,11931
4AP2adBA7JiDBoymnpYqVI,891
4ApdWjZjftqD77Vh6qDbCr,542
4Aps5MV0tm2w87FMhnJPs8,505
4apX9tIeHb85yPyy4F6FJG,6105
4AqIRTZF6DDmKmdorgFug6,721
4AQrqVz6BYwy29iMxcGtx7,1541
4aSEmLLxLX9wR5aLMllOKj,2795
4AVFqumd2ogHFlRbKIjp1t,24812
4aWhlVjiUjYHpVWBPP8AFc,873
4AwLiAGc1rRLrCepj5rdTI,2526
4awU3JRQXIYoxabdwO92AU,791
4AWzJ0jYO43xrWkQ4O7R5x,728
4aXXDj9aZnlshx7mzj3W1N,9718
4AYkFtEBnNnGuoo8HaHErd,3237
4AZab8zo2nTYd7ORDmQu0V,2405
4b0WsB47XCa9F83BmwQ7WX,6317
4b2v3PBjJJCF2BX14lIAsT,715
4b99uGDv75xD1n2QHuPRDN,630
4B5rYujqJxWucM0JyYsaFn,604
4BA9Z6ZV2JBwwLGGoZX7bs,660
4BANbHDs1IluagTx5eRW2P,3572
4bbloxL2d1IeYwuT2eIgib,8406
4bcaz6nXnH8LTRiXALe8XV,561
4BDcdxfbZiDASi6u3wKh5U,582
4BEYBN6NCPrFk3sOLMTby3,1792
4BFMTELQyWJU1SwqcXMBm3,2109
4BhiV5JTPRMplzEuBPK6Ie,532
4BIQA9vRkqXEnA2twmq7mU,1596
4BKyei61gtyDFxlKhcvBJJ,1249
4bL2B6hmLlMWnUEZnorEtG,11146
4BO8wK4OAaFsi6PSzs366S,587
4bODnAlydTbem2JAjDX52y,1035
4bofI6U62c9ZvTOrORFVwc,562
4boI7bJtmB1L3b1cuL75Zr,858
4bokLXmltodf13GHlsiQD2,536
4BoRxUdrcgbbq1rxJvvhg9,3278
4bPiOPI4V99cepEftvBYak,8849
4BszhWpm1hnrTV8E8YONts,756
4BTcOR2hEQZQQL5AMo5u10,3650
4BtDAwCZhR6nPrJtbVgQNX,1307
4bthk9UfsYUYdcFyqxmSUU,18160
4bUqnkrDrb4f7rqmDR9yDu,3604
4BuyNtIXCdb4fHesOdR3io,2688
4bvWFV51SAEocM22uiDOza,762
4bw2Am3p9ji3mYsXNXtQcd,3016
4BwiodzEp9Hwes5HeFjMVK,3093
4BWn7qje7L2bGp79bupn3B,964
4BxCuXFJrSWGi1KHcVqaU4,28778
4BxJYbvCLVAO73rMZ6yTKJ,614
4bYPcJP5jwMhSivRcqie2n,4418
4BYxqVkZyFjtik7crYLg5Q,45257
4byZW0sEv5RUoyQBfv7CPw,547
4Bz5TfMslds0eViTxhE6gK,942
4BzCdhJTyTS3gumq9xmymb,10515
4c2ighP1wj8E5dVGJDCOiB,519
4c4aEmXU6Hx95REbIZ3S82,520
4c4iX8pe1SV13xToguoelN,877
4c6lhwoOrmgNWvl0GxHlW1,6132
4C0vbj4LNsNUjH0Q9IFW3B,852
4C3uGP8vRDzxrhJxZiOjTe,1864
4C4kpaAdp6aKSkguw40SsU,595
4C50EbCS11M0VbGyH3OfLt,13442
4cBjJBPtvetlysjjojDLUA,884
4Cedjq5BQL3MhapRvDpFED,2916
4cEwEednPwWCdYT7ZhROZe,1483
4CfFkWbFTygKAWZmSJML3D,1149
4cGfgRmpFc9zgZMfuSXhqy,785
4cHdzQMvESi5fSYStocJQT,1502
4CHiVarfTsFhkFOk5vHS77,1242
4chuPfKtATDZvbRLExsTp2,791
4cJKxS7uOPhwb5UQ70sYpN,797
4Cjsh7anKDaMnQ3YHB1Xwq,3767
4ClsVDy2g7RKSSlvq8cF6d,1239
4cmA2QDPdzh8W2ytpyUGes,779
4cnFw4bkIWVGKUBsr93OS5,660
4cPHsZM98sKzmV26wlwD2W,9434
4Cqia9vrAbm7ANXbJGXsTE,2155
4csQIMQm6vI2A2SCVDuM2z,7546
4cSYNpczcvTUpnPMFDLsIc,864
4CTKqs11Zgsv8EZTVzx764,4930
4cUfFbVZGSsJWdbfmkdxYq,676
4CuipEvwcoQggmCV8jpKF9,2468
4CxobvwTpmfpIEbkYh4pAb,1220
4CYeVo5iZbtYGBN4Isc3n6,4012
4CyxMgnF71FyOWADVWxJRE,504
4d3yvTptO48nOYTPBcPFZC,8911
4d53BMrRlQkrQMz5d59f2O,5443
4D0WfOUqTzqKysXt33VL3j,621
4D4d4SGHSnXy5TxqhfDl3H,1609
4D4V8azUT35CXHASQGY9k6,644
4D9k73VomKTnVQ6ROnt8IO,1894
4D75GcNG95ebPtNvoNVXhz,22548
4DabGEOrvBxxta0YlaaJpJ,624
4DBi4EYXgiqbkxvWUXUzMi,12364
4dBOV77d0Fy9KcTZkieXcu,1312
4DbtUTi2WsBNdruAZL2pNz,550
4DdkRBBYG6Yk9Ka8tdJ9BW,1413
4dDqxbEKfPN3RZYrGr36y8,569
4ddt8PPvmWrI9mJQy1VrIG,2332
4DFhHyjvGYa9wxdHUjtDkc,5317
4DGNqGOtNY9niSpCKwINyU,522
4DHLoiIqFYYFjH09WduvFd,894
4DjY0CaKAejJgghVHTaOUy,805
4dkPtsX0xVdn8gZmdMdFuk,1442
4DkYxtaASIKQnk4Gj0TB7k,1184
4dLvccxeQIM5u80Ri0u9OV,4020
4dM6NDYSfLcspt8GLoT5aE,18419
4DMSJzGjw2SMkKAT5EEE5u,6052
4DovRSplr3yJIeE3r0RtHj,3132
4dpARuHxo51G3z768sgnrY,109257
4DSNcg40nf6T3eNAObq1Lo,547
4dSQICBjdUIp5iK6RRU2bY,5148
4DTbdShHu2RPYEEMUp2XWV,583
4DToQR3aKrHQSSRzSz8Nzt,2330
4dUdNvFt1PhzClTKLIT83u,642
4DUQBYAyOTZotSEdKhaf6c,2239
4DuZTASH5eSyd0K73W6fuZ,547
4dvonCK12HCv1UUryzRppO,600
4dVRITwfej74WkmNpgYVPb,529
4dvZ0abeUaiHm7Fu9Gj0PQ,1526
4dwdTW1Lfiq0cM8nBAqIIz,57551
4DWnSG0RYPAds8EIKY26q3,712
4DWX7u8BV0vZIQSpJQQDWU,3138
4DX2G1URzfEiRg2wBfv4ub,1272
4DYFVNKZ1uixa6SQTvzQwJ,1428
4dYQmk5ma04mZ1KJ9KkAQK,1925
4DZGvSv2oMkBUnPz67E6z6,14944
4e5V1Q2dKCzbLVMQ8qbTn6,9726
4e7qJTThm5uI3CplqZObfT,977
4E7AV8mtElSjHZP3xA9kyU,728
4E9GScOUpq8PgyRhItXx7x,858
4eAOcbAXIF4BmbN6E1QIlw,2671
4eDpQV93UILljVxohKoLUs,560
4EENT7N7rCBwrddM3s0vFS,5210
4eeRviM714mXXeILmKHxh2,589
4EEZg8R3dxbTCCQ1DVWtHg,1077
4eFImh8D3F15dtZk0JQlpT,844
4EFMHRFpgrpfp0AVEBp4m2,515
4EGlaDAVZTNNknDdKHrHRp,554
4ehtJnVumNf6xzSCDk8aLB,9115
4eIjSDb64R18sJaNlOGaFH,1185
4eiYHJLlxeKQXAw0UDoXJl,583
4Ej7Oks6loB2oJQ3O7Rujs,1277
4EJP6Qhk6l18LumCcpEfLw,2892
4EMtGVFvfCSrEmWaGV0roE,3268
4EnEZVjo3w1cwcQYePccay,27641
4EOKpEhAFc9ISyMJHZlQYm,3638
4epBFW4UHEmgjIK5xOrBhk,1191
4Eqd24yS5YcxI8b6Xfuwr8,8165
4eQJIXFEujzhTVVS1gIfu5,2446
4ERtgeBbWRkFzIz6LaFCeY,9343
4etuCZVdP8yiNPn4xf0ie5,1562
4EukMPjtYsdi87lkU1hIxN,1234
4eUlH7ZUwEM0oaXBBkizNt,599
4EvpjRZNR6ZzxqYPwJ2FmH,606
4EVpmkEwrLYEg6jIsiPMIb,23317
4EVSOMkocOlqAZ9ujkGrQR,2752
4exLIFE8sISLr28sqG1qNX,2037
4EYP8xAKjfqjJ2bFWX7qLa,604
4EzD52bDFGZTEeEucKHtDs,722
4eZebkMFU3xelF8mbZYXyl,5055
4EzkuveR9pLvDVFNx6foYD,51094
4f5V3PQ66nIrBCqugJtaGn,956
4f9iBmdUOhQWeP7dcAn1pf,5290
4F7Q5NV6h5TSwCainz8S5A,7134
4F61H4lx1js4wtWfb2Rfnt,848
4F84IBURUo98rz4r61KF70,36137
4FAEZeJcsYYBkNq2D3KGTV,5474
4faUajx9k93O56nlmpkOuz,1007
4fCRFHEQgjqakvFgQCliMp,2729
4FCzCS0KEgb0rgySWINItO,1096
4feAxLUxIU7G4KXhH0h2ni,1475
4fFbBXQ3LooiXGHkpX2Xle,547
4fgXfJCQnK6c44u4KzAtQP,2331
4FH1qQ5KcTtomryu4O5pgX,1339
4FLA7MpTdP5nNUQfiaA3WM,552
4fLpQdr6R7gqNGY7xpr7Jz,2401
4fMhmL6pvw61o0C1z8Bdib,781
4FmJD0mpgQ70SNt2EKK8tq,764
4fmvA5uVlZUNsje29D1PaW,1456
4FN8WHqUbwkd97WEjoCu7B,947
4fOEggvs5tQ7LLJgXB9mTO,530
4fQHCuys7JZvaQzRvB1kPR,3249
4fQii15cX3Q0ZkjCdsIxkZ,1486
4fqk0Vw0VrIY8O2eWtmQO2,3536
4FqPRilb0Ja0TKG3RS3y4s,3146
4FrAfXWWNZapoX4O1LEoLn,731
4frHO7KPcfMjhnVdIMJ98c,1572
4frXpPxQQZwbCu3eTGnZEw,5760
4frytKnOBrer4QVPWynGtX,4112
4fSPtBgFPZzygkY6MehwQ7,1043
4FtcVLw0u7qvqrJYLHkHZn,1021
4FTDSkWpchgZy2axPEGDJW,759
4FtSnMlCVxCswABUmdhwpm,4556
4fTWIwXX49PpfrhxBHfkkw,658
4fuZypKGg7klMEF10KTuAN,2493
4fv1OFJywZ7DHCz3mVQQ45,946
4fw9oPmbbmHW5aAJpkJdlI,4555
4fwuXg6XQHfdlOdmw36OHa,2025
4FXGRMSHh2JjHxVwS8dhH1,2157
4fXkvh05wFhuH77MfD4m9o,5405
4fxp616ALtFWnXfwxnjLzW,857
4FZ3j1oH43e7cukCALsCwf,9255
4G0XDEk7RbA4BBCTs917U9,1599
4GaA53bqvMoSs2WzEFGiLe,1638
4gaipGwvI72oJZVL2P0WJd,636
4GBe6ctpZMwMbaRb9KZrNU,648
4GcpBLY8g8NrmimWbssM26,1281
4gdU6QYD0tktQA9AHdcNn4,1462
4GeHKoBHS3bHLGBUDEi90N,534
4GepMkTgrIZECoCC55vqjW,744
4gFssfOmWNY3LfIZ3zyoy4,4759
4gGGFclZZyED2i5BgzGAlD,566
4GHa4pyuelazwyhdLo5AwL,729
4ghjRm4M2vChDfTUycx0Ce,10179
4GhUchfx0YFPsDaXZRJp8v,2380
4GIqbOr0FgE9qmJ31kVYdD,1204
4GITZM5LCR2KcdlgEOrNLD,8770
4gJCFxvqKc43Ifk0UIBB42,1558
4GLJPBj5Cdr9AgLKvLWM4n,1073
4GLzX588I9R2vs0nTHhD6Z,591
4GMgdB3vwbBOc42hbXEi9p,2831
4GNC7GD6oZMSxPGyXy4MNB,1677
4gOl5m9dY7IGAipqpul7GZ,1294
4GpVRyxDYccJrbQkO3KWws,988
4gQ8biCMcMrOuBdJx639Q0,786
4gSTRpmeyYppvIXuFKjfAL,897
4GvEc3ANtPPjt1ZJllr5Zl,574
4GvOygVQquMaPm8oAc0vXi,575
4gWAItIMhYCdD82T8tvv3T,1149
4gwpcMTbLWtBUlOijbVpuu,22110
4GWqzTTt2uA9Ms6HfUhWUn,681
4gXpkrW0O3Tnf1yf5YKfdK,719
4GyYa2wB1SohURhDwDCCnQ,1376
4Gzfk9Lxm67nBs7E9BZjzG,2198
4gzpq5DPGxSnKTe4SA8HAU,182350
4gZRt9wlRx1IsxT9glJdrc,1590
4gzyIFii6fWdCiLsP0bocC,845
4gzYX1gPVnAh5YB1MAo60t,565
4h3cy2TQzlb5Aklcr2CghR,2285
4h7NLIlg1oYdEtfQJfyto0,955
4H3e5t5utgPvj6Nsuda5QF,938
4hAridhpYF50cbO6o7jB3b,4250
4HBMToZ4yMR07eiK9IxtjK,1580
4hcWMDrWJYyU66HA583nCb,596
4HDZhpscfVL3MjKgpwblrr,909
4hf3caW9H8uFwwbv5pFjcg,7679
4hfcSstwnyuBoek1dQwLkG,662
4HgF4KnohByNElYid7iCNb,3389
4hGjngc0tPOBwTgTPci3IK,2994
4HgqjpBaWctBWVHafQIpRt,1366
4hieTkZSZ7OWaN8hTB8tC1,677
4hiLNlqr4vQdiuo1aQKSXS,874
4hj6ZZxaiKvG5GU3PYf7Gh,5517
4HKCjseZVD2vG7EJG3yLwt,1963
4hKkEHkaqCsyxNxXEsszVH,9851
4hknFHNFp3UMm2Rbc6Ansf,582
4Hl7XDx1N4h7qjLCX3SlcZ,1259
4hqDqHtBlgxXpLXVYf7c8L,3620
4HQjQ1pCcv25LRqTxWKN4t,509
4HrkLxQHZ5mgCtIVpiH5QX,2085
4htjQW3lgIwL6fEJlTOez4,563
4hVcxmC7igpot32EzQf7IR,1157
4HVmeVTQBgvTuvjB1JYwaf,641
4hvwEwrCmGj22uURGVET7Q,500
4hwJwkgsufeilLXS1ZfJqq,1548
4HxBVyHaUa60eCSsJWxwWR,693
4hxDvVq5t8ebPYPdBl1F9f,2338
4hz8tIajF2INpgM0qzPJz2,9929
4HzKw8XcD0piJmDrrPRCYk,12454
4i2mkyKkRrc0OvPrWqb4BE,2903
4i3rHxf0hIOVLaXsvSaaRP,1525
4I1ZPDoEcZOul26MTXDhNO,574
4I2BJf80C0skQpp1sQmA0h,6304
4I2QW85rkIhCRRZt1kuBqS,1046
4I9DOo7pz3fn9yjxTktmX9,849
4ibNXJiMYOPibpS9DB9Qz3,716
4Icvbp9RDt5aY2TWDOVDsr,13927
4iCwCMnqsNZ6atvRiADgtn,826
4IDpDJIDfK96HMLD4Tphyl,2683
4IELX7NrLBXuw8f51cUZuM,723
4IFgewC2urR62Fwt7uAU03,666
4igDSX1kgfWbVTDCywcBGm,10935
4iHNK0tOyZPYnBU7nGAgpQ,75771
4ihWkKDRxQFy33afJaI95y,610
4iiQabGKtS2RtTKpVkrVTw,14706
4IJczjB0fJ04gs4uvP0Fli,18462
4iJLPqClelZOBCBifm8Fzv,24266
4IliztYDlfMvzQzbx50o60,8040
4IMAo2UQchVFyPH24PAjUs,3040
4ImxhwjNOz0es0voxGHCoP,892
4INnl87UanPp6tDoL9lSHV,792
4iqAeIP1ynbt71G0Oi8VIt,621
4iQHkms1GjFd7pjSHqs68B,973
4IR8ZkpbyyKrqsIzchF3NB,4667
4IrPx5Pieem55X7D0OTAiW,2342
4IRw3ME1D0lYOyFyXAjDv7,529
4iRZAbYvBqnxrbs6K25aJ7,3704
4isewEHTP7Az2QheDdBQ6J,1225
4iSKnRZAxkmqNok6tv10Se,4167
4ISvSAA85lr3lDwpMEBNgS,1322
4itksv8jgpEcvRvZ7lDalQ,1983
4iudEcmuPlYNdbP3e1bdn1,3021
4IVAbR2w4JJNJDDRFP3E83,30988
4iVhFmG8YCCEHANGeUUS9q,17399
4IWBUUAFIplrNtaOHcJPRM,36701
4iylWAhvTVtSVhIeAoM7Bl,545
4IZLJdhHCqAvT4pjn8TLH5,575
4j0qbafzqnGf4ARF8tY4VL,7255
4j5KBTO4tk7up54ZirNGvK,2670
4j7EVY3kuDwLPfD2jfC7LC,2968
4j56EQDQu5XnL7R3E9iFJT,44915
4J3wzDMI97AlGimdiVcaLb,925
4J4o73Oun7v0XXRjN8DPif,8997
4J6UXkUpIArZbKXhh0cOC2,766
4J13m9IZh03PEhoxAxRhXO,14805
4J69yWrKwWJgjv3DKTZcGo,3757
4JbmXqez7WvTggoxn3UpVT,5493
4jCbgl5Dmt3uOh8WRQfpPs,983
4JCt4xrbbBB9blkKwNlcJ7,2264
4JeG1IusHcsL2owYnsJ7wk,741
4JfFdF9Row7UXtdsKtT6tc,944
4JhjlqgMbd4RlrT81VoTIF,645
4jHWpUyRI2rzJVimtasEBF,2203
4jk4lxjwNCDVIwHyCrUmlk,1322
4jLcgJjDGmW0HmvbSf6lEI,1902
4JMdvZoXArDVuMNNelKmjo,7723
4JNfz6aO9ZFz0gp5GY88am,6857
4jogXSSvlyMkODGSZ2wc2P,13579
4jpaXieuls7LVzG1uma5Rs,1023
4JqzwqRUOCEHeIVRDWG5Jv,940
4JreHVYyb6GqE2BU03Kx96,622
4js8BDiQwnHLlDmT1shPH7,584
4Js9eYwAf9rypNtV8pNSw9,6440
4jU68Hm8np6WNZXMqi7rz3,2968
4Jv9I6DAbcjDa8HGFAjv94,1001
4jWGfUCFeTu5e0wprRhHXR,3627
4jWzNq3sdzSpqn7BnzvIKn,969
4jXfFzeP66Zy67HM2mvIIF,2808
4k1ELeJKT1ISyDv8JivPpB,4065
4k2ggpJpzdQHCBQ84f1jBy,736
4k3yrCOPB5wp2ne8R9MQoM,1346
4K3DSWzghkGUcQOEZG9gpo,4213
4K3NWDwBIxgktui14SccR2,588
4K5H4yfTJAW1Un7osTW9Yz,649
4K6blSRoklNdpw4mzLxwfn,786
4kCZ5nyurc9eIqLJfUcW0Y,1163
4kDmwaDsfY9hcvz7K0otLJ,709
4KDyYWR7IpxZ7xrdYbKrqY,3633
4kEAjV4pCBOkoowYYQydvO,907
4KEI2PqhlvbAdqlolRTTrp,517
4KHdmkq99PXA6QEJ2lKpA3,2296
4kHtgiRnpmFIV5Tm4BIs8l,1860
4kI8Ie27vjvonwaB2ePh8T,42354
4kjWnaLfIRcLJ1Dy4Wr6tY,8023
4kKaAWGdu6WW0W415RWaQA,6641
4KkHjCe8ouh8C2P9LPoD4F,2302
4KKQvsAWZWMkS1QCuPnajG,1656
4kLvhMAuCloLxoP1aVM7Lr,10670
4kNRotUiNCcfZhnpJJTDtl,547
4KQZcyr3Dn3NEr5Qu7dxuc,588
4kubsO16bEfCADaVUyoYb6,3815
4KV8ACcPuT3Jyx9Bvh6OFs,559
4KWTAlx2RvbpseOGMEmROg,20405
4kwxTgCKMipBKhSnEstNKj,7078
4Kxlr1PRlDKEB0ekOCyHgX,10769
4kYGAK2zu9EAomwj3hXkXy,8478
4kYSro6naA4h99UJvo89HB,20881
4KZzz3Ri83L1aE5rNK9q3A,548
4l1cKWYW591xnwEGxpUg3J,24551
4l2MwXYwUDQKHcUXwCZjEz,725
4l8UbJGiXxbfyDJPvcVH23,1179
4l8xPGtl6DHR2uvunqrl8r,1278
4l9ufn9GC6LLYXvIanDlLd,587
4l43uAIHyF5VzgonMKVkg7,658
4L1z1IcfK7lbqx8izGHaw5,1190
4L3GTE04bW5N7azA9QPhjA,5379
4L5SLCIDWPPNGzrLraYCOS,858
4L7TL4CnvDR3iZQuVy6ESm,1039
4lC8Q0azW5ij2e1skZo377,1035
4lCsf6uYTVnWSKm99eKkdY,529
4LcUpNlXFEleaLlelmkv2R,998
4lDBihdpMlOalxy1jkUbPl,1852
4lDXfIznmGueBgTjI3qGUX,9437
4LdZNE5MHGqvc0N9ivXNF3,1900
4LEiUm1SRbFMgfqnQTwUbQ,69419
4leTWyczsXYGlzUh8sFGSz,5680
4LFOoXhMhnq9U8VsZkSwxl,3808
4lFOyLUXnV2Emuus9X8xpA,541
4LG4Bs1Gadht7TCrMytQUO,27364
4LhV33vJvXmFGSM3m5RzUR,935
4LIG4IMVuzGJjAhMxXtll1,2150
4lIh6Zj97EJMY9KgWPxKDw,531
4LLpKhyESsyAXpc4laK94U,85696
4llqCChMq4zPzCB84OrTck,510
4Lm0pUvmisUHMdoky5ch2I,2919
4lmpEOYpB8yNe8buBDP5vF,584
4LoM3lMauQ540MW9QiyIcR,3321
4lSm9vkdpKSs1O8nKflRaB,714
4lthN9sVX4QW2lnXQEUbMh,684
4LtIfuFeAamus9OOItuWDD,613
4LtnUsI4DvVDN9U6Yqr8Mh,525
4LuEEQLErHvNdZDxEWf6W1,1028
4lujUKeO6nQAJXpq37Epn7,2193
4lwPGsAG5qnfn1JOtESnYZ,1172
4LXBc13z5EWsc5N32bLxfH,560
4lxfqrEsLX6N1N4OCSkILp,39215
4LXxsm5BF85PWnQ1dUDAze,944
4Ly0KABsxlx4fNj63zJTrF,4534
4lYtGx5NZQJHsMyhHc5iz3,1658
4LZ4De2MoO3lP6QaNCfvcu,1432
4m1i53DaEliWzSkSFwqv5W,1272
4m1yRHUMhvB8gKAJTjK4kO,2117
4m4SfDVbF5wxrwEjDKgi4k,9316
4m6VmvHDXWmVdIw6EJGQ86,3188
4M0DLz8te9Q1lNIXBBwvfG,7208
4M5nCE77Qaxayuhp3fVn4V,25014
4M6SYbj2q4kUUrz9zKVqKZ,584
4M6Z1wubeKtwPqbjJygTOc,3898
4M84umUNRbZy1mJleyyRM9,715
4mar1GMMEhvGyJdWagu6KS,1528
4mASW0O6qIOhm3uSIcsqq8,1195
4mB2yDrWdUxy5tISyQPvpu,1319
4MBIFx8pthemIVuEJSgAxb,1388
4MD0pIPxvGvPdohFuEkCua,877
4ME85YvMUi1hdqhbind7gy,548
4mesemBJJwnGX6tRaMvGbn,1217
4MIULe6tfg2loNzBy5B9eu,11509
4MKVLp1MAwYFqaXhe1g8dA,1245
4mLJ3XfOM5FPjSAWdQ2Jk7,13358
4mLYW48jy9Pwv6KpT74Evf,1122
4mmMtabvFCKA6HfmVmitNH,6405
4mN0qcMxWX8oToqfDPM5yV,2642
4mncDFjVLUa3s025Tct3Ry,1684
4mO4aGO6u29UyR6XLZR9XW,2428
4MoAOfV4ROWofLG3a3hhBN,28975
4MoGkOmfK6oKi1Isc8Iv9m,883
4Mop3hBjHoSoKwwkzKD3Gi,4911
4mOt6H7OnuqLnQrm1Bboc6,1623
4MPkNgar5uTd8Sqvrr7par,6921
4mrBetqy378Jf1y6NLszlx,686
4MSMDY0ClgWqXApU53I1L1,21198
4MT97VeycuegSicrrphisJ,3330
4MTfVjZzx72caVcbCjUK73,765
4muVBshUHExGQvQlNnKRW5,743
4mVpYIVAOE8sEdYuL8HDpd,1098
4MVyzYMgTwdP7Z49wAZHx0,62283
4mw86zm4QZIL8SksdyE6OU,1041
4mwXUEKaW4ftbncf9Hi58l,5579
4MXUO7sVCaFgFjoTI5ox5c,29482
4mxWe1mtYIYfP040G38yvS,42106
4myAXQmMuS1lZe8T6Y7eBg,522
4mYFgEjpQT4IKOrjOUKyXu,4262
4n0gvapwYbRpzU5Ov68B6P,680
4n3xlLBs7G1x9tJDXFD4G4,743
4n5HR9kS4Dhl1t685XlDhW,515
4n7L1vYXp4Dt0HfxaLBj9l,1361
4n31svBA9GGIYxGxgrQaRK,6288
4N3cNXg5phUzRzuJYYxQlV,3240
4N4XqUMMv5KXtLvCBYEIOt,666
4N5fp4zhTsVITZTVfsXpc2,5067
4N8BwYTEC6XqykGvXXlmfv,2860
4N874uPqBka1QiCvnCVOtr,8250
4NagmapOfJiPOxJ9vQsrsf,2592
4nCzT3o7lMgCWBcmdwCMsT,1545
4nDoRrQiYLoBzwC5BhVJzF,19006
4nEUXGyTWXweCdfVf7f8zN,638
4NEYQeEYBUjfaXgDQGvFvu,3863
4NgfOZCL9Ml67xzM0xzIvC,6355
4NGiEU3Pkd8ASRyQR30jcA,12791
4NgNsOXSwIzXlUIJcpnNUp,9939
4nGp682WMiKS4X217kPw8C,586
4NHQUGzhtTLFvgF5SZesLK,54774
4NiJW4q9ichVqL1aUsgGAN,33587
4njdEjTnLfcGImKZu1iSrz,33513
4NJhFmfw43RLBLjQvxDuRS,14949
4njlfhIxklOkrds9Y9o5ZZ,1022
4nJskZ2FquZal80h474jeL,812
4nlqDmbzFzbNITaqjJv7D7,1251
4nMIbZxtt1kWqUZ8VNKvjU,632
4nmrm4zpgJ0RC6aZRSUEjF,1166
4noqLU403F1QDR5cggn9ch,903
4NpFxQe2UvRCAjto3JqlSl,581
4NqS7DbPFYwZmniGHCPMpm,1963
4nqY8hkQNkHaDq4fdVxdYr,548
4nSgEvZncnC5oNPVrtwnLd,1288
4ntkql3f3ect7NDRUJ7aAY,8122
4nts0oxMT67lVUoi5Kjxrb,1776
4nvFFLtv7ZqoTr83387uK4,532
4NVjldBwjF0DzudAiLvti0,683
4nx8ehrFiCOmWgebUKshDV,1110
4Nxe6Ok9L0s7WViFxu8zVX,545
4nXOZlYoAD67hF9aUEncMY,3496
4nZbOHYEypqHtWwTPQu8Fl,1021
4NZvixzsSefsNiIqXn0NDe,7471
4o0pNHbyj36LPvukNqEug0,11455
4O2YL4ygn6eTBC0w1hyWUM,1866
4O5EDKGt6YC5IXkOArVqk3,1242
4O15NlyKLIASxsJ0PrXPfz,197855
4O36cq71Cq7NazopFLBMmb,527
4O71i7ke5iIBX6RNSFoZbS,1548
4OAddazJM576euUnFSvXSL,1203
4OBJLual30L7gRl5UkeRcT,73515
4obzFoKoKRHIphyHzJ35G3,13157
4obZSxPoSs6iedmMKPzhwh,1356
4oDjh8wNW5vDHyFRrDYC4k,871
4oFdxup3UmMDNoLLITyDrs,2670
4OgNARLQSC4yy7Dsa5cqxx,544
4OGuNAnRFWZOgOA2d51taz,1434
4ogvuDRerGhZfSf7TtzHlr,8397
4ogwGU9VPWrnVBs1GEwZVV,2552
4OHaWpWPKDcZgOOUn9elFn,1126
4oI0W9neUi7nvxcQKDY5Xa,1154
4OiCK9NnTWhakDIG57uBUA,1179
4okEmrM2O6CEW6en3fRWUy,1384
4Ol9S3QuVEVdbXfSjM6ZdQ,1196
4olk2DDoPvzAJlJBonZFHk,782
4oLZx5FplbgfM8DEe9U8LB,1518
4Om4kO491KUeVkwTLiVQq3,2916
4omQQTNN7ILiMsSB2k9eqX,923
4ON1ruy5ijE7ZPQthbrkgI,678
4OO3sW1MwAxI5MW3V1Dx4v,587
4OOlG5eBXSkSAAEeKjJb5Y,6315
4opTS86dN9uO313J9CE8xg,4771
4oqOpULfSzd2BRoBT4aTXk,530
4OrieSJUghNfNx5UuPCgxF,1604
4OrizGCKhOrW6iDDJHN9xd,2954
4oRyLnxDdIzd2POQfX9Drd,737
4OSArit7O2Jaj4mgf3YN7A,744
4OTFxPi5CtWyj1NThDe6z5,762
4Otx4bRLSfpah5kX8hdgDC,8024
4oUHIQIBe0LHzYfvXNW4QM,2278
4oV5EVJ0XFWsJKoOvdRPvl,1075
4oVcPiYDvfGxamTzwvnKtp,771
4ovtyvs7j1jSmwhkBGHqSr,879
4OyRutd80DZC22C4pl63l7,3566
4oz8w4VbKJIgBUkLRCJgm7,745
4p07QU02SrLsaORo25h2Lg,663
4p8nb7TMZ9hta2igswtJZA,856
4p75GTNEXwsAAkpweMVtKo,2018
4P0dddbxPil35MNN9G2MEX,10929
4P70aqttdpJ9vuYFDmf7f6,1432
4P81VkbUxQrMmNwYnzliqJ,619
4pADjHPWyrlAF0FA7joK2H,18928
4pb4rqWSoGUgxm63xmJ8xc,12664
4pBG47zWhJbDw7mpsg68PJ,824
4PDpGtF16XpqvXxsrFwQnN,3245
4pejUc4iciQfgdX6OKulQn,11316
4Ph46wgsWTC0UEANb4mjaF,651
4PhdYoQGH8s1xee81dqQOO,818
4phGZZrJZRo4ElhRtViYdl,61404
4piFCokRN13muTud5Y2lhz,1129
4PJbP0dXALttfo1PFPY1Pt,516
4pJCawaKSZ40EnxN0YEYw3,1359
4PJHDzdFoQcklrWU18QdsU,508
4PLsMEk2DCRVlVL2a9aZAv,1057
4pLxUMyDrijXynrUP59whJ,1221
4PMcxAosgYzNpvMCq04K7u,883
4pmNqFu71wEmFXSsYAiWK8,1135
4pnCFvqm27NL3msmn8Nnoc,591
4poL7YCSkG7kMnWjAdDU91,2502
4PoYwGOztIrPpBfRIlMSxP,852
4PpmBoqphQusNFsxuVKb6j,4016
4PPoI9LuYeFX8V674Z1R6l,10491
4pr7J7wzgObkE3DD3Izi7q,2152
4PRfc0tn0HR0GhzWHHckLt,973
4PrinKSrmILmo0kERG0Ogn,2710
4psrqC3PJSJSNJ9Vmqj2ZK,517
4ptJIIR10UVlGjN0VntFaK,3625
4PtVXWSOmF4Tox1jj6ctSq,596
4pv1Jo4PbYI8LMADJoTWjE,994
4pVaQcaBqbvk0ucB4r65e3,5276
4PVn1b2WnnXdq80C7uaZLZ,2238
4pwqNyMSvuv7VOhQBdjB6Q,664
4PWqvc4ydEyoyBhXPOxDyy,814
4pxU0h86QnMOe6iNIy7pCU,724
4pz4uzOMpJQyV8UTsDy4H8,694
4pzAvicKWenQtv9zIQim47,1499
4q3ewBCX7sLwd24euuV69X,5660
4q3lWHEW55hoLJNzZskFVo,657
4q7PS6zi0CyrEo23orQCkW,670
4Q3f2YYH4gQxWFS3WY5G3j,1318
4Q5sPmM8j4SpMqL4UA1DtS,2694
4Q6nIcaBED8qUel8bBx6Cr,6174
4Q6zYbQ2MrKiEWTGB3yrPv,852
4qAJ54O4V0W8SQcSz0bl1C,581
4qBgvVog0wzW75IQ48mU7v,59865
4qD6ABoI7PKjZCdTYodIaH,603
4QDcs3XrA8uHUZ7Xt9Ytep,807
4qDGDPGMIJuIvPfUGe0Ngg,646
4QDvXnbmw1znkqkK1119Fc,3660
4QGC11o7gQR7MBEJ5cUMSv,757
4qivGtDBIkQFLCeduRpi24,1148
4QK3YJ6hzJdhJHE9q7kbVV,1486
4qKpLkR911SUlnd4HAtF79,1284
4QKx7KohkWZAOkO4sI3GRx,1808
4qm6T9pMFiyCDHFTHZchrY,626
4qmHkMxr6pTWh5Zo74odpH,2179
4Qo3GHO4mlVPjJxvIbp4lm,614
4qobOrZpdUri80gScwsHfs,2936
4qOzMSukiZoiSjPQw8Zs7s,2204
4QQgXkCYTt3BlENzhyNETg,44606
4qrdhnXBOzRt9OSmL29IFO,576
4qrHkx5cgWIslciLXUMrYw,715
4QTd2YuZS6ShgqWfeREdB3,951
4QTVePrFu1xuGM9K0kNXkk,18594
4QVBYiagIaa6ZGSPMbybpy,707
4qwGe91Bz9K2T8jXTZ815W,19661
4qWnlmXWuGv2TtuxtIWlJX,5304
4qWTqOdDnH56Qak9UjmpKz,1155
4QZdOCb3UacKbQ1ybDFAKM,1580
4r7JUeiYy24L7BuzCq9EjR,1845
4r880LQXdnpTflv3uqV4kX,1391
4R0EwsTKt1LIFcdezmuezM,2421
4R073T3AVJKqAsbzLmLW9u,993
4R2xkQL6chRRTgUQ1Xgaf1,532
4R2ZUCVWjJs5ef9pjnCVC4,847
4R3mzuQZhfwDkjdE1wx31O,715
4R90PNicCsCsEoRm8XwiMS,1210
4rAgFKtlTr66ic18YZZyF1,682
4rC8J4M4aOqsQSCP4yoyJI,549
4RddZ3iHvSpGV4dvATac9X,28692
4Rdk2ceg24bhG52VuMcZ7Y,604
4rF7c8zpCKzuSXohs2HIpA,1419
4rfTlSG4QNPCdjo57jAmMW,3899
4RfTXjK9aiiIKDaKUHpL57,1551
4rGrN4XDYhP6dUAZMvcuHr,1458
4Ri061lbxtCwNoqDnprznA,643
4RjamFQJNT8nVbTKXJDJgv,1341
4rjlerN21ygkIhmUv55irs,1938
4rMUtWPGbE6waga7PQO0oQ,1940
4rMxZovfLSDjEL9eI2pKo7,696
4rN9gEi2IbnV59Tm4kid4c,673
4RN2vlFWepLa46qQIU2PHs,561
4RnBFZRiMLRyZy0AzzTg2C,13369
4RnezwRV7VBJUCI1S0AE5u,1398
4RQQEu24E1oQAQXvkxsLxE,828
4rs1K6gDzLY5VnCMSC80o7,5506
4RuHLdmbr1G9BD5aN63Go3,548
4rulVipLmUL2Mg67SIUmCO,1018
4rUyBlggM5tZUH5QZn9ZuO,1389
4rv9ymvcXOcbHrjkMkoA32,958
4RVnAU35WRWra6OZ3CbbMA,5221
4RwbDag6jWIYJnEGH6Wte9,7242
4RWXWiYvFNeoSYdxRREqXM,526
4Rxn7Im3LGfyRkY2FlHhWi,46756
4RxUeUyMaEe2T5tvULq5j0,3296
4ryoUS0W8qXokfMxrlJt6O,970
4ryyCNxkhfBSXHx4k2lo3T,599
4s0K7Gh1qCZCXB5OuMF1VT,1041
4s4xw5vBdFkc3FixPIUQZo,554
4s7QvzBMTW4BKWI5pVO2mY,537
4s8ZGMVf3OiPktSP4ulpqU,623
4s9LVgzhn2WH4gFlN3am1Q,858
4S1nvNHWiZLP4rzwmULmUa,6072
4S2yOnmsWW97dT87yVoaSZ,3869
4S4kD5NBlgaq4YLBQSEMyY,3258
4S8NmgM7oJ188sKp1waZpy,916
4S9EykWXhStSc15wEx8QFK,20530
4S9JHkwPHHcx0H7AVNHspz,1055
4S76LQXJD6N2uPcLhKejG8,730
4salDzkGmfycRqNUbyBphh,20765
4sb7rZNN93BSS6Gqgepo4v,8908
4sbB4Yy6Qig51pKCIKSLw3,4167
4ScCswdRlyA23odg9thgIO,11972
4sD9znwiVFx9cgRPZ42aQ1,2204
4sf3QZW8a3xZ14IGsOAzoy,682
4sf4DrAOkheqktxTyKm7tO,1228
4SfGzWmeoNPKIOmiyc7Pav,1890
4sgW8IRub0jAU29ecct87w,1310
4sh4MHP7lhrSUakxwZzwqz,555
4sH7SLGP6BLOYDtcP6Lm47,833
4ShgdWtm52xvEr8uYmT0V6,588
4sIl4BTo9l9KqEi0Y3RE72,1830
4sj6D0zlMOl25nprDJBiU9,12263
4SjCvf9Ctuz369ZKAnjkZP,1300
4SjND9kT6Ja5TSPZTyUUab,569
4skJp5OKvcc9eKokiuhi2s,1458
4Sld5LOPbAm1QSq9U32fFV,1108
4SLfKHcufUqU46DiTAHIsj,1728
4SlusIRNswGYkTjhflokfX,746
4SOtk3HtPYKqxnVuxNBMti,1045
4SPvdqkhRp1ARWJvxByVuA,2057
4SqTiwOEdYrNayaGMkc7ia,8497
4SQxI8xg6LcSWL3KuGVHLa,1177
4srikj7R58tanh2S0FpoVw,609
4SsMf4SjhOlSqEitcprgBt,8635
4ssUf5gLb1GBLxi1BhPrVt,832
4SsVbpTthjScTS7U2hmr1X,8841
4sTFGCigAQIUiEy8wSSQNF,12541
4STHEaNw4mPZ2tzheohgXB,18487
4sTQVOfp9vEMCemLw50sbu,55827
4stSxe6AbpXw3x7nRDsYVX,4042
4suo4y34OSfkAxmna55cJS,732
4sv6VJ2QZlaSosz3kFlxQH,4960
4svpOyfmQKuWpHLjgy4cdK,579
4SXj7TVoA3bgfR8AVssACa,1385
4sZw3BLoQ9SniX4mcoh80b,4945
4TAoP0f9OuWZUesao43xUW,1598
4tB1f1h4TQqDz4bNaibMpl,859
4TbtUt49IMXEIMmNdifHb1,4412
4TBZbclpBnXENejnt0ZIpr,648
4TCAAIMmeZXCTVlHUsicOn,2095
4TCXgdDPm10ensLNCVnIYa,2198
4Td7DjmnDqvSDBHtuJomoF,515
4tDkeVxH0CSkNiLVrsYmQs,686
4TH4BHy0LdBi3dpBW4P2UX,10212
4thGcsymOK5oc43gJVtAqZ,3605
4tHZV2ZowPkzOvX4eG1inY,609
4Ti0EKl2PVEms2NRMVGqNe,2210
4tiMiMwK4tAO2QVJHfZFhg,570
4TK1gDgb7QKoPFlzRrBRgR,6557
4TKTii6gnOnUXQHyuo9JaD,12019
4tKUoNubW02udXOh7SLtXV,1818
4TMHGUX5WI7OOm53PqSDAT,30140
4tMm1dU6Gn04VAZ9ClHcIZ,8405
4tMZahYVKJdjbC1GHVtNnV,983
4TnGh5PKbSjpYqpIdlW5nz,3025
4tNxq9NGKTKaX8OkZBLgf0,3706
4toEjJSZu1rbfX2hfVdZFA,1148
4TONBKcqVR1LmPdfJxvkMU,8621
4tOVIRjlWWfR1RrAxyRqTE,4668
4tpUmLEVLCGFr93o8hFFIB,12545
4tPyCwWrsvZ8OKYl7QRavL,959
4TqmaFJYM8SvuhrunxpmT3,1282
4TROLx8HvrnfGGNo2ngL2N,1344
4TrraAsitQKl821DQY42cZ,2602
4TsHKU8l8Wq7n7OPVikirn,17240
4TshyQDihSYXSWqvclXl3I,8837
4ttsE1dWJ0G68xMezQ0NRL,766
4tujQJicOnuZRLiBFdp3Ou,3025
4tususHNaR68xdgLstlGBA,11781
4tV9SQmCZChk5ffIEPLjXn,723
4tvKz56Tr39bkhcQUTO0Xr,17869
4tw2Lmn9tTPUv7Gy7mVPI4,7505
4Tw0VaV1ENei24iQnktjXj,799
4Tw2N3wdvJPGEU7JqMxFfE,11090
4TwHRCIu3Xg9fjS3l7owkp,5592
4tX2TplrkIP4v05BNC903e,34003
4txutWV4bAiqr9ZIyZH8zS,587
4tyZ8F1QPVTJ1EbkrlnpMd,747
4tZwfgrHOc3mvqYlEYSvVi,61558
4tzxCsdhR0IIUNyzwrag4C,904
4u5smJBskI6Adzv08PuiUP,32614
4U7hzJON7jzAwaWqB4raLf,1204
4U7lXyKdSf1JbM1aXvsodC,3315
4U33udokhmKATsu8UoqUEN,1223
4uaaRGr9KMfYPDaUnBIngc,556
4uBSazM6snEc9wCG3jMlYt,662
4ubY8RYfXkcEqgjEMDuLYl,554
4Ud7lY9V8pOyydumajSW3O,654
4uethVhVpoyO3OhT40JH1o,5640
4uf9PIXkZQTXqzl5gyDJLj,681
4uFZsG1vXrPcvnZ4iSQyrx,2365
4UGMQyNcbGHYg5CDMKkSw3,1169
4UGoqrmNHDJ166XD6DtZni,514
4UgQ3EFa8fEeaIEg54uV5b,1834
4UHGbgtWLCce28OE2VZZGp,4868
4UHzJP2iKVf0RhKIv7ZE2l,965
4Ui2kfOqGujY81UcPrb5KE,22037
4uIDwHKFKJQiY8aLttzFUh,530
4uiMn2g0pgTrhN096QJhbp,5702
4ULO7IGI3M2bo0Ap7B9h8a,1867
4uN3DsfENc7dp0OLO0FEIb,19956
4UNnRb4LN2hGtbtMfPzMhg,605
4uNv6RD2YXwoaKgHfJZkkL,723
4UodukR17NIQfNu5uaqm9B,780
4uOFEWy9mIcvQbr03IbPcL,1680
4UOlRVifrFdQHW9qu5ep8t,6179
4uoz4FUMvpeyGClFTTDBsD,2052
4UPcJIhr5K5fPsm4itqT7E,1370
4UpdjtYWiLUuaFT18TefcK,517
4uqzzJg3ww5eH7IgGV7DMT,1289
4UrGiQXrpB2CmzVGVFtH5E,905
4uRYpUQZrNrY5t8tAv3XrD,12937
4uSftVc3FPWe6RJuMZNEe9,10335
4uSN8Y3kgFNVULUWsZEAVW,1817
4USNIVeRwXIAdbVSTqelbh,2768
4utLUGcTvOJFr6aqIJtYWV,7074
4UuoJfJ9UybJft7a8E6UHX,4433
4uuUGaQKEYJW2b78K0HD6X,814
4Uv0Jg45Oq7vBXXwQNhXyf,582
4Uv5bceTJ2h3tLlssUNDNP,3845
4UvhuGdFf75Cfan7lEU1J1,797
4UVlSeEFDPmlkYKaRMRoOz,785
4UXiNDHAiv8DOSLkp0GbSm,5202
4UXJsSlnKd7ltsrHebV79Q,3507
4UXqAaa6dQYAk18Lv7PEgX,142767
4uYwLU7k03RCQSRXGtQGg0,918
4v4qHupYi7eRJfkniHrp4Z,935
4v4xuH9VypORYabMnhPLt1,1160
4v6XOdonnfpdTKTRJArG7v,1423
4V2pR2iSd1g0RZCglrP3jn,1557
4V4Z3qMCwYofWHtip6ePF6,2483
4V5CfrbkqZkFJZUiXYWSVC,818
4V5UtbLYaFishr7psURF3Q,736
4V8LLVI7PbaPR0K2TGSxFF,57329
4V8Sr092TqfHkfAA5fXXqG,45480
4V8U8U6LwsHGyRTLCt9t19,1576
4VA3EAvncrTucjTmrvd4GE,2910
4VCAHkdzvJBHJAcPyvWY5s,784
4vdt8TD56jjQfmxFCmhubX,2171
4veIvBHKoUacjuoMOm3vsg,547
4vEpUOtKWtpotWkuv0Vlx4,1013
4vGrte8FDu062Ntj0RsPiZ,1000
4VhL8KLjVso4vLfOLVViTb,8281
4vhNDa5ycK0ST968ek7kRr,15175
4VivsO1n4n2Mi2Btyb5gfL,1268
4vLVxKPowMj14Ou1NNUxuc,1384
4VmEWwd8y9MCLwexFMdpwt,7571
4VmWYQQ5M9N9AiAx14v2yg,1180
4VMYDCV2IEDYJArk749S6m,36234
4VNKVCluxMcjqwYJm3yuQ3,559
4vnmifnGOeRXfNTRtgd4Tj,523
4VnomLtKTm9Ahe1tZfmZju,3732
4VNQWV2y1E97Eqo2D5UTjx,6625
4Vo7jk7sjpIFMk14dedex5,809
4vOycwLXdkMMzpZW04VW5m,1367
4vpDg7Y7fU982Ds30zawDA,14626
4VqBNQRr0nDN0trNUOn0co,1140
4vQV1LCGBdYAt5rIIPjSFZ,1877
4VRHPqW54KVxJAhUWNKjNF,586
4vRSocKbGh7PsQrYRDVMEF,1747
4VsNVAxuPxZrJMWE2Tprtq,604
4vxaQs6vK54nK89J1VtLex,640
4Vy0AbsAmU5l3ZWOxhilzr,1335
4VYSLPSI9yb8qkUpKyVQSJ,1891
4vzLZN7MD9TVnsLK7bR5oF,768
4w1ZBtHF0HxrGqQdB7i1it,3493
4w8MWlPCLi8uZRkCMyrtCO,1220
4W3fa7tiXGVXl3KilbACqt,2069
4W4gYpQ2AQq7US2HZS13Qw,1562
4W8SeWrRZUburGZyp5JwYj,2675
4W48hZAnAHVOC2c8WH8pcq,17899
4W49e48G0gg1pucAN6JiGH,849
4waBtLEoe70SqdFLGsaXCZ,937
4WcJL1x8azi1Qkv4jc6fhH,1380
4wfMyaoM1U8nnEvdI8BZnC,730
4Wfq6fHhifS8MmQOcJ18TP,860
4wHZkzWXD9GPr4RQAYjUcv,4403
4WIRlLxuzmZciQ8JS2b3jP,1038
4WjeQi9wm84lYTIWZ95QoM,693
4Wjf8diP59VmPG7fi4y724,2381
4wLAjfeqAsV66AocWNcowA,3355
4wLIbcoqmqI4WZHDiBxeCB,1700
4WlSvDKaq1PA2Nr7cCIPxX,592
4wLXwxDeWQ8mtUIRPxGiD6,24282
4wM29TDTr3HI0qFY3KoSFG,2641
4WmAQDrrYtyygkRlm6VTtB,735
4WN5naL3ofxrVBgFpguzKo,15887
4wo1267SJuUfHgasdlfNfc,6581
4wO0kHiOwf8l9VMJJN9HmG,5587
4WoGga7UeRcmjD4ufif4nG,564
4WOIfFwyvx22jM0eg2fpKv,670
4WoKI3ZPs544x2glFOJRyg,765
4wP1kxjUsc9IR4Iy2smL7o,672
4WPY0N74T3KUja57xMQTZ3,2893
4wQ3PyMz3WwJGI5uEqHUVR,21267
4WQ8grqJHB2Y0IDjpro1FE,794
4WQXRya5np83C21wifjNp9,4560
4Ws2otunReOa6BbwxxpCt6,12062
4wU6zFiIHLcMt9JMMo4W6v,3359
4WUGQykLBGFfsl0Qjl6TDM,2330
4Ww5mwS7BWYjoZTUIrMHfC,2859
4WxjrOJGIngO2hJnlCeK7f,937
4wYk01oPJNfaEssVFL46oQ,7059
4wyNyxs74Ux8UIDopNjIai,5872
4x0DaBFhtHy0ol0ia4UJaP,1048
4x1nvY2FN8jxqAFA0DA02H,12773
4x3CdMQ3YjnPn4Evhyni5y,1707
4x7gxsrTH3gThvSKZPPwaQ,1538
4x7kxyIgzgtrHYDQ8SCzo2,1738
4X0v8sFoDZ6rIfkeOeVm2i,7499
4X3nIh5dynzfAQmy1Z5hXI,577
4X5vI99vwAZqt7YXhElP1y,536
4X8QFzZ1HqwPfwDfyjtwXC,1790
4xac3zhHlBm5QDxbZeqgeR,818
4XaUmUGjidSklcDHxv3XWf,7476
4xbJS00sHh5wBd5nYgsk8z,584
4XDi67ZENZcbfKnvMnTYsI,4060
4XDJurjQCnWLlE7KLZCT9x,1385
4XDxFeclKBCFPb30yQlRUH,692
4xFadP7L1YVwVSjDDfjKjM,775
4xFUf1FHVy696Q1JQZMTRj,63810
4xgFgBZ7CRtgtHcziClOwQ,2152
4xiBg5AwhlWtuxAJO9rO6f,1713
4XIIdT0K7u7d1Tz5Vfx0JG,999
4XlcLj6bxCnpBIOHmBpIWP,2563
4xls23Ye9WR9yy3yYMpAMm,4525
4xM0Rz2FbjZevoVLVJUgEQ,658
4xM4nZLhGE0pMKbXA08s6A,1027
4XMc1qHObZ7aXQrH5MmbjK,739
4xNadaO5ZZLVJdqDIVVIua,767
4xnMDfgEmXZEEDdITKcGuE,11846
4XoYsecWoLIoV66HEbt365,1818
4xPlBQAVyS9TNgDEBHbKCs,1083
4xPR9p75zzDlisJvvhEYl2,604
4XpUIb8uuNlIWVKmgKZXC0,1705
4xPxYiZyp9SWFG3MIFkee5,1719
4XqfpACObRB5AsBcUYjL8X,658
4xqrGV8Uw2Jv3RLGnWFFqx,1013
4xRYI6VqpkE3UwrDrAZL8L,140240
4xTDPgk4jHCF0qui3dH6BS,1081
4xtWjIlVuZwTCeqVAsgEXy,4688
4XU5f8nGiPMr6eetud6epC,924
4xvNx8d6ZMhOZXUGUBmJby,605
4XwKU420OWVk38vz1KvH3M,2176
4Xx6QMLTWppMwdABkN0Afj,8516
4xXCRXOfQKQ2gjWxNhNzYW,5041
4XxgN35ZzxIrzUH9Fz8e1y,1668
4xXQxNcBCtsaz6Gw1IblE3,758
4xZDgDbs4eQcpauHyyip0I,628
4y6J8jwRAwO4dssiSmN91R,3758
4Y2ImQoh83EyhkbaJXmJr1,1238
4Y6wyjvVZtxzzXILoDEulZ,1545
4Y7tXHSEejGu1vQ9bwDdXW,6276
4yBK75WVCQXej1p04GWqxH,29409
4yBP36OGJNfQLqiI6IWQqv,721
4YCpRzudpG6AeE0IvCjiGo,7198
4Yfe8uXcl5PYwknQ4OMZIP,568
4YfnJEbTz8QLD5FusYFwV6,774
4YgACLaoEjPl4kVZ5WmBN9,2614
4YgUVg4p7xtMOrOS4GjiJZ,564
4YHtIE7FI8ITfekzzN5Jpl,1100
4yiQZ8tQPux8cPriYMWUFP,39458
4yiXkMbxDIZ3jgEG89NSC1,896
4Yj490bi1KL0QpDnVOtHyr,690
4YJR4xviDKHoelt9WKHlBa,1048
4YJsSCuag8W1TFTgSeEc2k,1139
4YksGBCsBc8cPbQPyHDefV,615
4YLQaW1UU3mrVetC8gNkg5,7651
4ylR3zwA0zaapAu94fktwa,3941
4YLtscXsxbVgi031ovDDdh,32701
4yMGs8CtlMVF7RV2XU539m,2802
4yMxdaUoKCalQPX9BMeeFf,602
4yNdrUaF54csrLixVTnqzC,800
4yNf9wUbfht6etRreqEtLk,796
4YOxTnmYogOpUPxrNTacvQ,1372
4ypEjUTTCcPB0dgjQBQyf5,729
4YPqbAiLzBg5DIfsgQZ8QK,827
4YqSt6mlUQUKuPLsMTDWTC,755
4YrKBkKSVeqDamzBPWVnSJ,2318
4YrURxtCHtPBfNDmMNp7IG,901
4YRxDV8wJFPHPTeXepOstw,2064
4YsP5zmteLQ7etNjHAOu30,1090
4ytkhMSAnrDP8XzRNlw9FS,16875
4yvcSjfu4PC0CYQyLy4wSq,49028
4YwB41gFHCxY5bcNR3CcIH,740
4YWj8sohRDjL9deiuRvEEY,1665
4YWK3hXt1QRAw2rNBao55d,504
4YXycRbyyAE0wozTk7QMEq,28263
4YZ5ECfbM2xSTSQTJGBbO5,1081
4z1uiRiYs6W3OZDdfp5Iow,588
4z4m1P0iX2nRSPDBEZ8LBT,1310
4Z2JzIUIe7HymMSV0tgP8c,505
4Z8W4fKeB5YxbusRsdQVPb,39699
4zAOqBfNLyWFvj1e3yvypJ,797
4ZBmQM7663rZsb4Ir96awl,630
4zCbNayYzorqdzd9mPrghW,1010
4zCH9qm4R2DADamUHMCa6O,1112
4ZDoy7AWNgQVmX7T0u0B1j,514
4zDxqX7DmkPcNfXkrPuYro,755
4ZDZLlxANNNTlQs6WJDgE1,656
4ze1UwMqtSlhTgnyk8LrW3,1863
4ZeB1hzT2mSZrf7wszOqHs,1390
4ZEHm819BPEhaYNeC2LLeI,561
4Zf0pLGYwNB86Y97kisvkn,834
4ZgQDCtRqZlhLswVS6MHN4,562
4ZgqduOBdbifKWJp8KbiF3,871
4zHX9zUUtxUw898g1GyihC,670
4zIBkSJcqRp4ADuFI94WvO,1493
4ZIBrskTJWmkJUvM7uAu1o,3356
4zjO8Jhi2pciJJzd8Q6rga,1285
4zKhX6hYCQPNs406umP9Fx,1654
4zkiM9DSLNAOmoS5WtSQDt,893
4zKYrXs8iN4AeHmO8ZxNqp,1311
4znPt0HV6Ik0iR8sR4GAJE,751
4zPGlyitRvJo7iz6OKlETa,757
4ZqBwBVB3dsYWL3d5Spi10,1675
4ZqeEuvKpLniPp2LqyfzPl,748
4ZqeNcHn7hFKTAPphatAC6,829
4zrB9WV6Z0iKKnGb1Pj0P2,1323
4zrFO6P7G6EZry0pfxMfKT,795
4zsTq27Sde0ucZgKiflRLR,630
4ZUg3IUvAPAl8coXQAxaXd,961
4ZWvN9FEfdTea1SEHjpTNi,2729
4zxvC7CRGvggq9EWXOpwAo,7497
4zymhxzJ0UJc74tMHGyoWs,854
4zYQWYmtimAEmI6WWEzGfO,796
4ZYtO7K6tpQGNgoRRseDOg,836
4ZZVk8undJqXJqQ1GHCTp2,737
5a0etAzO5V26gvlbmHzT9W,2755
5a2EaR3hamoenG9rDuVn8j,27778
5a2w2tgpLwv26BYJf2qYwu,623
5a3LNFE90ApnB22P9GhGwq,1119
5a31Ij1sTxY9LUYVwgBp8m,1996
5A0SFJQSdSjFHGcndiGT1s,4475
5A2EELfE8LtySGSho9njSd,1674
5A7d4sfe5ZY1RRf90zlUeo,3067
5aAlzehdUM14I4ppq24Xob,1590
5AAomuiyEWayklKG3qLv6U,831
5aB4SpKYteOJ8pAleoKkg7,677
5ABfpj7Z00wfPiv2uW4MFm,3293
5abSRg0xN1NV3gLbuvX24M,1970
5aBWZE8TOaaA9O50ENS3EM,2794
5aBxFPaaGk9204ssHUvXWN,8345
5ACBALsFxT5Ab3gVe8yyPs,613
5acfZKELBZRBvyhrC0kzG1,2002
5aCopGFOGbHyfqe3yotDPu,957
5aD0uh1BpYTN7AzhiSDgaO,813
5ADSZA6X6nJBe7pTgcE6nA,985
5ae3MM8dgOn3QPHzqFDJlY,734
5AEG63ajney2BoDXi0Vb84,11448
5aEWnrN8h3MhuFUPRfaVuy,2922
5aIqB5nVVvmFsvSdExz408,17843
5AjReGuEzAdYgbNfrTwLU9,7017
5AK2gJtEA2SWI9lBywSZjN,694
5aMmmNxw4vgpc5XC6hK0zp,4175
5AmnFjIvQPCZJk3ES5kki4,875
5anDRAnt2u0S0vwgotMYX7,772
5AoXSiM511L4To0AN5oZVB,682
5aPH21KxzBBb7SZTpuITrC,606
5ApQnMT6oR8eLguf24xb9S,1238
5ApqQtXRXx2g7fta0P3q1B,597
5aptPwTkTKmlPx6csmNJLA,4170
5ApzCoihjAuHAfGVoVqv61,551
5ar4zFgUQG1RsH8nhmjOeM,687
5as8A4G47Ohu9NSWs3Je8U,670
5AtWO8IEnjhRLzaVVQxFUs,26818
5au2vhHl8DViD9PUxUZBTb,1375
5aUOy65jHJJSbdltF2p3rM,549
5AVJt6VYXT4hMRP8D3MRAC,1398
5Aw0IGM5JS3FuTgtRsDWGA,630
5awQWdBpLqN2KFVRN8w56T,505
5Ay7IoZINgokkgtnWQbYSU,655
5aygfDCEaX5KTZOxSCpT9o,1205
5Ayl2bJtN5mdCsxZoxs9n1,7017
5aYyPjAsLj7UzANzdupwnS,22342
5AZHg5fZjuN4FzGUnaiQcj,869
5b0XQwyoJBFd3MwL2YxEPO,1192
5b2OzvLaL6nyxw5pbVbSdy,800
5b4vy4GMu5dgRMOt9bHZpY,537
5B0gcQCmHJR2VznrIGKh4x,2199
5B6H1Dq77AV1LZWrbNsuH5,3654
5B7uXBeLc2TkR5Jk23qKIZ,2067
5B8ApeENp4bE4EE3LI8jK2,1460
5B8M0EkuUFr6fGN66BO8H8,1178
5BaHqGtf6UAZnHfqdPaTDA,714
5BBBDm18Y0TCRXZggaOnZG,715
5BcAKTbp20cv7tC5VqPFoC,69246
5BcEbeQq5n2fz8HbhI9CWU,1405
5bCNJ1ICzdnzK0yoCIP2Ip,1154
5BCnLrqpwYtufR1bDWn0hG,818
5Bcrb5qQMVTEbJ43fdIS4A,1251
5BcZ22XONcRoLhTbZRuME1,3461
5bDxAyJiTYBat1YnFJhvEK,7517
5beNQx8Rsr5StjfjIhwS4o,783
5bepW5vcdRzheNc0F8lHJ5,1540
5Berubt6ysOy2LCMyqhmXP,19511
5BfKKSmpGmj2moMNlaWeJK,643
5bfqwcEcRrMhtY9smw3IeJ,970
5bgfj5zUoWpyeVatGDjn6H,30786
5BhFZpE8kUGZJiKOsYjLQM,742
5bHjVR4F2Tfq4Ha6x7K6wU,2250
5bHSSREflcAADAyCMlmxmh,1081
5BhvG9bggFHpnuUkl5SnKw,506
5BkB3rXc0qIdUtuEnhbK0A,1605
5bkiOnvHXsHqP8R0xbEtO0,710
5BKsn7SCN2XmbF7apdCpRS,2671
5BKzvAPtNXnt0LwzGvKOH3,9864
5BMgsAFg8rZQc3tqs5BB8G,990
5BO8aIDUyNtvnq98qMIs85,578
5bOsFzuJ6QZMr86ezC4oXY,1925
5bse9w1FhvHOjwC110JLe5,557
5bSfBBCxY8QAk4Pifveisz,12590
5bT8zz9XjbOtDryVd3wRGw,667
5BtHciL0e0zOP7prIHn3pP,36006
5BTlwnHtDmzpMj0URbp4Ur,1026
5bTTx0CRvZj1kRJwUsWWYo,634
5BuTOT6mPoNZ5EmaPheBI9,2906
5bv2uGb0NPkGoYRa5m82Wv,664
5bv5RplEOwdCvhq0EILh9E,844
5BvJzeQpmsdsFp4HGUYUEx,51258
5bWApG9Vdshhd1J50UnNf6,710
5BwMgvRwlq61SmknvsVIQj,2199
5BYcwjrQth7em7maAt0yKE,623
5ByjU6oarxRC2Y85JpKx1n,516
5BYuBzqmTXwUDw2rYkwExr,3544
5bzWtCkjIAMgN93gLt56SO,1192
5c3akKV3CUqAVOnGZqf4S3,953
5c3GLXai8YOMid29ZEuR9y,5172
5c4wQaXkNDqSOTjqX4ExAu,4842
5C0gCCG8N5Dh5dZytIgzLX,632
5C4PDR4LnhZTbVnKWXuDKD,1515
5C5mVIHAEIbomEs6nsNWJ9,794
5cBeFQv3kBVP8o15CmPTKb,3105
5cbutZUQE7SUCA6MsEMbBv,532
5CCf77sKGlTdfIiIDaVScj,1821
5cCgzhFyRJVydeO23BqgLG,1401
5CCrgHVEWtg8YTEn1UaYug,2194
5CCwRZC6euC8Odo6y9X8jr,9247
5CdJjUi9f0cVgo9nFuJrFa,9908
5CE2IfdYZEQGIDsfiRm8SI,4901
5CG9X521RDFWCuAhlo6QoR,1427
5CGtBYmVPeLhI1kM2Fn9Gv,2605
5cgtn5YWC3Fr06wTps1dBq,1547
5ChF3i92IPZHduM7jN3dpg,5903
5cIc3SBFuBLVxJz58W2tU9,38112
5cj0lLjcoR7YOSnhnX0Po5,2518
5cjAMJ0mdgOJvbZBmJeq0A,500
5cKlE8f6b26h61Ml7m052Q,9909
5cM1PvItlR21WUyBnsdMcn,770
5cMgGlA1xGyeAB2ctYlRdZ,8163
5cMVRrisBpDkXCVG48epED,2728
5CT7RBitS0e0u78T8tRBWQ,630
5cTn7jRVGqTdmgMW75FIal,4771
5cudslRGWg0GsXaN79Wifs,686
5CuU6SRJjbbZL926nSGGxX,1101
5CVsjwjuzUOrlEc2OJbUg4,771
5cXCuJjbyxee1uCILXatYZ,511
5cxol8ruhBU1QpUick7A42,1263
5CXvT1JutlWVLJN8YEOf1h,1553
5CYAFhywQTXdZmppCp0ukd,1011
5cyHu7tidauRJ9UawaPwG5,695
5CyMmYYHMIfK9YYcKLXzO1,768
5czcqWtwZb5btfWWvWTmgZ,1481
5CzlICF8GCY0pRC82MKrhX,1026
5d0NRbmYMNSv7BX10VPoi4,766
5d1JhBfyb58upMXCZOdbQu,22557
5D3h9ZoobhetjXw3dKhcaq,4825
5daXMUbrPh8oX9Nd4CnToG,791
5dbuFbrHa1SJlQhQX9OUJ2,7783
5dcOK4stT4JDkP6Dqhbz5s,519
5dCpFeKxLbycrnsjWZjha8,1123
5DCtsJfyBEzvZ9qN7jSA6j,724
5dCuFngSPyOOnTAvrC7v2s,892
5dCvSnVduaFleCnyy98JMo,968
5DD8fdenQJ9zgVLaQVYdPQ,708
5de5W8sgXIMq9dgMR0Wml0,1497
5dfFr2qhmXQLvHZqg0dynx,1300
5dFuu05x8SPBuymudrTBU8,1002
5DGJC3n9DS0Y9eY5ul9y0O,1028
5DgjOwTN6o76J5Gf8MzEoL,1602
5DH8cLYXVTknLlSRzzkRc4,1216
5dHfLBNU8zoypgKefzEB1c,588
5dHt1vcEm9qb8fCyLcB3HL,57954
5DIi2JWfQPTKffaVBlIYRn,594
5DK8eK7fjvRsziXzyr3sFA,13983
5DKuVtlpDH0agZQUFDy8O7,1262
5dLBN2tOGTJwWb5oj3QQ9v,946
5DlVR9AUTrBgXWN4wiy5aL,2638
5dlzTgw97q5k5ws89Ww1UK,1285
5dM7jA0PXh0Ozz8LT2YOCB,642
5dMnvpYEfXvSexjwnSRH5n,5760
5dMNVzCPRLL5QUGvvrNW9P,1457
5dmU7FrmtbQaSzIvGsE4Jp,1184
5Do19ow5oRPYYU46jqdkwh,1020
5doDInHCvRMOOapyaos2AE,1181
5doPfvddXXjtQIJu9rQEz5,1622
5DqmNLPM1kAbSBQk2FMm6b,1040
5DskE0p4D9P53HqtwTsfbT,544
5dTYaRzOn4rXGBLH052EeQ,5817
5dUIQXIt7WeBKpETFZyTFW,540
5DUlefCLzVRzNWaNURTFpK,3349
5DuzBeOgFwViFcv00Q5PFb,1927
5DYAABs8rkY9VhwtENoQCz,28969
5Dyfxq0ZrFjjeFBdSNxDbo,638
5dZiRoY9Vpp6qrxqXNRwPE,3409
5e1BZulIiYWPRm8yogwUYH,15725
5e4Dhzv426EvQe3aDb64jL,22130
5E2rtn57BM2WPjwak4kGd5,789
5E7zSu46SqTmgKqsc0tFkY,1672
5E8EP2XI4VkHHUdhGTFKWK,855
5eAWCfyUhZtHHtBdNk56l1,33442
5eAZLsVlw4VKkwtQS9cfrX,584
5EBnQEKoaiAk37Q7cfGrE1,778
5EDkJDlRNcMs3ewliB24QA,4055
5EehXjjMktLuJmbRsM7YfB,857
5eIbEEQnDM8yuDVB0bimSP,8312
5einkgXXrjhfYCyac1FANB,1739
5eKLa1xyHLq8ERWmT1CRHj,1577
5elcNQkZ6FCZA3grSOMngY,1053
5EM6xJN2QNk0cL7EEm9HR9,8978
5eOyDcFvvdc7D7BD6gCdsi,688
5EP020iZcwBqHRnJftibXX,1039
5ERkupmHea6uS0nwKr2zcz,2027
5ESobCkc6JI4tIMxQttqeg,526
5eTq3PxbOh5vgeRXKNqPyV,2710
5EU334rCTsW5fOSHaSjBBK,1059
5EUdiv20t58GCS09VMKk7M,605
5euJsEvfrlfhYDorMR40OF,4975
5EvFsr3kj42KNv97ZEnqij,41204
5eVh2c6WuigJCj1WrHfnd5,840
5exS0bytCYdixgv02DaCm3,8957
5EXuZB9s9F3ezkS7zpV8d1,570
5eYDJJfPXinVZq2mXleOSW,686
5eyMzR1hYiEZtN2c9ly2kw,14812
5F1aoppMtU3OMiltO8ymJ2,3628
5F4ObszoeVebqtc0B3XqJa,2419
5F73ZVq8ivLhsYF2pGg4Fc,507
5FAAR1LqXQp0HbgVfQ8ZWE,1087
5fahUm8t5c0GIdeTq0ZaG8,5992
5FbBZ9ZLIoVdgbbnGmsKNk,765
5fbhwqYYh4YwUoEs582mq5,5123
5fEKZRCUa0JApec5Xy095q,3776
5fENlrINIVP0gJOtKxvORt,956
5FghcZFWriEQFftyizgKEU,2431
5fHk07xqQp5IMnsLzLZK1H,506
5fhMbh4PVSLSODF2fhWwqt,661
5FHwr1FymaS5kutIEK6e2y,6776
5fhX5cgW9CIJ363zTqAP3a,541
5fikk4h5qbEebqK2Fc6e48,5009
5fIZHCg2de8322HZodBDWL,618
5fJsY7afrbsyzJj9wdzJMh,5956
5fKc00Wh60ggl0QptZ2aBx,590
5FKchcZpQOkqFvXBj1aCvb,8722
5fLcxlU1oDJrMNOZsewCpK,516
5fMUXHkw8R8eOP2RNVYEZX,22923
5fmvGUlMVgmnCn45f1he7d,793
5FNHfTn3yzVpqdUyWwej0v,1799
5FQbU5Lrb4pFcW45ZgZzMx,2130
5fsDcuclIe8ZiBD5P787K1,9396
5FsfZj0Mp6YwEWytuJUcWt,1729
5fUbM1zPxRNlooyLpOB2j3,684
5fuQrhMRYMtoO9uOlFad4P,1076
5FvlJcXnFIm72pgQtW3Dct,965
5fW1JQP4DfDyNqvYQ5m4Ju,2069
5FWi1mowu6uiU2ZHwr1rby,5970
5FWTu1MZdB5fjKif2rZldJ,1091
5FwydyGVcsQllnM4xM6jw4,1451
5FY8IkeSIChD7WcmPPH5NW,1226
5fyDppLDl1juIu1BcUT5zh,1612
5fyHpJg1xW8OZqPyzmQv2C,1538
5fzbfP3jLDaJZe7TdFDXRY,2525
5g3uG8zZZANGT6YOssgjfC,3232
5G2CuV8p3yxLeCdLPR2z40,529
5G8IlDlnPQPN4YmtJ6NDxK,824
5G9kmDLg3OeUyj8KVBLzbu,22581
5G49Sq5mMzAkGL4ZP6eVPY,3737
5gbwngeG3dwS4ARmtgud9C,742
5gcDZA9xXCOspWgQilUYIu,1670
5gCRApTajqwbnHHPbr2Fpi,44857
5GDZ6xhBwk7Yja97CFLmV7,980
5Gejwv3xz2DpLcxVpMD6hL,2690
5gFZo6Oh5WehnbEj0XtxiF,608
5gGhRZgP9BJL9fsFdvTzeX,1474
5ghnxpW47ojtLHHyTLdxdY,6031
5GHv1pBOWOQxIE6WQBq88Q,1520
5GIaRpKCtzquc5UUicqe50,1348
5gInJ5P5gQnOKPM3SUEVFt,1897
5glaXGC2Bpd4z4HsVhzhjN,819
5GMZzcgmUwopsHBB7TyCsy,2537
5Gn7NoCZvbVlGgtZMILRcv,1531
5GNSVtCq2hiXDx7jUA5Iou,899
5gOJTI4TusSENizxhcG7jB,2397
5goS0v24Fc1ydjCKQRwtjM,951
5gpgMHIDzhdGccwJniIXrh,596
5GqAhBdaiG5StP2EHhmw8B,887
5GQgxUq4MOuXXV99WrRuev,581
5gqhueRUZEa7VDnQt4HODp,2675
5gqoUf9vKKv96b1c0GBKwu,1095
5gspAQIAH8nJUrMYgXjCJ2,6080
5gsyao2Qm21EKylbVIuRQ3,1130
5GtMEZEeFFsuHY8ad4kOxv,6572
5GuEFqVXxQsqJtjGqoFWvf,1367
5GUVj2b1lJ4DolQyHlzyaO,976
5gWhlJBlLQGLOgYWO8lwCU,2302
5GXruybcLmXPjR9rKKFyS6,574
5GxyeQagayzZOg4UwffQlD,946
5gxynDEKwNDgxGJmJjZyte,5026
5gYIhpLwCYoxh3V8KANZpI,1384
5gznATMVO85ZcLTkE9ULU7,10223
5H0YoDsPDi9fObFmJtTjfN,3844
5H1nN1SzW0qNeUEZvuXjAj,3968
5H6xmHXjsq98NLbEjuE29f,7306
5HA5aLY3jJV7eimXWkRBBp,722
5hAhrnb0Ch4ODwWu4tsbpi,4183
5Hc9oDGvStNGmnj44m8sHg,6930
5he5w2lnU9x7JFhnwcekXX,56352
5hE6NCoobhyEu6TRSbjOJY,1545
5HenzRvMtSrgtvU16XAoby,1690
5HFkc3t0HYETL4JeEbDB1v,552
5hfOHpGMsi8O3DA0ROLGqF,1504
5hIClg6noTaCzMu2s5wp4f,695
5HJ2kX5UTwN4Ns8fB5Rn1I,955
5hNiAUVPCTgcpy8vljCxzs,2231
5HNitHZkgOoY7JyzXHIZam,863
5hpBysnp54w1yxvpw2WhAF,637
5hPR4Atp3QY2ztiAcz1inl,1122
5HPsVk1MblCoa44WLJsQwN,666
5hQ8WaVpabvOX5i8zPjefr,530
5hQCwevTf03u1rECrRMeop,2332
5hqM93qFRmwRv3QGrLO0jK,955
5hrUVXJsPParZB87QtAz1R,706
5hso1dNofaJLy96BpWYIUu,638
5hW4L92KnC6dX9t7tYM4Ve,6263
5HxxQWbYtQSFMKTjx9LPtZ,1048
5HYNPEO2NNBONQkp3Mvwvc,6629
5i4BaWy8YIun1u3RXwmlWn,1046
5i4JbHYkeCa702YXS68RGf,1805
5I0593TTVPzkanWW8xsTns,3196
5I6MzhNEMk27cZsCqGAIYo,717
5I6ni4YWY0WJUs6rFqufxT,507
5IaAggho4F1gWHE5REe1e8,579
5iB5AWIa7qreioi0AF3Bxa,1626
5IcGbIAgdns0R5EJKHMjCQ,9824
5IcR3N7QB1j6KBL8eImZ8m,84106
5ictveRyhWRs8Gt8Dvt1hS,14331
5idHaEmJbiGTZ2MBmhmGMV,510
5IDs1CK15HegSAhGEbSYXo,3546
5IdTPFXrveWkm5GNFJa9fw,552
5ifc6CQgjKH3yMzyzTenSz,907
5IFCkqu9J6xdWeYMk5I889,3204
5igcQeVmcLCLDM2cj43Tuy,782
5Igpc9iLZ3YGtKeYfSrrOE,1776
5IH6FPUwQTxPSXurCrcIov,623
5ihY290YPGc3aY2xTyx7Gy,2343
5IisONdbZPH1lEqfw9ndlK,834
5ikNVOJoWdEO41eADi7t9a,677
5ikWl4mjoiFlLPvkFRZETq,1044
5Il8YjuVAWkWNH2xgjFMpF,3530
5IL5awl9gUcb2ez9IgmW26,591
5ILrArfIV0tMURcHJN8Q07,13299
5imUS9dQyCbAjUEJJ9QyWC,1809
5INjqkS1o8h1imAzPqGZBb,50766
5iNrZmtVMtYev5M9yoWpEq,2428
5IOZCSuYRrid1baINgoKIQ,629
5Ip2ecnyGpNyZvPuuYU8Ai,1812
5IqdTZwvASXwM39z5qPqAA,992
5iqStkZi6QmG8sgQZQrfGN,2766
5isqImG0rLfAgBJSPMEVXF,1575
5ItTHwcEtFh6DEOBheMub9,943
5iU4aLyClzDcJFJUiNjMPl,1007
5IUvXYeMtVmp8YJWf0eqvf,1245
5ivCbtrcD5N4rD337xIb2z,30417
5IWCU0V9evBlW4gIeGY4zF,2173
5ixB75BQR3ADoWQkcHQJTs,4963
5IZVaIBkyx1ivCXLfpeJXT,1129
5j3iObqG7iT7utWpTTmC7F,1577
5j4HeCoUlzhfWtjAfM1acR,9608
5j9R5dTGerKvdXopZnfJh9,5409
5J6L7N6B4nI1M5cwa29mQG,2608
5J7URjIP8aFmeSn2QwF9Au,1141
5J81VungUjSVHxlPpTI9KG,2746
5JBjc1UhLlvqmifk3WLAFg,505
5jbP6txZCMe5l7QLZ1pmJ3,1272
5JFi0qiRtsMLnSUJDwhBKo,1041
5jfImMkUYyViFJrhdfYt1c,845
5Jj4mqGYiplyowPLKkJLHt,969
5jJN1nmKXzRjodMl1THQeI,4721
5JkAsTexi8F7wk7jsqmgWZ,504
5JkD3p2fJbGwVagjQSfD7h,1073
5JMLG56F1X5mFmWNmS0iAp,3937
5jNGQ7VOU87x5402JjhTtd,3698
5jpma87NOuRoh5FMf0CW5I,775
5JqX1glXPg6428ubI1w72i,550
5Js8zUcr9OCEyoWjw3joxY,637
5JSXWmQO8csVUy6hSRu8TA,4440
5juOkIIy18sFw9L30syt1Z,16286
5jVeqi3PNaTOajfvBa4uFn,3145
5JYReWgOGu4JKm5pqmACqG,642
5JYtpnUKxAzXfHEYpOeeit,1370
5JZ7CnR6gTvEMKX4g70Amv,21599
5JZ7uSAWAzTHHVBICdtAc6,803
5k5eiijuHxrGwXp2Pz37GZ,1119
5k7Y2t4cB5dG219QgFCvXW,2181
5K0rbdBrs2tNXe5LeWMATT,1318
5K2BdUwQNqXy70BX2L8BQx,807
5K4gVy6DhNd39mSjuK95Y7,1041
5K4W6rqBFWDnAN6FQUkS6x,413297
5K6CrtQfpRipgTDZbaSj7k,1768
5K6YsAKuRtcczPgxAdzc3B,2054
5kah03Pzp6s8eD8vRIhdfL,594
5KDIH2gF0VpelTqyQS7udb,17385
5keDbKEPwrbe36cPzRpzsK,2182
5keeQyPKYRxUCKDMECTXG3,1347
5KkgZ31b9eDwkvo9oMIrSm,533
5kmPNusdo1mCTyz4u1uEGm,763
5KNNVgR6LBIABRIomyCwKJ,2449
5KnoVkIUGmK0PiDKMjz2LM,958
5KNqYrivNgVCHBssEUSu5B,5564
5ko56X4u667qvCekZkcWHF,697
5koilOAvfuLq4O2yc9UWft,727
5KORW1YGiERJqfuYjXMCyz,503
5kp9Qhzri9LrDkzrtjt5Sh,2185
5KPJMJR9PCfMWSfco8i4W4,3365
5kQGFREO5FzMBMsAO3cEtj,5509
5KQMtyPE8DCQNUzoNqlEsE,1935
5KQX0Ui06LVm6PApyicRFK,565
5krkohEVJYw0qoB5VWwxaC,6667
5ksRONqssB7BR161NTtJAm,7271
5ktiG2i4Gv54oDKNMJvgmk,1213
5kuJibJcwOC53s3OkoGMRA,11226
5kuxm06ltfO1Rj9j5UQewf,1399
5kW2ng5av985BfqrOMRpk0,854
5kW3q7Vywlw24apaeufin6,897
5KWOCu1saEHAhPiLKlOLIy,730
5KZgx8RwpCUIEfRuMdcfYX,636
5l2EAkfckNPYZbEDbQtEkO,1574
5l3blxapQi6wu9e4V7BMon,555
5l5JD2LJPnIoVeco82Tk4q,1635
5l8VQNuIg0turYE1VtM9zV,6042
5l9wiTZVfqQTfMDOt0HtwC,800
5L1n6wVJMxBw6sZbxD0XAU,1297
5L6QAKAkdJIPLsNbItZ2KF,1269
5L59UhTBOeIRPxF5umwC9p,602
5L67d6oZKOOmXcBcMMJdZZ,1337
5lbM4g6bhxjNX7R5QHP2nD,3782
5lBYzBQdFqhcJRc30cPHa9,1227
5LCDv4TvYRQD5ehflOBEh4,881
5lCY3tqdQxbeg5igSlObaT,12708
5Ld19xtpAR80G2boTcHaVx,684
5LeiVcEnsZcwc133TUhJNW,720
5LEUigTSXpwrtERRcSW1N4,776
5LfGQac0EIXyAN8aUwmNAQ,37543
5lFhCi03HDneWzvCxGctrT,2438
5LHRHt1k9lMyONurDHEdrp,67459
5lHRUCqkQZCIWeX7xG4sYT,35180
5LhTec3c7dcqBvpLRWbMcf,1163
5Lhxlge1CR1DrgDAje8Qaw,4827
5lJ4XQ2hlPlxACN7q3xKL1,682
5lJBrQQ88JjskJmJeVKX4F,603
5lkiCO9UQ8B23dZ1o0UV4m,9506
5lKZWd6HiSCLfnDGrq9RAm,15069
5lLVsxABqSuosfqAoLQeXV,1344
5Lm1CMoa8VOCBCLZesAcvc,764
5LMPXUMhWXshBPjrqvZOfv,507
5LmwELEKyxDFxrbZzR8K4U,965
5lpH0xAS4fVfLkACg9DAuM,16473
5lRB3MAJfKzlt7dgYMHWgY,2064
5LtAyeDVOVcydj65LvgICY,1163
5ltIfb6fKhN2sxGic1WRWy,637
5ltJZgIW3OkY5WvuzX5MYz,1705
5LuLeXlnT2jFxbx7Cg7j88,507
5lV7ZbXzVs51uceyzf5383,1593
5lwmRuXgjX8xIwlnauTZIP,32931
5lwT6gFdwV3Wcol07KUiJx,739
5LXEAEGrpKQtpyCu2sZuWu,2934
5lXf3xjcLx6BmYMY6TvczJ,1058
5lXfVoQxVgC5fpjkVqvNYn,2226
5LyRnL0rysObxDRxzSfV1z,924
5m7wCUhYhBh7A3A3YMxrbt,2347
5m8H6zSadhu1j9Yi04VLqD,7039
5M0HAqHXyOh3q7WQnvce8o,718
5M0lbkGluOPXLeFjApw8r8,60321
5M5PjPSiKeXynM6Ohu350r,968
5M6GE2n46o0qBIyGXtzdQz,879
5M9Bb4adKAgrOFOhc05Y50,2620
5M52tdBnJaKSvOpJGz8mfZ,21001
5mADpqv2E8KIHDmEhH7wmr,1196
5MAp6rMiUJjRLXMWtArXRS,3626
5MbNzCW3qokGyoo9giHA3V,1459
5me0Irg2ANcsgc93uaYrpb,80358
5mFKYdmiYwNJTDtSzgFyQx,1633
5mgr0FFpvy267wKVAYg8qp,9421
5Mhs3Eu8lU6sRCtRYsmABV,1752
5mhWyJh66IsnLUNhpFPYuP,556
5mlbvTfWUOfDrUIK6dkNzv,1549
5mMkUZv8uUrlH0SHX89BeS,566
5mMuiFhh7faS7qxnTLRA6u,2820
5MmVJVhhYKQ86izuGHzJYA,8928
5mNB8ykTlENptzmsxXRtdS,758
5mnS9jJdKQQcRSqFu5YPVe,8796
5MO2kbaGGA2a8kL4c9qqHq,1246
5MouCg6ta7zAxsfMEbc1uh,23552
5MP9bH9aUryiKQeUvABLIU,3373
5MPOKeJJi86inlu2dvewah,1097
5MPWTD6J1H9XqYEOb4QkdH,659
5Mq7iqCWBzofK39FBqblNc,9516
5MraexJKZDrQYzS98kNwie,908
5MspMQqdVbdwP6ax3GXqum,4486
5mtKpqeeaFavW15yIX4h5e,739
5MW08rvyz59mdceF4urxXO,755
5MX2l6ewjOaeWn1lYNhzlO,874
5mxB08ktCukEhGMg2YZeEv,1669
5mXMQJHLLfym1KyNcDrhoZ,631
5mYS4mPFCpxvQwGU8rT43a,3172
5mYWkDD4b1eM4ZjFq5axxs,1703
5mZC7ndY6oGMxJentRwsuV,1013
5n9bMYfz9qss2VOW89EVs2,3167
5n30a5V4ftXNMHCHChmK2h,4306
5n71fmAB8Un2IfAPn64erN,1510
5N5RfI8FFXk4WQ8kkjE407,4955
5N5tQ9Dx1h8Od7aRmGj7Fi,1483
5N6GwJzOcOY5kv8p0NjhYL,1462
5N9mXRQoidjsUWjowibwqw,1691
5nCi3BB41mBaMH9gfr6Su0,37309
5ND0mGcL9SKSjWIjPd0xIb,24144
5ndkK3dpZLKtBklKjxNQwT,77337
5NDMothbpdpq2xHqSjrrWn,4253
5nF5D6yfXQWdR9kJA01oJq,701
5Nf5yishRW9Ye174sJISkg,1681
5NFB7dL4b4ZtcMAk2wCOoi,937
5nfow6tv4Dtm6K4WHzczBI,1780
5NgfalfOtMDHkJ0SbFAxyA,1600
5nGIFgo0shDenQYSE0Sn7c,20830
5NGO30tJxFlKixkPSgXcFE,35249
5nHR37FDSU4I0QQta0AZ1C,957
5nki7yRhxgM509M5ADlN1p,6012
5NkUpXWkeXspvu7iQQOHhP,1987
5nkYRuiIHg2xXHFC8bfosJ,2207
5nLYd9ST4Cnwy6NHaCxbj8,11425
5NNlkZBrBpOJ7C11JwVxIj,1651
5NNnr6pPyKr6jh1JSl10fx,563
5nPOO9iTcrs9k6yFffPxjH,6491
5nPz5R1FDPTMI3Dw4JnTGb,1508
5nrKbDQoztn1qIZAwXvGUq,1446
5NS0854TqZQVoRmJKSWtFZ,8409
5nSAh3wlH7VaqpnkiMjzDs,614
5nSGBmlgUdqWNExnOX8VtV,826
5NtJpNZgRqBvRCq6OE08ZU,670
5nwjcZ87CGNRiO98nFKdOD,1352
5NX29TmuYrENlpvz6IgYMJ,849
5NXHXK6hOCotCF8lvGM1I0,873
5nYfBUxnHtI6LAp32fl9qY,1480
5o0OkYkblxitp1gdPiZO0B,503
5o2jetVpyIsXvWDT27bN4k,4278
5o7DmXxAI7rg7qBUvcLq2s,910
5o8Wylae9k23IEJMIiwd8s,3643
5o206eFLx38glA2bb4zqIU,17012
5Obb6ABge8V2JOmkgQm3VY,841
5Oc4knEQaid8K7AFqO5lHu,1209
5oERdzrfb6kmNMzPNINZib,4274
5OfhOoKunSnuubxxRML8J3,2165
5oFkj1qSlyBUmV5d6Edgtq,830
5OgSr6wQteRu9jek5JvnDQ,3528
5ojhEavq6altxW8fWIlLum,9329
5ol7Hq695R9m2bT9T3FiQx,970
5olDKSsFhhmwh8UCWwKtpq,649
5oLlM5Gtr3OvNAbeKA9xXX,618
5oNgAs7j5XcBMzWv3HAnHG,10410
5oOhM2DFWab8XhSdQiITry,14680
5opRYqktzpMFqZ7jtnp7yy,2139
5or8HO8aiwjdIWZxURNx1y,591
5OrB6Jhhrl9y2PK0pSV4VP,29930
5os0Ltvz8Q8BvXOPOd1frx,3213
5oSFZH3AgLRQxBi87McLjP,624
5OSQDUNmll299ldFIF1Dau,9494
5oTZhBfLpcYvt6Y703qkYB,888
5oU0tZlItLctcLOQPS3mCy,1967
5oVU37Ru65xPHl7dJG7gR9,552
5oWOx0BBDSMoFB8JDrjQre,1002
5oYHL2SijkMY52gKIhYJNb,1977
5OyoCvyau6TiGqcCKnDBCR,539
5oYrefc0gr24yRUMCDBZkB,1044
5p0zkKpBuRguKebwRe0RI2,3282
5p7f24Rk5HkUZsaS3BLG5F,47967
5p9CTsn5ueGU4oScNX1axu,5616
5P1oS9DUTPEqcrmXDmX4p8,1600
5P2rwRBgIN450RaJxdjYdA,3150
5P5FTygHyx2G57oszR3Wot,17806
5P53Exo01miUunItQyR2La,1241
5Pb066owdc1LPXDf6Xs8Rm,671
5Pb27ujIyYb33zBqVysBkj,10262
5PbpKlxQE0Ktl5lcNABoFf,3954
5pdyjBIaY5o1yOyexGIUc6,6953
5pf5LNOq8NQJYCS44cF8Kw,1163
5pHc8cGF3alNcHJUx7bcaq,1469
5PifaykkaJRJlWbUz3H0od,545
5pjCYG6hPLBO3y4swxu3dh,3074
5PjekOABtfU2Kwo0AHVmci,893
5pKCCKE2ajJHZ9KAiaK11H,339570
5plcM0NxqZcnAWQVECcjWN,696
5PmZd7YOaUgQwhOja44fmZ,902
5PN2aHIvLEM98XIorsPMhE,2351
5pnbUBPifNnlusY8kTBivi,2347
5PokPZn11xzZXyXSfnvIM3,24203
5PP8syQrThERevdtvBZX60,628
5PPCkoOKabpGGhqrUwSikz,1588
5Pqx4mXYDGIDcg8E5FYjZ8,2283
5PqyUCb74JCPduh1k69CKB,689
5PrHzxc3kFm4hIrGNmelpX,2160
5PSWc8Y94zFsAtZlTe7ipI,1027
5pTAtfO5NRMgj3zsT721WO,1035
5PTrX29vKxqFe59hnYb8hx,1325
5pUmXBIQtqpvdV1HAy2xYC,10821
5pUo3fmmHT8bhCyHE52hA6,16900
5Pwc4xIPtQLFEnJriah9YJ,106047
5PxCTrv3Y1xVACfngpt7D2,8226
5pxpygL6kP0q3Mx3dIc6Og,814
5PzC9pOeviQlNF6iGlUF5C,1498
5pZE9tgrhmIGWAsJZ7YxNK,1415
5q4AzEtCoYJyXjMMoEkSU5,6058
5q4eLKmqFVP0xII8087PHz,1077
5q6z6GTth6lMbL9I8CAgby,1971
5q8HGNo0BjLWaTAhRtbwxa,37234
5Q2ZtOZ0vOdtcjGDOq6ZQc,1264
5Q8NEHGX70m1kkojbtm8wa,1696
5Q9lZeceisTLfkThW0fd94,526
5Q81rlcTFh3k6DQJXPdsot,23528
5qa31A9HySw3T7MKWI9bGg,2676
5QatamYwvUTOmMHW6WA0AG,7692
5qBZETtyzfYnXOobDXbmcD,10479
5QdEbQJ3ylBnc3gsIASAT5,4710
5QdyldG4Fl4TPiOIeMNpBZ,2087
5QEQTOTzN3kxmK41BaLFK5,533
5qgwXZgnJnxS83T5CtqkLg,568
5QhsLryFrDbj9IZ38UmMyn,699
5Qi4Bb7a8C0a00NZcA77L0,9565
5QieUEtijtUF3ABBp5JVYP,713
5qJjtRftP42zv3LBnIzOEr,1163
5QjWgYDeKNP2iPHTdTttnG,1143
5qK5bOC6wLtuLhG5KvU17c,6392
5qlzaXu4riV8YLrL97cwyI,526
5QM7h12RUoqgBHiY5OBCZs,1487
5qQpn0ZokyamZjyKtkKUYD,2732
5qRSs6mvI17zrkJpOHkCoM,1569
5qRXoCC1CDTMTli9gplUvk,707
5QSx2vpiSchSeCwc0qmfNI,4618
5QuBVnBPEzwYvFrgBbwpmU,856
5qUHCOUsvVKUpVrMMmztMK,698
5QySqc6yAFDx9m7fedFZmC,762
5r0KYGxdIZEHZ6z6XbkVbo,4672
5r1bdqzhgRoHC3YcCV6N5a,4143
5r2ltbRmBrS2c0J4oTwfGo,835
5r4OqYJL7JrtZlffx7FJlb,1406
5r5Va4lVQ1zjEfbJSrmCsS,17569
5r7mGejWrGSxheAYEIfSwI,1122
5r9uIJCoquVtEkCkvcn8Ez,3712
5R2UBQDhqSCBlaKyFqj4rR,683
5R3Hr2cnCCjt220Jmt2xLf,32529
5R5MLOQbI4lb7GHYioPqoN,1904
5R7K1GezC0jy24v1R2n4x3,509
5RADpgYLOuS2ZxDq7ggYYH,3126
5RBdF1pJSLF3ugc2Y2PoB8,2447
5RdqZVi36tpDPYNPw8jJbO,9477
5rDXcEIODl8TgGTgrntnjX,1563
5rE9FxgMGmsZ8Cg4AeOavJ,667
5rebfYbZVIhbRVcRKWVOAh,1202
5REF3rMSUd6bSRwgV09dzQ,1157
5RGAUCWFZyymaMSAZJeice,909
5rGgflnIpRNizTCozbYBuY,650
5RjqSn7vYk8Qb9GeLWRRhB,4617
5rJVTTK0ucAxQhkUc0nXbH,994
5RK6c1tyaKpwcDpbgCGNgj,1030
5RKCVcnmcgyhFf85I4Ry9O,1306
5rkVyNGXEgeUqKkB5ccK83,11556
5RkXaPxdZ8L7ERNgDZXlKh,4129
5Rl15oVamLq7FbSb0NNBNy,46072
5RMUeKq0dZxg9RHE1f0B9P,767
5RNFFojXkPRmlJZIwXeKQC,914
5rNhVm2CnqiO5Lv4Dt2lck,706
5rOkxO8Va1CnXhF7nrHMrU,615
5RQqbE8uh2NwotXk6wvYa6,2665
5rr0CMtvn1p9Be8ICfkTc3,534
5Rr15NSbi1Xjno1AEP9u21,4272
5rrmaoBXZ7Jcs4Qb77j0YA,697
5rScKX1Sh1U67meeUyTGwk,6601
5rSXSAkZ67PYJSvpUpkOr7,40977
5RTLRtXjbXI2lSXc6jxlAz,1478
5ru2x3pjrNn67D22BRwlFP,588
5rvaaWutd0gsbc2iMNo9k5,1436
5rVbcJv0JRfhWLA3mgM73r,1754
5RwfJb8wxN1fuodcPORVxP,928
5rwUYLyUq8gBsVaOUcUxpE,910
5rX1EodZfwxmW4fQX2Caot,1024
5rX2c1zow6hCph8PnnU3kF,1876
5RZjpmuD14JKXvB8Ry1G1u,3402
5RzjqfPS0Bu4bUMkyNNDpn,1694
5Rzqmz1zAszembFHGZQuAt,2060
5s3rUylqooMyGsFE0rOFJT,818
5s5jvj5TkkMkQDR28awRsA,1051
5s6TJEuHTr9GR894wc6VfP,1922
5S3BxZrK4hYN3fwsw8oumq,589
5S6hjAxgxjsLylsTtMIimO,8057
5S8ZoFJT4sEkvTua0xL1XL,888
5sAg1HZePcFfhrs0G8A8OP,517
5SbkVQYYzlw1kte75QIabH,9788
5schNIzWdI9gJ1QRK8SBnc,37449
5sD1ZLf2dGQ9gQ3YJl1eAd,8262
5sdxGvwxI1TkTA6Pu2jnTb,748
5sEDTHJJyDEWVFx99hGSIb,754
5sennRot4Ls82wfspEQuf2,1522
5sEocv1pFst7o3pam69obY,644
5SEW04tNMMrOz7UFQJA6vz,2479
5ShkaitLUorYdZgJMqTF5E,517
5sHn9ENA6XtnLmOrVQt2BB,612
5SHQUMAmEK5KmuSb0aDvsn,3380
5SjNVG3L9mgWQPsfp1sFDB,2299
5sK8BsvyDl4TFA6KaBf8or,4191
5sKvgmG84C0bIMWeS2SRPr,689
5sLCZx5RvQ1Cv6kguDLCLx,4755
5sm0jQ1mq0dusiLtDJ2b4R,5436
5sM4cZ9MHihs0tbmkiE9n8,516
5SMVzTJyKFJ7TUb46DglcH,4714
5snNHNlYT2UrtZo5HCJkiw,1213
5spEJXLwD1sKUdC2bnOHPg,16268
5sQqZtsAbXAoAnvA8iN9kN,3952
5sRhscbWRXFbjXtSZyfaWY,4946
5st4KKihmnSMLRsxWOs2x3,967
5Su2KD2PFFCWlautZ9ZZpm,829
5sUrlPAHlS9NEirDB8SEbF,4990
5svDnd8joFhbpbA3Ar0CfN,1160
5sWHDYs0csV6RS48xBl0tH,5575
5sXaGoRLSpd7VeyZrLkKwt,14337
5SXEylV07TC57eanSxxg4R,6499
5sy77gt4bfsLcSQ8GIe4ZZ,12424
5SyGEPymt1G2uto47tVWvZ,41529
5sZ0LIk7BJLJquEUUt5rJj,733
5szdY7KaSi7epwyffrbV8c,3932
5t06MTkDD3yr5LVs3YFLQC,915
5t7cAYs7nLUCQkzCAw7Zwa,546
5t28BP42x2axFnqOOMg3CM,42559
5T0MSzX9RC5NA6gAI6irSn,8791
5T1bhiyED6hokaKTechcKI,618
5T2I75UlGBcWd5nVyfmL13,688
5T3N5ks9c3L7D4aXw54DVs,1256
5T4UKHhr4HGIC0VzdZQtAE,756
5T60shnsXD8hlLRDsbvFoO,807
5TAL9h3eaLmeywqYanJesj,1263
5TB43hYVZMxI193JCzyQJb,2586
5TCjPa3h276fNojfFHZyw2,973
5Tf4EH8tDvznnjULcFxkIl,8101
5TfnQ0Ai1cEbKY5katFK14,978
5tFRohaO5yEsuJxmMnlCO9,2908
5TgQ66WuWkoQ2xYxaSTnVP,2643
5TGTpu4g8siFOIctZuQO7y,701
5ThfTvfTCfzJAEvtEI2Jf8,2360
5tIkXJTex4JY7cv9mmgAZx,2985
5TKKPpY9zr2qrz3JM3Vawq,5203
5tKXB9uuebKE34yowVaU3C,16798
5tlNJfV9UIpgnbWmvUEFu7,582
5tLx2xpkiHdzvX9CIymCfR,1509
5TM9R6dNoJSMq23yZQD6Ee,528
5TNmizItgJPfvCoPKXAMGz,671
5TnuP42pw475UrjjeabtwZ,566
5TOosZsVbwb5O1BOFdcLmw,817
5tpWDRL3doEgCZdVn4FsNN,631
5TrkbV9x6OdTBlzWPJeBz5,1540
5ttgIeUVka6FLyi00Uu5h8,5126
5tth2a3v0sWwV1C7bApBdX,5466
5tTsrGPwQRWUsHR2Xf7Ke9,3993
5ttV0N9HvMH3KLqNKcS2M0,556
5TUa95aB5Vu2CzwCnZd6t0,854
5TWpCLIhvGlbJmLK1zNpiL,1662
5TxL5c1vLglCvxeCrL6oap,1017
5tZhefLixacZsUcEDx9wCL,508
5u5H54EphBvnO3KvaGslDW,1166
5U5gGBQyUDAQV6kgNjgmnI,729
5U9LPyBknlYMg6liERwsTq,606
5uBIsYz9WatgoViLG6pVj2,669
5ucjhW0VidVLW5TegvgxSf,1336
5UdPkKWd8YNR5xGcmqH9QJ,4626
5ueYs7bR3niiOeZdOSge5e,811
5UFWdAKsTs2o6gwSyBXxS2,2633
5uh8Bhewltd8j0TLZjNImc,1028
5ujCegv1BRbEPTCwQqFk6t,2478
5ujrA1eZLDHR7yQ6FZa2qA,1279
5uLkZ7FWMTBUg1corQqdkR,2059
5UloVKzUNJcjORzhhTWWiJ,1785
5UmeRtxfJxx9iUnyUP8dFm,1273
5UOLfDoNQJBGlGAKQg9Iwc,809
5UoVLCWzOKMIJ9iioof9OD,972
5upLeyz8OjRZcbFuXOF59B,993
5UqjSHztpMyc0liXncNbGD,1560
5UqTO8smerMvxHYA5xsXb6,3552
5Ure3b6cjh5Gk29qg82eym,517
5urVI6ZUTzPlsqQoHVwc9s,1451
5usbqiU7sjvszjWecANDL6,1456
5uTJLo3c4ZHpH8oEwGxYUN,1380
5UtQf6Eqewo02lVCo3lImQ,1210
5UTSnsj3Xf9gw0vEGk9Jp6,962
5UVftEhSsIg0kkXlmfhB6M,1489
5UVzX8pQe6bb5ueNdfViih,1734
5UWH3rIlO4qbXk6PMFZEbP,666
5uYXMC13cIUulobh204QuK,3846
5uZZpd0gd1c36OcQBGxgGC,2315
5v0XTlB9FqNvfBfnw8n5b0,1150
5v2WhpA59TJSdPh7LCx1lN,682
5v3TYN6Mmi5vxV2uSOfXot,1006
5v6wlK6GCKVovWMbPqSHNy,1940
5v8jlSmAQfrkTjAlpUfWtu,8001
5v61OSg53KaQxGMpErkBNp,6329
5v74mT11KGJqadf9sLw4dA,1205
5V0MlUE1Bft0mbLlND7FJz,27374
5V46QXboFTCK5MP40SwVRK,596
5Va9LuEmaZxnbk1gMnjMD7,2380
5vBKu1igxFo6g1sHADkIdg,3383
5vBSrE1xujD2FXYRarbAXc,16864
5VbVlOyCYdM5ikZMoz3dRg,561
5VcamBo0Goh74iFQDqj6Q4,717
5vCOdeiQt9LyzdI87kt5Sh,4108
5VcrwzYyoX3WUTbkaqcIvN,733
5VF0YkVLeVD4ytyiyVSIiF,3618
5vfEaoOBcK0Lzr07WN8KaK,2182
5VfqJBmXcf6ZqXoGij5qTE,3858
5VGsR5wapeJIuRPX26IeGn,576
5vGXVYudNgm9E7jhXMM0Ro,616
5VIq5RHAbVUMF700vdwfYw,1465
5VJN4jB6PqqEg4kJiAj6Eu,4031
5VLQQzAkJrzG7QggE4DVg2,775
5vLv7RBpAmIPypST2zhKUw,686
5vMAKlvvMNSRQRYCAvpG6S,603
5vngPClqofybhPERIqQMYd,59638
5VQCk9RiLwri99OgOT34kq,1117
5VRQkaqx6A28RnkJ8xx2nW,784
5VsOThWOagH8C8gCvIy13k,2925
5vSQUyT33qxr1xAX2Tkf3A,1276
5VTWoYYizcOY3uIKnxeCGI,1193
5Vu87j6vCvfwc7FNVGnBwk,813
5vvlfKQdn6amTImsjy9Si5,881
5vvvgOwPjA4R5t07ZXLLwZ,3010
5VX8hxrcfJWwaTLiqGUHG3,20780
5VXtGEXyfSC316JafIsPZq,818
5Vz7hlMWR4OFye64dYoGm0,3569
5w4jm6oj9XguE2zaCEfd3S,515
5w6mMj1qwSILG0pcylfchp,2034
5W0u1pQ5BbnkLGZGMnxtp8,612
5W5bDNCqJ1jbCgTxDD0Cb3,22332
5W10uJRsbt9bROJDKoI1Wn,1550
5Wabl1lPdNOeIn0SQ5A1mp,3100
5wam12nGWDBIrLDV78TNSF,840
5wbIWUzTPuTxTyG6ouQKqz,7972
5WcGRaGsl0b9sul7jVdDgc,596
5WcisvYoq6332gCUX039Jd,1847
5WdqBAQhGFCrZvBKXiPIu7,2041
5Wfvw7rDz7HA6gE2z6QhqO,3204
5wFXmYsg3KFJ8BDsQudJ4f,6993
5Wg6XnPTp0xXxFCjywwR9I,2988
5WId4o5jdGVhptNU0uqKxu,15952
5wJK4kQAkVGjqM9x46KQOC,609
5wjWLK4KMqmRbdUtTEV1BG,984
5WM2QZxPsbSfFrt4ibSDBi,769
5WoWlP0ihSFIxnppxjwSgE,1159
5wpEBloInversG3zp3CVAk,12874
5wPoxI5si3eJsYYwyXV4Wi,4157
5Wq4oFrEbsAvYqQ1cc6vLz,617
5WQxQAu4xmUwCzxPw3GiB4,851
5WRElKaZsn1tGnrgmJVAeO,6417
5Ws3s6lSP4Un8kQf8CrAta,627
5WSNXYpMTLuSV6ESFWyn4w,615
5wTAi7QkpP6kp8a54lmTOq,4049
5WTJgmKTxGTi6N9KpGH9Yr,1521
5wTpMQz4RtF6dFX9blvMDc,927
5wugb0kaq0J6nyQ5Xgd17i,11532
5WUlDfRSoLAfcVSX1WnrxN,94911
5WuoHUDzojO8oto22ahnwN,868
5wwneIFdawNgQ7GvKK29Z3,775
5WWSL6rElJeUk3Uc1S2RyD,4875
5wWvcn0hJXPhCw9eYUody0,844
5wZOrGWdg4hq7KIRMupJdI,662
5WzsdqnI9jOwLrW9YuXI4t,525
5x3hUNIfDPxP1Kr0ZaGs64,950
5x3mrCTZmkoTXURN7pWdGN,1224
5X0N2k3qMnI8kSrGJT3kfT,844
5X09SRt3qx77eh0XRreLjr,1473
5X1JzPIIonP3u9lA580pPT,770
5X3TuTi9OIsJXMGxPwTKM2,1176
5X4LWwbUFNzPkEas04uU82,13539
5X8Tt3rIpdy8VR78KEhZ6C,683
5X77nNxT45eR0OshjmAvKa,503
5X83BYTRaFGSoKLknnIpWz,565
5xAVJw2gJQSTFkxUWgm1fO,512
5xd2Tg7Zo8755eCy8Gxkp8,1861
5XDJlfdfbGNJrOJJNxTcdq,7894
5XDSGEZV9xG35PRLJ0O3hx,612
5XE0fiZWGbq9TcSuWwJ1fA,697
5xeBMeW0YzWIXSVzAxhM8O,4066
5XenQ7XfcvQdfIbpLEFaKQ,16846
5xenrbYhp4IRydrWpBe4Bx,791
5xfJLyvC5UElVSiMuLt1ss,711
5XGoUe0WjmbOtppHlB7Taf,994
5xI4mPixKfrCCspATqbpy3,688
5xk0kRuXn1zToTHpHAqpui,4181
5xKp3UyavIBUsGy3DQdXeF,20662
5xLSa7l4IV1gsQfhAMvl0U,4582
5XlSS9O4eHRiJ0hKzbaFQ2,19219
5xpkLC1MxiPRiIJUDEzuVm,6433
5xQKoGD7Ql92fWd1uWwKkf,1921
5Xrk8HKFWj76Jonuerfupw,2489
5xsSdtWHooM9IL5WnDWTdD,603
5XsWrYhwadPBjW20qYbdZg,658
5xUf6j4upBrXZPg6AI4MRK,17431
5xuNBZoM7z1Vv8IQ6uM0p6,13895
5xvUFw0p8yfQfHVliD1dZG,866
5xWPOujQqd4wXyB08slZ9Z,1759
5xwugJ4uudppmOCCZateE5,1458
5xYNmNkaWRqu3e5F4UXME8,3868
5y1gFSVnE4DGxUxHeKrGk6,1436
5y2Xq6xcjJb2jVM54GHK3t,62629
5Y5Qltdor4sw3O8NnFw5pO,1150
5Y5TRrQiqgUO4S36tzjIRZ,20274
5Y8eJDj37KhaEeqbVO7Ag1,753
5Y8EphH8Vdqu5SLj6K5vjj,2393
5Y9xEAGW4GwGJgbiI6W85P,4951
5yCd7bxcAc3MdQ1h54ESsD,1046
5YekZn3GGnPIURNA6RG124,664
5YENCIQVzziCFdoVWc26Bn,1363
5YFS41yoX0YuFY39fq21oN,2087
5yG7ZAZafVaAlMTeBybKAL,36234
5YGY8feqx7naU7z4HrwZM6,126658
5YhX2onn51M81v4dSZajlX,702
5yhxqYI0JBwUKfXpSEjiM8,5774
5Yi0y4bNdc04Oxk9l6nwXa,556
5YI7PJwny5JsO7djczHwhP,1792
5YkBrE0wF8cAlq3GCOw5Eu,7378
5YNi3BopLa4XtYRtzML80L,1147
5ynvmGwc83ZoRx2EIWHXLX,1269
5yoZYhT8x7DXiFl0srkXLQ,1286
5ypIMlORxA9iDgQdJXi0ZO,1207
5ypxebeHEIXjMtJb17uJlI,10022
5yqlRwdJcO8wUhGzfDdfd4,1865
5ySYeIhqg4Rfs5tjteVMz3,1227
5Yu3b48Y29bZlI1cLPOZJz,3791
5yV1qdnmxyIYiSFB02wpDj,14915
5YvrXxWXf9n9enAV8HHZSN,982
5yXAFDZNUNyO92l5WTImkO,2667
5YxebzzreNswbtYC1td4cx,4328
5yxyJsFanEAuwSM5kOuZKc,749
5yzE49FicYiSxN61oaxkNn,537
5z1FDKqosEGwr8HrgzNa0q,830
5z1VAFwT35EVvCp1XlZZuL,3765
5z2cHsOmmmWcAPNG1oEhw0,4352
5z2pNh5Q7EUb7JrE81ofhW,576
5Z1CCuBsyhEHngq3U5IraY,2729
5Z1reBuaReg2pg72I2mnMm,955
5Z1XZyEFY0dewG8faEIiEx,2212
5Z2NUZiY3FA00HKu5WTMhA,3702
5Z3IWpvwOvoaWodujHw7xh,1413
5Z5jUyiNvFaqp0EVyLNf0p,13319
5Z8Qlj0jWh0OOmJ55EwSnu,1107
5Z8UTQtTYNu5o5FA66LFgv,2455
5Z22vlK4DCgDrQgBEqfc8w,532
5zaT4Qu9otu6z4oyWjRqM2,646
5ZATfKurLqflrBhv2FLht5,757
5zaXYwewAXedKNCff45U5l,5310
5zb7wVUx1vTXLB6HX26EnX,1582
5ZbRDyTYX4HhXveONcZQn2,1712
5ZciodrGuWZAkGIXHzTiQP,547
5ZEAzHE2TzAwUcOj6jMIgf,7295
5zeCSgiRyezbfLiGOpKAsR,3339
5ZGDxHhju6eE8ja4IyGe87,1139
5zhKRxsS4pRPhkO6vbE07u,661
5zhxxb24WP6q6rbLHAn2UQ,4749
5ZI5pbnKxA6Qy1fVNsjCp0,2082
5zjfQChzjrOvA9bCDiH1m5,733
5ZKMPRDHc7qElVJFh3uRqB,637
5zMgvYBz4AW0gFyPtg7fR9,1556
5Zmur9D9gpr6tXyDrpnbOe,770
5ZMwoAjeDtLJ0XRwRTgaK8,1592
5zNOI87gG4RttFmYAZWaxQ,716
5ZNxiPcbKgaNcBrERMpqeu,1353
5zOAmDnZqXZwqLt3JXqrRB,537
5zoKOcTDI9EMOhGNaxL708,1301
5zovXI5By2gUhdr7EByjLa,605
5Zq7R5qmi58ByYyBQTlNuk,43352
5ZqnEfVdEGmoPxtELhN7ai,722
5zS8r5hRRk1jzD41yYS1NO,3623
5ZS223C6JyBfXasXxrRqOk,27430
5ZsFI1h6hIdQRw2ti0hz81,61338
5zSWGyWE5d0PYaYrtdVwOz,853
5zvOGQ4uW2viBHMmkyl3C2,1472
5zvRX0y0JYtGOmGJwLwyIL,659
5ZW7HlSuZz8ng2X21cXbdP,1552
5zYJziKktyqWwmoAWXrShP,2970
5zzbSFZMVpvxSlWAkqqtHP,1155
5zzrJD2jXrE9dZ1AklRFcL,3598
6a8DSomMqspxk3s3WlBjNT,1475
6A5Ns1SpGWTt8SzXPwiqVE,1234
6A7BMVAmKqMDXcFb9T7wB7,550
6A7uqgC2N1nUhrCLAytHxN,1113
6A43Djmhbe9100UwnI7epV,17172
6aAestjbtEbALwyIYPg8Na,592
6aaMZ3fcfLv4tEbmY7bjRM,12989
6AawJaQO4i99Be2A3w7BTW,1030
6ABaV7mB6WIZKgfEEtWCf8,1464
6AbQqiXLNLzvJSqq2383bZ,2503
6AcOTCYBMvjKYy4zms0kaC,13230
6AEIKVwB27miPI3uJxM4Dw,4550
6af8aRyYJXqbM7u9qljiRk,674
6AGUQK1EWK6nvN4pLIDQDQ,15944
6aiCKnIN68hohzU3ZzNq48,572
6aiFCgyKNwF9Rv5TOxnE8E,1107
6aIm51fHkokqlJn2vzNTH8,1986
6ajp0mepNWwjGZ9ivlqqaT,619
6aJRwrwfOffz7RMh2Cfm8e,673
6AKWjx5wmOI3bCeLrxFjgv,645
6aLdhHUqgdKE86xbtNmY8g,1585
6AlXfeCNG9lrauBDG7GyjM,924
6AMa1VFQ7qCi61tCRtVWXe,3343
6AMV5iw09ZrX1h3o4x7uVN,1078
6anFwV2gLyrrDzpaaQox2Z,673
6AnjHMqEAps8VJdHU8RykH,578
6AnrSlk5Gp1YMXgaI3mWCL,1331
6aP8ry8w3bSNyfyqhE8rGf,1829
6APm8EjxOHSYM5B4i3vT3q,18083
6aq8T2RcspxVOGgMrTzjWc,9033
6AQEfqGPSxZX0nJVonYxi6,840
6ASGmWCYupa0CXGtsDdYSI,1051
6atrA9ysSgjJXw8NZH0vjZ,570
6aUgzC0cMh0StjV7LyFEDr,4306
6aUKy2LG1OU6KhYOZADolN,542
6AUl0ykLLpvTktob97x9hO,22481
6aUV3Fndwagje8d4rBA3xw,6373
6Av6GMCOznZIlHuNcBWgf4,1116
6aVjo0xHSiuW5hkasoYSR3,607
6AVLthptCPhfrxlHadOBJD,9393
6AWdGez5g1jxpfl9XD4wI3,2624
6awzBEyEEwWHOjLox1DkLr,3520
6AyATGg7mDgBlZ4N5uNog0,1752
6aZyMrc4doVtZyKNilOmwu,31704
6b0Wy4mw8ePj9w2EX3s4V3,826
6b5YOgXIliAozdo49vUCJQ,2050
6B5c4sch27tWHAGdarpPaW,24880
6B9zcemB6pCVlbLac9pwWF,1012
6B10yUcmUVw4RPKe6j58E9,1015
6BaEtrOzEuvmxmHZRR1nNa,1216
6baWjwY7WiVPCZcW7pqqhz,4016
6BbqU3r1G2mwkRIfIbkCek,651
6BdSOHfQ6kMg0tbAFlXR1z,2172
6BeO1KuAWBqFriL1mLHtNc,1027
6BF0bXbsdujMSMeFZBGcBq,6900
6Bfy6QzadCXS92y0T8dDZF,748
6biWAmrHyiMkX49LkycGqQ,8109
6biY6yyLVZzisjmFLx0AP1,674
6bJUzb3mLEYCkTAp7eNJgO,624
6BMhCQJYHxxKAeqYS1p5rY,12540
6BNaPZdAIZAJnbgJRiZz2w,1710
6bOYtKnpLPQSfMpS2ilotK,1159
6BrvowZBreEkXzJQMpL174,22548
6bsEozzA1CHU0TIq2DXDxq,3978
6bu7CtcOMWcS0BMq7snHW6,1509
6bUJpbekaIlq2fT5FMV2mQ,5675
6BvltIR3D11htiOg84sbVX,611
6bvzW28MI89yFg4k5NTkR3,502
6bWxFw65IEJzBYjx3SxUXd,1717
6BXionV4R0BunrFpSwIMUK,7475
6BZbe6PDrJgxiXZ3cIXA8o,675
6c0mTNAxJxlp9HpKTUZwA8,1750
6c1pBXHYjFcGQQNO5MMsdd,10314
6c4sUNBgdonFJz8Kx2VsGz,2720
6C0JkmxU2cgkVzotHJgfW7,522
6C0KWmCdqrLU2LzzWBPbOy,2329
6C1ohJrd5VydigQtaGy5Wa,2851
6C403AR4y6PjN0xNNGh42m,914
6cadOIa5DTh6a5mGo5r4bh,2462
6cdC1cwqh3eJAXaxXJt2jv,2070
6CDJjCW8qVphiyxVukKdOa,642
6cEuCEZu7PAE9ZSzLLc2oQ,17368
6CfAyHRZimRXEFeC7Tcseo,889
6cjSmkVvMvyE6tCAo1M9Is,2227
6clbbhnIqpHnqxwtOWcilg,2530
6CmXhyslohOFRJMtPpRm4O,12944
6cN9XwPMj9bWzJ32GC6V7v,2283
6cnl6Jz97730GUS8zEAK77,7127
6cPMzk1hDgzdIe8vkAhcNM,515
6CqjoQyGZlnhnq5gAUz92c,3191
6CQrZZn0g2ZNfIcXbi4pdo,1963
6CsleyOZtyt16saX8WhzDx,3000
6CsOL9C9iLL0eWKINlDxzQ,768
6cSxzHrQgGc4I4Ck5Gewej,1023
6ctgu4FFlnNhMgrKiIzCxp,750
6CwfuxIqcltXDGjfZsMd9A,23807
6cwlhbT6PnscdmUYCLUJsa,747
6cwRqYSDYwWsLveCcDRhyY,1548
6CWTBjOJK75cTE8Xv8u1kj,10827
6cXMpsP9x0SH4kFfMyVezF,17227
6cXU3B0U7wNEOOU8UjaWww,1207
6CxZzQFUTM6AzgluGwtq5w,2653
6czdbISBoxGckbBX8F4m8L,3668
6czfQ8MjHVmvJKA4LAnviG,692
6d1HqiWNEKV9zFqQM9WeYo,688
6d4jrmreCmsenscuieJERc,1075
6d7AYr4nvqHPhfPaDLLeRU,1073
6d9SnuHI2bRer7c76d8sLq,3751
6d24kC5fxHFOSEAmjQPPhc,1637
6d47Z08T4snK50HgTEHo5Z,35217
6D01mATo26VaiiCfZzpWAm,972
6D6rjLdxyE5vwhMlkuQq0E,982
6D7h7R79IZjqJC2GM2wzyY,2706
6D9Y5lqXKgJv8CV6Ur59oS,2149
6dAtGAnHCQ1ujMUZ9Ep82k,820
6DbJi8AcN5ANdtvJcwBSw8,765
6dC0rIJNLSFZwqckLgXJ8p,28694
6DchmKCVOKK707FCrLFFDW,510
6DCIj8jNaNpBz8e5oKFPtp,14047
6DcWdela2CbJGCyCZzY8tE,514
6dCz3spfpIvqqqsIoP6wXi,561
6Dd3NScHWwnW6obMFbl1BH,26448
6dEtLwgmSI0hmfwTSjy8cw,5561
6dexNK5MjEL8UvmA5MjSgg,581
6deZN1bslXzeGvOLaLMOIF,46944
6dgwEwnK0YtDfS9XhRwBTG,11987
6dHr8Y0nPrnHiBOuJzuu8F,588
6DIS6PRrLS3wbnZsf7vYic,57460
6dJeKm76NjfXBNTpHmOhfO,19013
6djNDzSg08mnh2Ayoh6Ovn,2320
6DKmuXxXASTF6xaJwcTfjv,1430
6DL8cHjzUa0J8WSH2EWDMX,543
6dn6x1XOng3LOAnfTjUn77,567
6dOgQbtNGEOKGXEsAi0puC,1990
6DoH7ywD5BcQvjloe9OcIj,25863
6dOnTTVTbQlFWF6yfD4Vw5,827
6DpWtzfwV8fcwP6fXckDVu,788
6DPYiyq5kWVQS4RGwxzPC7,53714
6dQgkiJm1fRkcqKOvPzysr,1151
6DQsmplq17UDA3zmiybbSb,899
6dROiL44pIQZVNZ6Bc0OJO,3666
6dse9FDodKw65ZQoLjE5F1,652
6dU7gPN2BhEPfO5QHLt7es,881
6DVipHzYsPlIoA0DW8Gmns,1018
6DVVsQAnpHdJjb1nYuOQ6g,863
6DW0QgM048WZ1eDJfq9ZhS,1357
6DW1NmhrCCFdZbao86wchK,736
6Dxf1ZaJBrpbumiqTTnlIH,502
6Dy7Ex5zlTLgXbsB92rPji,996
6dZAVi5PugDwlAnH8KMEGl,1483
6e2u9HgI4qz8Dzr7WBM3o1,4267
6e4aHkdDUcsaXPTQdF6Qhn,7115
6e7QpHYqEiyJGiM98IysLa,1220
6e8OTLDQpaz1Tl2GEaxsNj,12057
6e9wIFWhBPHLE9bXK8gtBI,698
6e28WiPlKSu1ukkhHCZEnF,1784
6eaKsv68njcrz5OjeQor5L,1838
6eBYLQONaYZhZNAVK061t6,2509
6EdedFZ0TxPvIRZzj0yF6s,1057
6eEsIl4wosvhuWI0mfXxAF,592
6eev6LNl6SEAKqLIo7vd9D,532
6egyCFgiJ1j941PaxKoWJD,5854
6eHPmq8aR8X4TZIMvrD9Bo,791
6EiZOxfG8B5evnLH4KnJeF,1682
6ejhZKxWJr9apHAzj74DHv,7050
6EJmqnuK0r6qiAevFFiNNR,626
6ejQ8vRKDUNBT2UyG3OaAM,758
6eJqAWJdd8JhAN1pQGie4r,25749
6eJRqkCcePqNJkhk98IDbc,1215
6EkvDqOOEX08BotcQppKoD,2544
6eKWqnckwdIlSnjaYgIyxv,24157
6EKzehEG2fwJtRMH4KbjsA,1223
6emHCSoB4tJxTVXakbrpPz,2255
6eMqM0bpqakYd4EA857uD9,1004
6EmSzH0r12lNsYQCFzCFS3,1404
6EN5zX1Q2W7qcesyatdUfO,874
6eNOjuJSfKkAvbiGW90AkZ,504
6eO95BjZhrWHREMfwC4vVN,2076
6eoJpTIlcuxJNjV5fDzDJH,7295
6eouuqqGggqDlYRV63cgPo,10948
6EqFMCnVGBRNmwPlk2f3Uc,659
6eQHjJJa52LUGjBKP5UPos,521
6ESzKdcEDKvhUek4ZaHruk,511
6etIM3JbzGPxTdfNWWfsVH,508
6eUKZXaKkcviH0Ku9w2n3V,272116
6eUSUma6IbsuvfAs9c0Kti,4103
6eUtrZgzxqbV7zMxzN3Sz2,1315
6evKD5JWJON3qPBJtUEmtY,3786
6ewMqjrF31lC8ywRsvm073,943
6eXJslu7IJJ6Ej8Czbd0iO,548
6EXX0GpVsILp9TGCfu7AVG,1915
6eXZu6O7nAUA5z6vLV8NKI,608
6EZzVXM2uDRPmnHWq9yPDE,1078
6f0hUHWLOCxCSDQMtdVAS7,10570
6f3a43i1MJZwdjEpV1M0oH,2241
6f4XkbvYlXMH0QgVRzW0sM,39313
6f5Tjpxz9kTRj05LKWlOpf,772
6f9bmfkqiYbhCtdAZsv7KI,1715
6f9zLIMqyEu7abKhGMFr5q,598
6F3NW2aC9Sni1FH7QPSLvw,1537
6FBDaR13swtiWwGhX1WQsP,98241
6FbDoZnMBTdhhhLuJBOOqP,6554
6fBF4MULW5yMzyGaon1kUt,4361
6fC2AcsQtd9h4BWELbbire,594
6fcTRFpz0yH79qSKfof7lp,13002
6FD0unjzGQhX3b6eMccMJe,4387
6fEO1r9Y9TYL9O4w5kVPmc,1811
6Ff53KvcvAj5U7Z1vojB5o,44727
6FfjnGXMhxSsJTuGLWBDth,876
6FFTGpuvFDztqTz4t1Hqy9,853
6Fi8CHfO8WGtu3yO8c2Mc4,5166
6FIrstf3kHEg3zBOyLpvxD,7137
6FITmSxIMsk6TfulFiCIIz,4684
6fK2hnSgfRPxR6sL975XQS,596
6Fk18HpdnXUsKWpN9mPb9R,1523
6FLMHHUhqa9B8wpImQmcn9,628
6FlOCziOXI157pvUREAh3E,1086
6fLrPFLWLSCrp7gcTZXcKb,3863
6fMFAugldzxdvpZl0fZNKd,690
6fNmOWQzfOVyHLQ2UqUQew,1236
6fOMl44jA4Sp5b9PpYCkzz,31923
6FQPrGwEepUrGKbzD3Zeib,654
6FQqZYVfTNQ1pCqfkwVFEa,12502
6FqXAd1hQl7vVdIQ3hhtgc,610
6fSNDuge2fLINdnCCbpZx6,5221
6fsOa97Gfd2f5iqlDoHDUM,1019
6FSZmn4oKr0o1UpTZ8vXMq,575
6futYSDVulYR2PktBjTB5W,1350
6fVcDUckTwxqg56qNsEvUr,3704
6fvN9GmMCVKb5LY0WsnjFP,1836
6FwOq8Kolj0BnP7PMhsqb0,1051
6Fwq3TDWpMhcL1KTKVQiI8,729
6fXEqmGQEt6ONuqVmwrN46,7832
6fXIdyfCq00oaElvH64eri,536
6fxk3UXHTFYET8qCT9WlBF,2051
6FXMGgJwohJLUSr5nVlf9X,8172
6FxuPrpa8phaP3Xn73emhT,4222
6fxyWrfmjcbj5d12gXeiNV,11920
6g0mn3tzAds6aVeUYRsryU,8713
6g0Wah2YFtb1rFgKhUktlo,2665
6g0Xatzg8vlchoEe21LoeH,868
6g8AmloI8egfrr3dm3SnUL,3806
6g10GEtmIVqIQBhPZh4ScQ,2428
6g878dtAhjegRHVe5X0ALf,1547
6G5wDM1Vmsscql7qRtcLH0,764
6G7OerKc3eBO9sVkRNopFC,7685
6G9bygHlCyPgNGxK2l3YdE,5659
6G62DWLrirhPFrzRQGQrHF,869
6gAtOqhriLzOzb3Qqmg5kO,3626
6GbCJZrI318Ybm8mY36Of5,2791
6gbGGM0E8Q1hE511psqxL0,16704
6gc6oo3u2f7SqTd4mhe81O,596
6GEykX11lQqp92UVOQQCC7,650
6GFfu1alUSrL7qazImC160,5972
6GfiCQDFYANz5wUkSmb3Dr,10701
6GH0NzpthMGxu1mcfAkOde,2579
6ghiFYcwn2Vzl6K50U0UPz,6944
6GHPFG30HgJzP3aJHNzMVs,652
6Ghvu1VvMGScGpOUJBAHNH,10737
6GI52t8N5F02MxU0g5U69P,23183
6gJE2UbjRlQBb0dFmMQTm0,601
6gk4ierjjSVPoZep27VfZz,778
6gK1Uct5FEdaUWRWpU4Cl2,13510
6Gk5hoM7eW8NSCYhICMDHw,1051
6GkJh85o22LfD2vgL9DP6f,35380
6gkWznnJkdkwRPVcmnrays,3183
6gM87haEMrst4Eqdobf98c,607
6gmhrHojnyp0SfG4WwJgIE,580
6GMYJwaziB4ekv1Y6wCDWS,40455
6go0iwCisHtnyywarV5OEZ,530
6goa2f1QVVT8aqSxKWnsVj,587
6goK4KMSdP4A8lw8jk4ADk,1643
6GpHhOPYcMVyiMtZyeWsfw,518
6gQnbY1egUGK5llcWsrwgE,715
6GRC8segVAr34gm6pjfSoQ,906
6grrtSwMegDAZVtJgUQtJl,642
6GsPmNut1ND0llA2WPLdyQ,1839
6guC9FqvlVboSKTI77NG2k,6386
6gUiIIPmV6OXjHcvv1KCuL,1147
6guTJsgPymDUVfqDJyz5UG,763
6GwNGuDRNbx5XwoHQA3QiD,2398
6gWsNpg9lhVbimwQ8bP5K1,1586
6gYjIUFuKIBVJfxXnmrd5P,1430
6gZq1Q6bdOxsUPUG1TaFbF,16157
6gZVflqhSHhG3MjYrf1dOv,622
6gzXCdfYfFe5XKhPKkYqxV,1679
6h2bWHWTJL38N8dqocVaif,1532
6h2J3dxLnTyURwIUBumKog,12363
6h3rSZ8VLK7a5vXjEmhfuD,1841
6h29EZDlc2NTvmCUe4yoXV,1955
6H1RjVyNruCmrBEWRbD0VZ,20486
6H2JQ8igAAa5UBr2u496mb,684
6H2X3nGSnuLh8UeEyair9A,994
6H6svVOQLsIH1uK7KedZoQ,857
6H8Sj9gFyDYJ3T63LA3DKz,1290
6Ha4aES39QiVjR0L2lwuwq,49876
6hAUCkzZpoYGObd8qFW5TT,505
6HCkJzbswOIc7Qc5TJ1n5l,2357
6HCnsY0Rxi3cg53xreoAIm,7593
6hCsqVHnBo1BVQWuIjRMkL,1037
6HCZOENaZRSdEWQVSN8vzL,1185
6HdYUuBeK3g2MA2wGVCDcn,787
6hfwwpXqZPRC9CsKI7qtv1,29287
6hha7AM7ao3kNpN0VwOXgD,935
6hhA8TKRNryM8FNzqCqdDO,1763
6Hizgjo92FnMp8wGaRUNTn,5400
6hk7Yq1DU9QcCCrz9uc0Ti,3918
6hl5k4gLl1p3sjhHcb57t2,3344
6hLIT4e0yUtIa8DXwst4mi,573
6hN9F0iuULZYWXppob22Aj,11747
6HnHBbeScFiQKXt3sUQA3Z,621
6hnWRPzGGKiapVX1UCdEAC,22517
6hOxW1tuM0aJHaI3FEXWeA,878
6HQ6vf4AloXyVNdyJhrX1J,935
6HQYnRM4OzToCYPpVBInuU,1069
6hrOM3yfx3SEtARzDWMikb,760
6hSbppor1AmH9RGzyxOcGT,657
6HUm6AHJE0oisACMN6NNJ5,3469
6hyAYqBdxyramm4W9TB7R0,888
6hyMWrxGBsOx6sWcVj1DqP,7257
6hYrBYtoVGArYJcqvYxN4r,504
6HZr7Fs2VfV1PYHIwo8Ylc,2453
6i0KVTOvm96T55mbp742ks,2151
6i1GVNJCyyssRwXmnaeEFH,4972
6i4aN0I3l7uldsLTjbZOF8,1692
6i5jeqNyrzyfDwIiAfNdyF,563
6i6WlGzQtXtz7GcC5H5st5,3321
6i8Tae6takoQos2JZ4vdRn,767
6i392l38cR3uBPF0DbNs7S,3097
6I3KHx5mARRC9v1k1wZiIQ,842
6I3M904Y9IwgDjrQ9pANiB,6648
6I3MElirhT5t6Kf7p0hGk9,759
6I6t21SFbxZ7RbQgD5dN7U,2150
6I9TgZbapKRXsunA05fiPl,1740
6IAyf2t7LbAPSJ32G3guaP,682
6icQOAFXDZKsumw3YXyusw,57114
6Id8rcDNyBXPcgKQVfQ8rX,11948
6iDaoPZVgxrTkndDCisX8F,1272
6IdtcAwaNVAggwd6sCKgTI,3944
6IE6z7DcZIT4Ml3Fh5Ivch,16680
6ieK9Ddas29reReO60on3o,528
6If57j6e3TXXk0HiLcIZca,8782
6IFUhDPbZkH4ytZZDiu0x4,562
6IFXsrXBpwbIqtOUOiAa3p,17198
6igfLpd8s6DBBAuwebRUuo,4341
6IhG3Yxm3UW98jhyBvrIut,1137
6iHjyhqvFSzRPe329fW6WD,503
6ijT84fUReKCGYV3MjhB2y,2010
6imbHAlhHrFwtsOgqpeBK2,4484
6ImfL6wSxqhYl64AbsaNZX,816
6ioOEWNNGK40H8xrGj6XPW,2901
6IOvhXyk5edbA2DVaeP9Up,2546
6Ip8FS7vWT1uKkJSweANQK,2238
6IQkN7kM66NACkh1RMGihG,836
6IRouO5mvvfcyxtPDKMYFN,27845
6irRU9KRGb0cMtlsBZMg2i,1595
6is2U7I1jlI8PjxNZOHIMV,3214
6iswhpc2w6na3lS1vehFXF,909
6iygtKnPG7TRvDaTYcLOd6,1462
6IYnSXO40Bh7Zdqhf6rQoj,1080
6j0sVXUMU7BEZZ5cfEwjkq,507
6j1fmLreVuAay7k6Gudfa2,3139
6j2HWcd7z61iTLbi8eD0hA,1414
6J3RPKUwZlKMzh3vWa9wPc,835
6J4zegMTYP4nGJSpSDvy49,3386
6J7biCazzYhU3gM9j1wfid,6101
6J7rw7NELJUCThPbAfyLIE,23612
6JajQ1VHanKIftKLeZRUSy,1168
6JaSyvyg28SHC0Of8YE6M9,1390
6Jb5H8o9T7c4C13vLFpyPY,507
6JBGaRYIWS7fzKP0qGgZve,1614
6JcD2YKEhgimweLpUI0NEw,873
6jddkwDLW1TOlqdjfK4ywk,800
6jdObwsrIjSRnBbMw6lPBj,3267
6jDzxywOhu6CcmS8MVzWlL,1035
6jEiUoyyJNPHzSR0Nib6HX,7081
6jHG1YQkqgojdEzerwvrVv,4121
6jJ0s89eD6GaHleKKya26X,128866
6JL8zeS1NmiOftqZTRgdTz,58676
6jlPsZ7OXZkGKNVfeR7ULc,1734
6jlWj6y00bMQt8XoKuCjyZ,1803
6JMHws5haIO6V35YNYDnDw,1215
6JmzdIDSQdeHg0pocIascm,2195
6jn7W8NuX94FWZyeGlyCaJ,914
6jNOJmB6z7VATJ062NlwCd,625
6JoxwT8CwvpxxNaP55R6q2,1063
6jOz2B9qeID4dLP1o8bFGf,597
6jQ9UtYXqNfVnPkrH1Xxwi,1287
6Jqut9RUUIl7KksiQ6omuU,780
6Jrj26oAY96EEC2lqC6fua,2125
6Jrxnp0JgqmeUX1veU591p,13816
6jsjhAEteAlY0vCiLvMLBA,2337
6JtFllJR7nhh8fa6oGefSj,1315
6jTnHxhb6cDCaCu4rdvsQ0,11242
6jU2Tt13MmXYk0ZBv1KmfO,1251
6JVRYNneRsYNInT4TNr5vU,2893
6JvU33PZ8MtZyeFTESr09O,5653
6JW8wliOEwaDZ231ZY7cf4,1074
6jy0VQ5tLwEKBeMxZ1aK4J,2554
6Jy8DN56YeZwPFUjdPa0QB,697
6jZbQXvNtDjnj18yoHMuvi,8110
6k0IBR0lU42s2GYpNX7kA9,9303
6k3YMXJ1MJLgUEAlSPC6hA,1048
6kACVPfCOnqzgfEF5ryl0x,54556
6kART38d9tWb1yOcSO40YH,542
6KAwb5D0KanI575XxOucMt,565
6kBDZFXuLrZgHnvmPu9NsG,5104
6kBjAFKyd0he7LiA5GQ3Gz,3955
6kbzJ40luXJ5IKnSpWr7SD,903
6KcmUwBzfwLaYxdfIboqcp,4238
6KctBryUku3YfFzoRd6EjI,895
6kDMoHTcBICPILP2aclPWZ,639
6KdRXEnkaZ5m5a6XcvWGP7,1247
6kFay2DQ5aZfeu5OsrF3Pw,2206
6kFLnclYFc3gzpNt13wim5,1241
6kIgB5cLdAQ1ctIgs9lrkS,716
6KImCVD70vtIoJWnq6nGn3,32003
6KJIIOCWsWtNc7ICINtPEw,565
6kN7AbeUV4yRewiVUToouk,689
6kNKUYGn6VNGsRoXmyoDPK,4470
6KO6G41BBLTDNYOLefWTMU,7708
6KOqPxwfNAmZPkiCnDE9yT,1690
6korWWGsk6Mbm51fHRzWdP,526
6kQB2RN7WwryMdJ1MoQh1E,1382
6kQWPGBItT0oMCHZy3M9DN,511
6ktyNEnEukKzskQEiXgCFD,11858
6kUQJlewgd3UFKVYrrmILh,1442
6KVnMm856M8CHHBCw53Ihh,4638
6KWcxMWVNVIYbdOQyJtsSy,3630
6KwUkoMqmP6cPhsnkKruLr,1232
6kx1NiHogZzkSU7lHMc3Ow,736
6kxCoNfY6U1eP0Yc88phvk,1185
6kXm2YCtdUOpRYNKeKhfue,4303
6kXp61QMZFPcKMcRPqoiVj,8600
6ky7h0ow6NQgAnsoN2AB7h,1018
6KyUat70qaniuiZq63HzFZ,3362
6kz53iCdBSqhQCZ21CoLcc,5913
6KZDXtSj0SzGOV705nNeh3,66815
6l0DPGloCYFvs6dM7Y8Wmw,565
6l3BRLCpzfC8yxqf9thWAg,1433
6l3HvQ5sa6mXTsMTB19rO5,241556
6l5dAUNRhHnRSPPmRJSKQr,2396
6l40OFJhuTbHQ9V12evc9K,542
6l77PmL5iuEEcYjGl8K6s7,2068
6L3x3if9RVimruryD9LoFb,3565
6L5kgEyFIlckHbMdRM2KXQ,1329
6LAwiATl5lQ3Uwh3llJpJI,870
6lay1nwbE6hTx1jivysUAL,607
6lB8vOoI4DRrrVxXwuV19c,12066
6lBam1B1t8wpnH7pJHWnj6,571
6lBN3Tzt61u8i9AJoAhKzF,2935
6lcwlkAjBPSKnFBZjjZFJs,2664
6lcyDWmvYnBiGgHO9knEOb,651
6ldZGvFDjs6KafLouTBHJ9,858
6Le23Aqwqi28fQUzfv4dHY,4238
6LEeAFiJF8OuPx747e1wxR,8562
6LfRKKiOHyxMuei2Pn3kMl,832
6lHL3ubAMgSasKjNqKb8HF,3851
6LHsnRBUYhFyt01PdKXAF5,3973
6liAMWkVf5LH7YR9yfFy1Y,5084
6Lll1MPPak4m4vZKuJB264,1900
6lLYZf9GpSq6Pf09g2N2xK,1928
6LNlfExL1VfbLmpkVfg4N9,1441
6lO3fSdhsdpeOcrbqAJsRU,3029
6loBF9iQdE11WSX29fNKqY,1745
6lOCVUQbb9wzuZQbZQV9zn,639
6lOk7hCr8x3O9vHwylXyHR,2280
6LOvxDn71T0wWhCDNcXcUj,3848
6LqNN22kT3074XbTVUrhzX,78785
6ls2l3WdMnYWKS0WQKghHK,526
6ls5A8Wys9Swixpz4v6kj3,4100
6ltzsmQQbmdoHHbLZ4ZN25,30917
6LufpoVlIYKQCu9Gjpk8B7,3033
6LuN9FCkKOj5PcnpouEgny,126730
6lv3DKGOLy7HkRUmt6DiEd,952
6lvnMJQf2mo5okzs9e9GAz,663
6lx6XS8umFqYRVbBErx9fE,540
6LXRvV2OAtXF7685fzh3mj,664
6LXZac7iBIZgnNrywTkQRw,726
6ly2Z6h9dOerORbK1l2N8D,869
6m8itYST9ADjBIYevXSb1r,994
6m9a3tDNWDe6bVR2csIjEv,2062
6m30rs1IQqnWqV5nKMpU7U,2946
6M2wZ9GZgrQXHCFfjv46we,17881
6M3XR163Q68THc9IFMwfAH,884
6M7RdR9ZP52h2mfNLmiHtU,5428
6mA4csYsYvf4Mq02PleZEV,1650
6mcEXkX1gFc4kttIF6JKb5,1332
6mcrZQmgzFGRWf7C0SObou,16611
6MdGhV0orm16Mgnbpp0tu4,1103
6mdiAmATAx73kdxrNrnlao,11428
6MDME20pz9RveH9rEXvrOM,45161
6MERXsiRbur2oJZFgYRDKz,21061
6meTcQ79DrfkIuSLPZkpBg,9832
6MF9fzBmfXghAz953czmBC,19991
6MF58APd3YV72Ln2eVg710,2539
6mGZXaZ4SWNh6IsJ57thCp,1924
6Mjbr8K3MiiRMqmFIB4zWq,574
6mK0vAO13gT8jWYANyoXAl,592
6MKNzi38fPQCFRdWOtHqTJ,1451
6mKqFxGMS5TGDZI3XkT5Rt,5414
6MLDcHrNh4OqxDZAjMt5pt,915
6mlkT5pqlThES4htEAsPrw,1502
6mLXvSt7Xxy2r9uBba1O6Z,665
6MM2Na1OX5kh9QjazXBeIN,2349
6mMCSCuTbGU6kNr4303LwH,656
6MmQrV24zUeieNf027zkh3,1684
6mMtnxEQkYoY5FfJIQ9Rhb,606
6Mn5HNY6bJSqK31cRa0uiv,912
6Mo9PoU6svvhgEum7wh2Nd,5560
6ModsWtBph2rE6zCTVxvZt,671
6MouSjfJLn0KEckfkmS9GS,620
6mOWFF6HJ6krnIpW0CHLQm,1049
6mPZJXtFVaakznkRxdgWtC,1168
6mQfAAqZGBzIfrmlZCeaYT,2740
6MrdwyCIKbpXmTKQBlG3uq,3432
6mRrGf8lw51Iux6dPQWWlr,806
6mrxbyEEsUxIQxwNEEem0B,677
6msJKphD3VXZPItnztefdH,2046
6mU8ucezzms5I2kNH6HNlu,5685
6MUxF4ehonXZ8Q6YMFI2xb,1334
6MUyqmIQ35inLjch0YzIEG,2232
6Mv8GjQa7LKUGCAqa9qqdb,1954
6mWEaOFdcN3s30GuFWruGO,631
6MwPCCR936cYfM1dLsGVnl,4861
6mXlDbi03T8wXYwWYew0Ut,1657
6MxlVTY6PmY8Nyn16fvxtb,27718
6MYKRhEIKscR8qdGlvpk9y,5000
6MzxeKydmXufvX7HYPknFW,4073
6n7nd5iceYpXVwcx8VPpxF,3096
6n21XaDAuqpceTXBiypR9W,528
6n28c9qs9hNGriNa72b26u,762
6N1GBr0koYYU0W59ECgg5u,747
6N1Kaz3CvRa9VLll5ahk9T,801
6N6Sk9XOoHsadAGYR44C2o,6931
6nB0iY1cjSY1KyhYyuIIKH,7988
6nDLku5uL3ou60kvCGZorh,3792
6nFBonVf7Lqaj05R0v5VGJ,1798
6nfDaffa50mKtEOwR8g4df,683
6nfN5B7Jmi853SHa9106Hz,864
6nfYGe7IIuuP5bMY1jkJP6,2892
6Nii4K84ZzBZS8X2MP8c9t,644
6nKfpz5OosWfOp3CnY0kvy,618
6NKQIkHTjxD5Ovj6znGV1n,2929
6nKQmcReKxJx1vUt9g25j6,1321
6nKqt1nbSBEq3iUXD1Xgz8,685
6NL31G53xThQXkFs7lDpL5,590
6NMcnx3vKGSAeqSMbySlpw,2641
6nnspeopmJAG07xOxHmqTu,4938
6NOvBZrkd83MSD51xkq4on,1415
6nPHDCN7qmxO86eN1grP54,770
6NQShfCQh7v6gwyLF2Exlj,1057
6NrkINd80slV25wkBu9mEB,4875
6ns6XAOsw4B0nDUIovAOUO,2374
6nS5roXSAGhTGr34W6n7Et,66498
6NUVKfz2xAi4mJJkGm6zyz,541
6NvMFz8onERoCM6bKjTASJ,1652
6Nwc4urCR2Qdx302j2XIlv,686
6nWFpsxlVUMJW6epD1DAan,687
6nwh8AhPpbwOUnHZJWrHT6,7331
6Nwhmo3adbTqPMCsgBgkf4,658
6NWtt9pNOL2Gx7kBykdE5x,5847
6nwWPkGiev86uRWljr4Cjn,762
6nwykPKe0s5K030p5lliIY,1144
6nXSnNEdLuKTzAQozRtqiI,3653
6nxWCVXbOlEVRexSbLsTer,101421
6NyJIFHAePjHR1pFxwisqz,1510
6nzxy2wXs6tLgzEtqOkEi2,7971
6O2VM2aM7KwyDIJ4VvAbYx,945
6O2zJ0tId7g07yzHtX0yap,9135
6O3ZB5Cz5CNT3wQWouKcNJ,5044
6O4EGCCb6DoIiR6B1QCQgp,11495
6O7MpKrY91vlCd4Osi6XKs,10863
6O9WquDfQTxGRZqZUXVEQx,803
6O74knDqdv3XaWtkII7Xjp,22289
6oBm8HB0yfrIc9IHbxs6in,12840
6ODNKwTgm6Xr36vP5mCfXJ,675
6oFs3qk4VepIVFdoD4jmsy,7738
6OgklJh1e1Z9S1Q2IQsHgy,2209
6ogn9necmbUdCppmNnGOdi,15039
6ohaQzKaXrobAL8paLSaxq,507
6ohvzFHYmLd05kyYhLui5K,5213
6OHXnLZCeWUwtdDsBdqOdr,534
6OiHleP2bHM18dXq4aZQWt,507
6ok7bEDf9CZ0448D59AaNL,1197
6oKeE1UH8FizqNPScqM1NE,904
6olE6TJLqED3rqDCT0FyPh,70209
6olWbKW2VLhFCHfOi0iEDb,2750
6om12Ev5ppgoMy3OYSoech,10513
6oMfS8fHX0CyDwRptywVjr,3331
6ommlbuccgdiKSgjvVlQ4W,828
6oMuImdp5ZcFhWP0ESe6mG,184270
6omVBaiP9tu3l6gOlXA9dg,573
6OO0PboZcIWUWL7j2IyeoL,1635
6opelqBLUDZCLeuRCjt6AL,747
6OqhFYFJDnBBHas02HopPT,843
6OqQbeNe7Pi7Zi7SNTi9ko,563
6OQrOpxSIfPai3cFaN4v4P,688
6oV3BNm1Gj2GGgpYknc5TN,555
6OWapcJm9xd55ci9CYbAuT,1895
6OwKE9Ez6ALxpTaKcT5ayv,1440
6oX4tx055oEFYM3ahDTyOD,639
6oyAC5MXCvdwRH2bpPOmYz,1710
6p0HFtE6QhdHNY1H4Nk0mo,817
6p5JxpTc7USNnBnLzctyd4,20211
6p6WlxIkeWH8yOYvciFfVl,2336
6p9Qy71KocWwjmpUcHUTda,1097
6p2442ymrT9lZEuCZJdYcH,2156
6P6GTRTigHBp8ZesNtpCKH,663
6P7H3ai06vU1sGvdpBwDmE,15420
6P9fFbQ875B2bnmdiYwN9A,12065
6PAt558ZEZl0DmdXlnjMgD,29018
6pAwHPeExeUbMd5w7Iny6D,661
6Paz0vXJJ9bCPf0fEm3qzg,3096
6pbE0pacGL0MCKjJRnTnP8,597
6pBNfggcZZDCmb0p92OnGn,26366
6pcxIOhQCNb7DX2iuEXgxL,763
6PDLwWvgYNMfBRLqC1h5cJ,812
6pDRa5fS3myWSP0fpIUcNl,1799
6PEMFpe3PTOksdV4ZXUpbE,3519
6PFcrRZezCL5p9A0nwb7ki,1075
6piIAIurGAryW5h1rqQC16,23702
6PjV05LlULv9XmFu7HeAia,916
6Pled8lBAODAviS574l1Q4,1121
6pmxr66tMAePxzOLfjGNcX,9544
6PNZ6ZfwWLiUA2BrranFl3,521
6PpGPIrFf3LM7Q77eR4Bts,707
6ppQ1vjjme5Jtz2ceBFcWY,712
6pRi6EIPXz4QJEOEsBaA0m,49061
6prmLEyn4LfHlD9NnXWlf7,8374
6PsktPFR0UZptKdSqmlS5h,568
6pSsE5y0uJMwYj83KrPyf9,540
6PTGRlwNbg36Mu4boWlixN,4328
6puqyrpoPdFNxDJ8KPy2pE,532
6PwcexHTG0qJWQQwp05Bpm,1001
6pWcSL9wSJZQ9ne0TnhdWr,1008
6pwHWKweuoCyx3OoFaD0Q5,4715
6PWRJs1FosHp8Cqx0Nmswj,550
6pWTPhk1AtVfNmkaeXXVpD,712
6PwZP9O9dvJCMALhgjygnh,876
6pXCjxMOBcWtvULYkFPVW6,2461
6PXS4YHDkKvl1wkIl4V8DL,128196
6py4uFIC7T6RdrZnH6hFYJ,3772
6Pys4xsyQVA5ZjkN2Ka2S7,702
6PZYFmF3PH6cOREAzfXiAL,548
6q94KewnCnut4Ta36dCoaB,596
6Q6wl4T5osps79OPDuLjNJ,664
6Q192DXotxtaysaqNPy5yR,31964
6qaKS0nzGP4hfjl4aFZmEU,990
6qauwCj8W2mTcDGbyDGo6O,555
6qAVoMGl7omcu0RhX1B3fm,2421
6QBUIuGCAJSAtefEY1EEdB,553
6qCQcw3ZKdmAFv0v4u5ey2,540
6qDAseNQcBQiKVv35eitem,556
6qDQ6rJG5TOT7PppxBKhqI,712
6qfKnsgz1CwyqA7lTdieRJ,644
6QFuGrftxjfONIARygYHIe,607
6qGkLCMQkNGOJ079iEcC5k,3855
6qgnBH6iDM91ipVXv28OMu,12892
6QgOGgahvXBHEEzpjbDsOj,3779
6qhOH2mrlqUDod9sWA5kR2,1062
6QHu71f8LLeT8n0GzfbYFc,3169
6qI4LTzMRpTxRzMZPvv2C6,1196
6qiGjRyN7TJ1GA2nXF68Hi,8244
6qJ61DomA73g7jQEKESw9Z,580
6qjD8KqRe2dyNBsq1RcpaT,519
6qk2W9h3eE5UtPJlIatzsY,2721
6QKDcdjtwqu4E7rztEUQu5,1686
6qL5lCa1VbCzWiVgnj6QIV,1599
6Qm9stX6XO1a4c7BXQDDgc,3004
6qO6LhD6FuXK5e2PtfAIMz,7553
6QobJ3vnalBTlsdOrvQTIt,780
6qqNVTkY8uBg9cP3Jd7DAH,16409
6QRb3jE2lCfMU1iUuVQMaV,1845
6QRlkjrHz5A62mqeNZz7t3,563
6QrQ7OrISRYIfS5mtacaw2,15941
6qrWzQSK00anTGkydomNW7,1298
6qS98hCc0GWwq1AShPNl2w,689
6QtdwqSCN5B4wvBoHaNwTx,535
6QtGlUje9TIkLrgPZrESuk,31615
6qXwLwTLdA44HYsA26vaNU,4475
6qyi8X6MdP1lu6B1K6yh3h,8751
6QyO41KctzGc70mVaVnXQO,527
6r1Xmz7YUD4z0VRUoGm8XN,765
6r20qOqY7qDWI0PPTxVMlC,2839
6R1T5YklzC9OFugGt8RwOD,1152
6R9Mv0bgGE4Tqxna1q5Mrj,714
6R664N4cEza3eORSqKSgO4,7083
6ra4GIOgCZQZMOaUECftGN,1880
6RAiPa076RxBeTBxWO8Xfh,1754
6rAZ6OYwAXqykSlPxqGy8E,967
6RCI4WXRwG9jnRHZgzBYFr,561
6Rde1nqSxy5dqTpzmNXysL,788
6RDNTAgm2s6ae71nXWGnJD,536
6rEzedK7cKWjeQWdAYvWVG,1004
6rgEPiKjowlMKZC1DF6W75,735
6RHDASo3OVNiNY2nrGx3qc,950
6rJqqRce0Kvo2dJUXoHleC,21948
6RKnXXyprPjhBdCvL802Ku,1036
6rLWD5vrN1ZaNU0peuEH7t,588
6RMWFexOHVj5ctezneQH5v,679
6rnbB5fuUuCSsspvFsxIpT,2025
6RNuLHIAlLt1FQHm03oEru,1804
6roDXEmZ6AARdOUv6x5U2v,2626
6roFdX1y5BYSbp60OTJWMd,96253
6roo9MjIl9htSsX2Snnipb,3617
6ROyXB8NDG0fA78S46JdTB,1417
6RQ9kYbHisp1UUbnfwHNeU,1796
6RQkaOWddQmiLLJqSgnTbm,2544
6rqU9HQ57NYGBnBzbrY3a4,1188
6RRpZz1uPqY9E28kmSPAhw,1451
6RTlv2UCWtRggV0rIo5TrN,1543
6RuIbUAQK9fmBq08AbY6XE,3098
6RWjTQqILL7a1tQ0VapyLK,2384
6rYogEVj60BCIsLukpAnwr,529
6RZUqkomCmb8zCRqc9eznB,2386
6s1pCNXcbdtQJlsnM1hRIA,2089
6s22t5Y3prQHyaHWUN1R1C,25879
6S0dmVVn4udvppDhZIWxCr,31190
6S0GHTqz5sxK5f9HtLXn9q,4608
6S1iMHoXg8Ktnvc8bt4JtE,1776
6S2OmqARrzebs0tKUEyXyp,89877
6S2tas4z6DyIklBajDqJxI,2619
6S9bLkEZSVIcY18RNcNG50,6908
6S9rh06VCCIYEvYMFnVMVN,1224
6S58b0fr8TkWrEHOH4tRVu,19000
6Sb8EHpZvyjSTT5KD9DjUZ,2291
6sCbFbEjbYepqswM1vWjjs,6811
6scOultrkXrQsClcbGKM7e,523
6ScYoRIa2PsNj7YZd030BV,756
6sDyTDjzGxcvyhLn5x9RyY,596
6sFIWsNpZYqfjUpaCgueju,23769
6SFUC6ORDCIBqPssCBpeHT,1293
6SGhROQYSIxgiCvxfXfp4p,647
6sGx32zrdgpSQybEVnywmT,1903
6Shas1ACrMl25XHgTrzxeo,1955
6SHGWppjZ0ppEcvW1HkXjZ,2345
6SiyKSeJo6gcsS2NvuAbsl,661
6sj6FGLblnVfktDZPaydWP,1502
6SJnjpekgnONgNtxKeMP8m,1149
6SLAMfhOi7UJI0fMztaK0m,1123
6SLbaDa56f1CZlUNuF0gk3,799
6sLwRSXSUF5JTUnQaFenyj,6707
6slyJwua5e5GuhuP82sTHR,1056
6sM2JCBjZprP7JLMTZZSxX,517
6sMpWUXJNv5pPggHyvqKw2,1815
6SnMMbLQ4iS8WIyt3ksmCR,1307
6sOP8RUFR0q0nBOBOXGdBK,1073
6SPi7yJRY3SAhwhUlFFsNB,851
6SPpCqM8gOzrtICAxN5NuX,1308
6sq1yF0OZEWA4xoXVKW1L9,6934
6sq7prp0tj9Abn89khmfja,730
6sqqGHyJ1Dnt1qKKe9iGAi,501
6ssXMmc5EOUrauZxirM910,1457
6SvFyXN6qzhw95Bj4HoevV,2007
6SwEeZVewzRLzWWe0Sq1NR,652
6SYIsHAQ1sPokVxmzpaDBU,1469
6t4Gtzu86ovaXYUmAL2zb3,2276
6t7nbFAc2dUa7oNu7kBOui,710
6T2pk5T8c4Wi61x1v84sUa,819
6T4kUHIlszpj944ZXR3yNw,828
6T5tfhQCknKG4UnH90qGnz,31080
6T7JFvP8qvpOia4q43OmbJ,776
6T70tWxqyIpdVbsFvPzqM3,1584
6TaaqqCMRMSpvNHClfnbEL,553
6taesTUSevB9eK8bm5Y7b9,677
6tbjWDEIzxoDsBA1FuhfPW,31770
6tbLPxj1uQ6vsRQZI2YFCT,8151
6TC6ZeVdvCuBSn32h5Msul,619
6TcExoxcwEPHPmh1HLIfL3,546
6TcnmlCSxihzWOQJ8k0rNS,38738
6TdfKQvrdHZdr4DIzjuWOr,1369
6TFhESBLRTi95wmI1dRFVt,1056
6TIYQ3jFPwQSRmorSezPxX,48625
6tK77FerjTNLS5EEhI0zGM,641
6TKKVFCBfak1kInOPl7hCz,1070
6TKOZZDd5uV5KnyC5G4MUt,9015
6tkPtKgggRAndEQc47Epms,665
6tkyhGe9hGI3Lcfo4gVh6Z,643
6TlLdicGl92pqnySP64n2g,1215
6TlN75Ns66CyxBuZ7i3TK3,866
6Tm0hIf7nSjDziOzpGFzKl,581
6TmGNPW2oDM5uaXBILozGa,534
6tpuzNNJUO7xfyLlrlA5kW,2734
6TQj5BFPooTa08A7pk8AQ1,30978
6TqQLejnHXMGr7KcegxUND,1639
6TrQLQR8tUluPbmdPy6jqY,1318
6TshTCYwh9ySzOO6Jy4Ux2,966
6tsRo8ErXzpHk3tQeH6GBW,968
6tUJpYN2aYiXbzAcg0pIOo,4151
6tuPdaFPIytg3l2f51L7Hw,1874
6TV0LZ3BaEun0OQEh96elP,2018
6tW9jWf8lpuzDzAdVMvNMV,1875
6Tw1ktF4xMmzaLLbe98I2z,4896
6twIAGnYuIT1pncMAsXnEm,12709
6TxY5T8v9RjF7Ry4XQvWT5,559
6Tyzp9KzpiZ04DABQoedps,9971
6Tz0QRoe083BcOo2YbG9lV,4162
6TZdvF1kFzwnQLgHQynzsO,4784
6u5mhJXgAKPTj6YVlZSPY9,1288
6u11Qbko2N2hP4lTBYjX86,10769
6u17YlWtW4oqFF5Hn9UU79,10138
6U1dBXJhC8gXFjamvFTmHg,1904
6U3ybJ9UHNKEdsH7ktGBZ7,1997
6UAYm076bYvU9SVOUBH3hQ,656
6UBA15slIuadJ8h2lPRPos,35695
6UBb8ZUUyarsyod6snflAR,801
6UBMFaCTZnL1Hr1nTOEblM,555
6UdebN2JMWYD00EjPkF6Ri,554
6udveWUgX4vu75FF0DTrXV,1492
6UE7nl9mha6s8z0wFQFIZ2,10604
6uEDmPvOArrrhDP6fTf2Ki,721
6ueGR6SWhUJfvEhqkvMsVs,8554
6UEYawMcp2M4JFoXVOtZEq,4008
6UfoTQXaV3DuqtDVjZIxwZ,2275
6uFxO15AG9aoz7MS4aQQvp,1230
6Uh8uJyN9g7oFjDK16nJgb,2885
6Uhp7WA6sjm5ZL6Xz561de,1910
6ujr1NkqbZpYOhquczUUfl,11396
6UKDgKJpv0MCwiQHbllkfR,971
6UL7BodGc5iVmQGlMwHR0g,3598
6uLlONQAEl0bu7jxqjYezn,659
6UOcY6w4K6Ek5Lw5rFDHdP,882
6UocZe4AprSYBvmn3J0oqY,2409
6uothxMWeLWIhsGeF7cyo4,8820
6ur6SxSBdRLBgehOIT2iwX,523
6Ur6METz02CC9zcJWDFicC,728
6urkHDoIVO1WO8vNIwcJmM,6115
6urzdpGY5yUimWZsgJUoTb,528
6uSKeCyQEhvPC2NODgiqFE,4319
6utdPEv71mR0DnGp74cJIz,2133
6UUrUCIZtQeOf8tC0WuzRy,8191
6UWifcscEdbjPgmbevBxZV,1764
6uXJm6sZx9IVPrN2laTOP5,686
6v4jPZO3UIDNJIgdxRxtr9,10714
6v8FB84lnmJs434UJf2Mrm,17792
6V0UIhxibbgh9q9eYKImW7,852
6V03b3Y36lolYP2orXn8mV,4767
6V3F8MZrOKdT9fU686ybE9,4489
6V6WCgi7waF55bJmylC4H5,6551
6V7pNWhlJpD0s0bMdB1PU9,2194
6vbY3hOaCAhC7VjucswgdS,12322
6VD4UEUPvtsemqD3mmTqCR,29541
6VDdCwrBM4qQaGxoAyxyJC,29165
6vdMPayKk8YJxxeNP5oMCb,6386
6VeL8VhaMjHTPc5uovFl3h,875
6vetaGijEBK3wfhtCUWRBS,825
6veTV9sF06FBf2KN0xAdvo,802
6vfR5QRc3xca0KvpG8KZBE,706
6vgqbvuLEUcrg7SB1kRTYE,1573
6vgw0jwJkUnW2NR1rzsQU3,995
6Vh6UDWfu9PUSXSzAaB3CW,2714
6vHBuUxrcpn1do5UaEJ7g6,2885
6VhP3Dnq8eOPm2n6EeJVjW,560
6vjCIhbLklvyaDBgCcpH57,1713
6vjYF7rDvsWBtHnPgBmJvs,545
6VJZYivuYJGCrPuOAnI7Qo,509
6vLlQYujOujIrm7zAKzEdG,3641
6VoF98E3YOn53LhZA9DZ5H,2128
6VOkIa4pRNEdugeOdePtRp,657
6vuD08WKtmp1yc7kQx1rBm,737
6VuMaDnrHyPL1p4EHjYLi7,53272
6vVztIuqdDHvYWxOEXCzjN,4449
6vWDO969PvNqNYHIOW5v0m,230857
6vwFR7NilfrQ4AX0d41fWu,3082
6vwJ3e6KaQAhLEpBPxCMBC,545
6vwjIs0tbIiseJMR3pqwiL,6502
6VX2R9L0O0d6qPvqGuIH7b,792
6VxCmtR7S3yz4vnzsJqhSV,10493
6vXTefBL93Dj5IqAWq6OTv,73634
6VXZCpbkwm0W0aPjQR1t4K,5781
6vYg01ZFt1nREsUDMDPUYX,885
6vytZ677lz4LzCrUDcDokM,2398
6vZUJpsm4VHjSWpedp05vg,1502
6w1XCiB8efbfnusJ2jzmvu,1050
6w5nIAeqFbZa9qssSwPsyn,637
6w6z8m4WXX7Tub4Rb6Lu7R,3292
6w7fc6IZlo5zwBaKT5jU1X,1488
6w7j5wQ5AI5OQYlcM15s2L,3786
6w9ToX5slZ4uIdmD17hJ3c,2014
6W1BHDF0T4a4KYcSwzD586,704
6waa8mKu91GjzD4NlONlNJ,6986
6wBOZ9D65AcqUlfKUqsQ7R,995
6wdvERzX4CUCOXu6hSS95x,2003
6we2CCxymhh4v30lZRhhpa,1207
6wFId9Jhuf9AKVzWboOj2B,4329
6wFwvxJkurQPU2UdeD4qVt,2077
6wgy3yMfEYw0vdth7sKPhU,640
6wH6iStAh4KIaWfuhf0NYM,3723
6wKxOKEA3K6R2UZ3COLXEY,2410
6WMo39FU3nrpSz3qMgRKug,1805
6wMt8nBoOxcnZtGf6hEmtW,1255
6wPBIyIIMxoqgux29bGF8I,1664
6wPhSqRtPu1UhRCDX5yaDJ,19571
6wQMF27xWhSyJFnO9L5mQk,4533
6Wr3hh341P84m3EI8qdn9O,29025
6WSTevYt4rGwm8QPKQr7dU,1093
6WvDtNFHOWHfiNy8NVHujT,1253
6wwj6pIJdMJJyDQsQVtPzR,682
6wWT7zLNVgTHbRh17E0tTk,517
6wWVKhxIU2cEi0K81v7HvP,5672
6WxegST7d2jCYjq7SR8Bds,874
6wXjctGBzxkT0ghwfQ8FC0,3500
6wxP7SSzfvi21Cnl8JicdQ,3516
6WY7D3jk8zTrHtmkqqo5GI,14244
6WyeyhNDpeIVbznnztFDQZ,577
6x2LnllRG5uGarZMsD4iO8,101531
6x5SSOrpZwjUi8zfLBOQi7,646
6x9QLdzo6eBZxJ1bHsDkjg,5283
6x33CmZWo2Ve4hxYl2Craq,5156
6X8lhZ7YaRUBlOsOYimlyD,762
6X8WdFjrNhXATMDSs26aCc,5511
6X9aYHnQ75YI8o08aoa0iS,813
6Xa4nbrSTfbioA4lLShbjh,5865
6Xb4ezwoAQC4516kI89nWz,6738
6xdRb2GypJ7DqnWAI2mHGn,3489
6xeFne1rkxMhKSW3ipvkdV,4014
6XFITTl7cFTdopDY3lUdlY,8376
6xfqnpe2HnLVUaYXs2F8YS,10259
6xgfDCWKp5rIIO7sllJ6us,967
6Xgp2XMz1fhVYe7i6yNAax,9995
6XIT5sGHOtxVgqtSnMCYZ6,2716
6XjXff8FNS5CqpF8dVAtoo,834
6Xk7kGyfSdpeuvIlMHx8ys,686
6xlRSRMLgZbsSNd0BMobwy,619
6XlV5geX7LvRcoeBnItw2I,857
6XmHtVhgpE33VHFEp2V1P8,514
6xmvWip8eqRc5jqv2bHg9j,507
6xnvNmSzmeOE1bLKnYXKW3,2106
6XpaIBNiVzIetEPCWDvAFP,40286
6xqlgBccdlxUh5DeJSx2ho,1622
6xQvQwZQQuq9R3TdPNbcR8,3957
6xrCU6zdcSTsG2hLrojpmI,18830
6xriZDSK3wPXhOoZXr9fzF,1815
6xS3zemJD9h94iueQvGqVk,3665
6xS5PpBWaVYraexEkEjjXv,2027
6XtG9W2KkPiQ6n1rlIvTJE,557
6xTk3EK5T9UzudENVvu9YB,4463
6XwcepfAsPhrvwziGxhwju,9886
6xWeDgWMxmE6blMJnq07q0,564
6XwwFnewNgWp81MYMK8zLq,3516
6xYBLeSMu1AqPsnUzEvx5n,1393
6XyT3gg7czZif0WPIbhjFU,612
6XYvaoDGE0VmRt83Jss9Sn,1774
6XyY86QOPPrYVGvF9ch6wz,86116
6xzvt1VigDuN3Qt39YozYA,3094
6XZYAWJLL8UIbxAqjKj3cg,5407
6y02TEMv71ArWB2qhIaQ5m,3520
6y5amJcTjeDgLXIjtQLMst,11404
6y6iXD929Jqq0xc6lgwhl1,987
6y8XlgIV8BLlIg1tT1R10i,38791
6y80I9YZi4DOpbaSUlL725,3855
6Y4bCmUNPDKqc7dHkVvgim,880
6Yae9Ia1nq6JLLojBzwN1r,608
6Ycrt8OjGSSFihsb0446eg,973
6ydoSd3N2mwgwBHtF6K7eX,9515
6YEePswCcCZZRYcQfT2Ypx,1538
6yeL5iw4hXNZtd8T7FOoFU,1240
6yFbpXlBH8XHVQGjUPUvKU,4775
6YGu0Rv2120wkc4AXZSGgl,1981
6yhD1KjhLxIETFF7vIRf8B,1717
6YHEMoNPbcheiWS2haGzkn,4311
6YHfq8Pg3lZPo1u0PaQ8ob,778
6YJ4EgQzDfJnIHRbqIHAdD,1032
6yJCxee7QumYr820xdIsjo,123824
6YJMdYVDPpAzEztkd9ybrL,781
6ykfXAed2KOLOMI3R0TZdz,1007
6YloMIsWjpHzIRK8s5tzAr,1173
6YPRXu1dazGYcSZv4HJEH4,2689
6yrBBtqX2gKCHCrZOYBDrB,2636
6yrnKnj4fIE0RlanJ1iFTI,1448
6ySHNrLBDCdYRyQKGfsZ37,634
6YSjNCQzQQf62xXMW9nAaj,912
6ysQi6NI88X627t2srsWz6,1075
6ySxYu68zTsO5ghsThpGtS,2148
6YtlR8MLfO6azxwOKAvEi3,561
6yTNMMqumesCWhMJ47HB2a,1300
6yTYR09WCvsgdnurDW4WQo,1536
6Yuow6YoiBaVPFNjZ5BQi7,2759
6Yv6OBXD6ZQakEljaGaDAk,3482
6YvKo1VtZxCoT8IkbAYswy,621
6YvP6AXefuZ3bROoEVjCiY,1340
6YWdHD3R863Apw1hkx3BwC,3380
6yWyIM8jA96kl3jlCXpabB,508
6YxrfNCKBcQlbITpmDLErL,1118
6z1cicLMt9XArxN10q7m8a,15461
6z3BjfmgvDUIHaJ0UPTtrQ,743
6z7xFFHxYkE9t8bwIF0Bvg,8387
6z29S0IoiBJpSMP8plyCj7,3678
6z989iXQpOqgPU7vDclfna,1985
6Z8D437D8u4IdirS4Jc58d,1029
6zB02lwP6L6ZH32nggQiJT,3424
6ZBnvCszokLW4YHZ50uHY8,944
6zDBeei6hHRiZdAJ6zoTCo,1816
6ZdfgM3lZ3ikEPsH0GJV4x,1432
6zDFhpdu4WUVVGTz0JSLMh,2417
6ZDi3R3AbijUVpoDPVcBX9,958
6ZFv3wQwwWPiVDWhv0mjQK,3710
6zFYqv1mOsgBRQbae3JJ9e,79882
6zg9H7xs8aqRSsmouYUuXu,512
6zGCrS2y63IEUJfyn9Bpuc,563
6zGcYBjlNOMSVVrl7ZoGsH,1948
6Zh3xrWlA0SA9Fsfj9AVwm,2291
6ZhjJOJXXwnPS8PrXdmjLw,4977
6ziEnj8UydSg8dr68C3aut,1036
6zisJbwMg53zsB4tgVf96L,511
6ZitSwtBSGqj00w11GvMU3,1469
6ZjFtWeHP9XN7FeKSUe80S,39471
6ZK2nrW8aCTg8Bid7I7N10,995
6ZK8loFAzWKSFe3b7Lrq4V,648
6zkX5fhrSD4tdVOmimR9wB,1308
6zL4UbVtrGZPjvTTeNKyAc,503
6zLBxLdl60ekBLpawtT63I,11216
6ZLTlhejhndI4Rh53vYhrY,18311
6ZLy8YFk7VbamsI5qbYXtw,1070
6ZNeppgfBLPUyugks9Yn1u,1626
6ZPbX2Lxd40e2UVkXpyxvI,1901
6ZRWxu4ak88m5yHBAEelkQ,2325
6zTbBugfNc95zo8ClFDhIn,5466
6ZUjdwG0NvY6MT7vvmluhV,4183
6ZV6lGY0prbqpTD0Md8i29,13082
6zVFRTB0Y1whWyH7ZNmywf,2473
6zvul52xwTWzilBZl6BUbT,14400
6zyPKJ4ePhYLsBEy4A6BVX,664
6ZyV955Ypf3JAKInn1a0dt,2841
7a06JYLmZG3txQqr9uzvbg,504
7a3g8JUF8iipgP1BCEsm4I,1678
7a3nTkyvlgCpai9CUCftbZ,515
7a9KRWdaSZktpGGnWndzbC,610
7A0awCXkE1FtSU8B0qwOJQ,8942
7A2x4Urpc4VKF1pb7qnNqD,2717
7A7O2i0THlzoiZXXAjauG9,503
7A9yZMTrFZcgEWAX2kBfK6,9677
7aA592KWirLsnfb5ulGWvU,10704
7aBzpmFXB4WWpPl2F7RjBe,9921
7AC976RDJzL2asmZuz7qil,6288
7ACSlU8kTcQIbvpwLWze8E,1543
7AEPFGsBBHqMtHGiYDFVQy,549
7aFTOGFDEqDtJUCziLVsVC,4726
7AhDVqsNA5q46WKsRPXvoe,682
7ahuvq1mbb4idwG1iJbSFG,3513
7aJgZeWVFzRf96TinYwgsu,892
7AjHgPMs8gST9qpPuritzX,781
7AjokpCIqf0gHMZJlodw2k,654
7aJSIsbI5wV8aFi2kkFfPi,4646
7AKlIvLsIJNq4xv8Nl6o5A,918
7Akz0poR4eUgNM0ciCWqIs,1577
7AKznuvHmbW7uZbUkLY4Je,1150
7aLdKgvXgDQz0wi5z2PKMV,684
7An4yvF7hDYDolN4m5zKBp,4999
7AOnWmJMO4J13SlaNq5Zj9,734
7apN8bBgl19E0Ona9pvPq0,638
7Aq8lpLMSt1Zxu56pe9bmp,12601
7AQzXO3NPNQsI7oNu5rC3r,6752
7aRC4L63dBn3CiLDuWaLSI,679
7AsPubxWM5tfW4hTZEL3aP,4040
7aSRqRjQAYTEm2fFohlZZn,1721
7aSsnDTH11xS2yIn6cNtsF,641
7atGlyFY5574ph1tGMs6gD,642
7aU90hxXexP47nEeMee6xM,1432
7aUSp5cOZlwEtd5zPC795k,1621
7avo0PmlW8O1YLEt9DnWQT,859
7Aw7RMHmISxyQBftcksDZ3,564
7AyywyUcQP99oit737gZK2,652
7AzjETXRUKNRSJHMW9GIqd,855
7AzzsLSrHV9darZnK3RSDN,2232
7b04D0yLktCUpvxQBhmG7R,1089
7b85ve82Sh36a3UAx74wut,8117
7b697TI9p2abLzSo3eJTKW,1747
7B0uXJvJUTwwbeSToeZeJ4,887
7B2edU3Q7btJoNsoHCNohM,3388
7B4hKK0S9QYnaoqa9OuwgX,13923
7B7TGqQe7QTVm2U6q8jzk1,2560
7Bah8E0kCETqEpAHI6CPzQ,3030
7BaOGj1Tm9WcFYVwSNqjrO,1531
7bcbShaqKdcyjnmv4Ix8j6,8179
7Bcr2Bs6phLymt6kdqNNez,968
7BEfMxbaqx6dOpbtlEqScm,1363
7BFnoFhJjLWcsqmN3Hizqg,3055
7BFr36uI1dzJyo6tpa5Ued,1358
7BGR8y1VZAWK2oR4zD9COr,1413
7bHm3B3jJju0q9FUdOgp3b,2093
7bhMBjjQhgPX0q9S4Ajncn,1136
7BIXafmacnax46P30TEzNz,1178
7bKJsFgjE6XoO5fDhTCCqX,651
7bKupnlF7XOfR1En3K8oAL,890
7blkMNJv8n9ceP9zlA4W2U,4897
7BLOa6FxCbMnowidkQfLIA,1062
7blXVKBSxdFZsIqlhdViKc,852
7BMccF0hQFBpP6417k1OtQ,12758
7boQqq2hUcz9kHcQOecG4j,3370
7bp2lSdh12wcA8LyB1srfJ,1368
7bpDJUH5hnffIYHID6h3Et,1000
7bPs6jf983f0bjRAt1yxDM,1855
7bPU7cvfoD20ixGD9Qnqki,6483
7BSxJ94R4yVoBLeU8DHNtt,517
7bu3H8JO7d0UbMoVzbo70s,25567
7bvAtcPT3evvSeHDyu2zBC,8075
7bvcQXJHkFiN1ppIN3q4fi,2711
7bXgB6jMjp9ATFy66eO08Z,212751
7bzt5lHL6bzLO3c9mkxNMW,939
7c0XG5cIJTrrAgEC3ULPiq,75364
7c5qu1gNlg8jWDzzmlp89O,648
7c7ZeiPKWHf2E1rsf1P4VF,852
7c9KnWYDsZgK8k5QiCi9wk,1044
7C3Cbtr2PkH2l4tOGhtCsk,3231
7C4fslVznRj1BAu6A0iQ5L,679
7C4sUpWGlTy7IANjruj02I,3274
7C9hIwTUxeWIJzxK6rGH0d,690
7C64wNX3howEFZjAYRKsfP,2946
7cae9Fkz2R1NDHWtdnaE8d,1228
7CajNmpbOovFoOoasH2HaY,203047
7CCjtD0hCK005Bvg2WG1a7,27249
7CCn4PFRRRZF127jtCBAUe,3918
7ceUfdWq2t5nbatS6ollHh,2978
7Cf73Z3RZQTH4V69GSDxnv,665
7CfcrGoabPfkAToFD8oBF3,786
7cfhZmKaLWzNLwHDxzugUH,2469
7cg61q8kK8jlFi8TKKw70p,962
7CHilrn81OdYjkh4uSVnYM,1492
7CIW23FQUXPc1zebnO1TDG,5610
7cjh6y0V9SsyCrWSXTzwOs,682
7Ck9ZyYvzMnaBQ76ZrSJFI,882
7cKtqv9cYVlOwnuCFH95ce,1079
7cLoxFihGCVL3s1K3xHK4I,745
7cNNNhdJDrt3vgQjwSavNf,5634
7COP1HCvVq1cIpZcLQYoNe,632
7CQwac16i1W5ej8YpuL3dv,22647
7crPfGd2k81ekOoSqQKWWz,11256
7ctAOUlIAs7yuMODWE2Fyz,1007
7cTaYwNT1P49mASgKULKab,1346
7cTBwZEDfYdYu1ti31AgPw,1018
7cvnCTBvMm6OvTutfCpxjL,591
7cvtOrIEaUrqbGmYA9Kj34,709
7cVZApDoQZpS447nHTsNqu,727
7CWvyZsjuJlxfM8Le6B9nP,630
7CxdGFcZV0dgrz4D35aG6o,813
7cXUCar1BPOeMI2qza9oa1,517
7cY6Wh3h8rcLp62AhYKhy9,956
7cYEt1pqMgXJdq00hAwVpT,2345
7CyeXFnOrfC1N6z4naIpgo,5921
7CyJIUpcWZK2zFM6gKLKvD,800
7d7AZ3CQC457bFhK0wHpSO,1221
7d7q5Y1p2QWS4QRAhTQR5E,1315
7d58WZ8qQHy2Sm5p52V2NP,500
7d96RW5Vix23AiCHr3mf3D,1446
7D5oTJSXSHf51auG0106CQ,11178
7D6Eenn5xnF8JWEwDP8Ymd,669
7D7R9UL0A4ngSASP5yW9ZQ,687
7daPb40K64rRtF36wd3ZOk,15653
7dbKeVkihtOifdiu7f3rUg,855
7DBsiQxsZAKC5lHoRCdOFG,2409
7DBXiFez54rbGjqw1tWi5w,605
7dc6hUwyuIhrZdh80eaCEE,2594
7DEseTqRODmSu3C7jxCHl5,1032
7dFJWWaHc5Z8oQbIRgBcwQ,593
7dGJo4pcD2V6oG8kP0tJRR,294667
7DhP3bGT7dzr1dCkkH5mTS,14844
7dJ05O9EOtFVROVfEEHBBc,541
7Dl8usoHibuYnDVT5PRVnz,2135
7dLkuQHF2ijbK6jiLFyIWM,1801
7dlqUnjoF2U2DkNDMhcgG4,1480
7dmeVSH4lJqxXU7C87dKIB,1970
7DMveApC7UnC2NPfPvlHSU,28199
7dnB1wSxbYa8CejeVg98hz,5410
7dNsHhGeGU5MV01r06O8gK,5748
7dOBabd5O4CvKrg4iriHTM,24631
7dOCnyDR2oEa1hQlvTXvdT,1051
7dohdcCGn1V9tieoC7ndRy,561
7dpKVB4mK3ufNdZOpMKtrd,966
7dq8KEwf0kQXJhM79iwcPh,2017
7DS32FizWDYqYkzR7K8u9n,738
7dSn0mEhOoCO7TA8biZRq6,558
7dsugSamBB7enWE2IrlbFg,517
7dtJROxWQe3fxxF5t7o67N,1057
7DUqqw1aXnOYoiB7ebj4ra,611
7DuTB6wdzqFJGFLSH17k8e,2151
7dWYWUbO68rXJOcyA7SpJk,13246
7Dx7RhX0mFuXhCOUgB01uM,1834
7dXeJ8kAqTqtvNWQNV3sdU,876
7DY8ywDjWdmToTbrrhLIWN,733
7DZ9xBelM79Mlk3Weia4oD,735
7e1BNCygl2Gf7CX8LrByPv,3371
7e1ICztHM2Sc4JNLxeMXYl,11025
7e3FtKBIPLrIVm8g1FJMVg,3297
7e5ZdCHUdTxRpUmZSAdN8f,1671
7e10JUMF7MJmmwYpnTSMI5,3027
7E3BRXV9ZbCt5lQTCXMTia,5707
7E6MNnNmJCt5ag3vtTvHiD,796
7E7CVSqFdLyh0K4AE9uTMo,609
7E41j1yL9ZeTWfqe9bUGgw,1178
7EA0bLf8dXCIUkwC3lnaJa,1545
7eaa5bidliPI0djFYv166f,1355
7Ead768rc4ShGxnqtqccU5,729
7eBDae8nEzoq5GThrBTpRP,1300
7EBy1PkMgjQ9H5qroSGC8P,621
7EE9Xq8yiJyO5FIVho6ibI,830
7EFB09NxZrMi9pGlOnuBpd,988
7EGdqeEDe7WMqOVyDFUYyo,1200
7EGwUS3c5dXduO4sMyLWC5,13048
7EIbKyiLnEJ1Y074UIUyZJ,5804
7Ej52CNJlhlwWROkrcjKLL,1080
7EjxNoVjXo7gL73F2EdXVA,10410
7EK1bQADBoqbYXnT4Cqv9w,19882
7emRV8AluG3d4e5T0DZiK9,3337
7enBrBojgBJuPPdqTq4Z5F,9945
7ENzCHnmJUr20nUjoZ0zZ1,2254
7eOmaHj3qXWhEb384B61eA,1776
7eOzCiTklgHxfpf6Mb3D2e,549
7epIIT85VR8OEggqKO3RSt,684
7EQ0qTo7fWT7DPxmxtSYEc,58331
7EQrc1Kz56jCHgJ895CZJ8,593
7eQZTqEMozBcuSubfu52i4,4043
7eRORqxEbt7ftbaaWP0k5v,875
7eRXja3QOjiMWRgkd5dYwo,2075
7eSbps3Uha3MMBNWhMYa2H,1140
7esCoLcCoCK7FPa9casAH4,544
7Eshpryyi2F9Jg0ixaysNn,1354
7Eu1txygG6nJttLHbZdQOh,1845
7EWU4FhUJM1sZQgQKdENeT,16607
7Ey4PD4MYsKc5I2dolUwbH,60156
7eYZSXnQVCODCVmTV8Hk2T,729
7f4ignuCJhLXfZ9giKT7rH,2343
7f5Zgnp2spUuuzKplmRkt7,10963
7f8LNBVXN0h35veHrpxQFL,9750
7F3F1w0FK3HYyNLe3wE56T,1562
7F6surn3OpdyOzupSawyli,801
7fAKtXSdNInWAIf0jVUz65,1618
7faolmVD4RMkmZ84Zv18Cj,553
7FBcuc1gsnv6Y1nwFtNRCb,55195
7FBDXY8U17aasVTH3rgxbS,7937
7fCzwqo4VPpXk6w6r0fOyi,714
7FDlvgcodNfC0IBdWevl4u,18890
7fEOJ3pGBWmzaUxm5YJRyZ,3163
7FgMLbnZVrEnir95O0YujA,12347
7FIoB5PHdrMZVC3q2HE5MS,6964
7fIvjotigTGWqjIz6EP1i4,12708
7fKO99ryLDo8VocdtVvwZW,861
7fmSLVnnxwwMYj8Wc0rKyp,1657
7FngGIEGgN3Iwauw1MvO4P,848
7FNnA9vBm6EKceENgCGRMb,1120
7FnZWGw9lwOr7WzieTKEPR,1258
7Fo8TAyGJr4VmhE68QamMf,1625
7fObcBw9VM3x7ntWKCYl0z,1379
7foyQbi7GKriLiv1GPVEwt,660
7FPO7WTShHCXnmVv7lhhZM,636
7fqDRFkiuwzFDde1K0taVs,669
7FQRbf8gbKw8KZQZAJWxH2,5248
7fSnislKgW9Mz0YIqWQmGt,2236
7FsRH5bw8iWpSbMX1G7xf1,6674
7fTcs8dn9y6XuB2IqZMzBq,1237
7FtCyCJCJaxabYO7Uyda5B,576
7FtVJzRtpQpU61nBwB7cKN,3484
7ftZLBtMuNBXnnDFKbAblK,860
7fu6ebyL3JGXJgo5zsOo4k,3424
7FU0xCgmSYQEiBeevUqQ4S,922
7FukyKMUPL10mDN9LgAngI,620
7fw0E8WHdG3r9SuPBcGmWk,727
7fWgqc4HJi3pcHhK8hKg2p,2162
7fxtWEwKKrFaykKItspdYg,3182
7FY5V3XMwlNBPitEjXowHQ,38048
7FZj349hdLfD6qzXkJLuAh,1999
7FZKXzbyCoai0fEh65kZKp,724
7g0azP1aJBtmhhOk00SpIM,522
7G1GBhoKtEPnP86X2PvEYO,14285
7G6hXrjGpi6I7waNl4wxAk,7394
7G6zawIBBtDX1WvuT97Ei9,3224
7G7KvDCLdVG0Ok511Iqc9U,1398
7gAppWoH7pcYmphCVTXkzs,18153
7GaxyUddsPok8BuhxN6OUW,15135
7gAYvcQFmAruyvwGjxrSUr,1554
7gbmX8SsfjEjxDMzBi1ZOL,1880
7gEgjd9W1P1iAD9FbubrqC,1060
7Gf3LSwa5hh8Cjo60WhVjC,6052
7gG6LkU3pCSQmCIPR4aSBt,552
7GGv4mV9JTJK9e7nIzUliU,1452
7gHscNMDI8FF8pcgrV8eIn,2016
7gi3jmwpUpNWdswT8eEprF,7072
7gIDHAJ0iFOGSMTiqsNUZT,639
7giUHu5pv6YTZgSkxxCcgh,33029
7GiYUU4EMCOMkpaDD8fzDR,601
7gjAu1qr5C2grXeQFFOGeh,44555
7GJbWH8vhhuW22707B8HsW,990
7gkRNHOOt7QfhhXf0rEnmj,1567
7GMot9WvBYqhhJz92vhBp6,3046
7GN9PivdemQRKjDt4z5Zv8,12023
7gOdHgIoIKoe4i9Tta6qdD,40540
7gP3bB2nilZXLfPHJhMdvc,55982
7gQNLR8mykA1KjGClbPYHe,1167
7gR53ad9JjCweCv4f9MWEX,854
7gRGh8w4G9zaFJSaIYp8HH,537
7gRH7pJQJaAvrwvi8STYEl,699
7gRhy3MIPHQo5CXYfWaw9I,5947
7gSjFKpVmDgC2MMsnN8CYq,5726
7gTbq5nTZGQIUgjEGXQpOS,975
7guDJrEfX3qb6FEbdPA5qi,64407
7GuUYiGZOzQwq4L6gAfy1T,2473
7GvVTb8yFV0ZrdI30Qce6T,613
7gWumE1wMALHXANLSIt054,7301
7gXUrN8vgmVhKVCkw9pavV,561
7GXXMm3DB1VswVcuGyInUd,8571
7GyhmlEy51sGUE09A5AWzc,525
7gzXeFUDWz0aqhikdkOJxQ,574
7h4j9YTJJuAHzLCc3KCvYu,5821
7h5oEr0hzlM0GFQMrgEwSo,1050
7h8ja4JSORo2sXJPmCXRxa,3288
7H6dkUChT5EoOQtUVMg4cN,37986
7H55rcKCfwqkyDFH9wpKM6,36172
7H92g6n1BvyzvQwaERZKZl,552
7hAolICGSgXJuM6DUpK5rp,4548
7hB1zE5jfaEcmtLjnFpOGZ,818
7HBai5xymOxIWoMWvWshe1,825
7hbH1qupmU6HxVBjWJItlq,4704
7HcipAIJatVGT4U6HQrnFW,2936
7HCqGPJcQTyGJ2yqntbuyr,1616
7HeVXdOdMhLslVputGTZFQ,1990
7Hf9AwMO37bSdxHb0FBGmO,2003
7HGFXtBhRq3g1Ma3nH4Rgv,1249
7HGNYPmbDrMkylWqeFCOIQ,1305
7hHDN8REbPLpv46ROortOM,571
7HIjKw4rHS0MtmV0cqSlpB,2123
7HIN94LvSDgxN5RoOLi3E5,806
7hIqJfRYGBWWT1Qxu6Cpd2,941
7Hjbimq43OgxaBRpFXic4x,2490
7hJcb9fa4alzcOq3EaNPoG,76409
7hJnLLfzUy0oDOtNZF8wUm,717
7HkdQ0gt53LP4zmHsL0nap,4112
7HL4id2U7FSDJtfKQHMgQx,2752
7HLvzuM9p11k9lUQfSM4Rq,7000
7HNEfHmDlFofG6YnMt8G7N,689
7HO5HS3yeokRBGVC4nSKIb,1708
7hOGhpa8RMSuDOWntGIAJt,18338
7hpcX3zORb79qaPYgwkXbi,1756
7HQH1SJokcVMdstilKJ2S8,606
7HqrSDuI9lHuH1CDismTFg,1235
7Hr9bE0u9Rl5n6QahVNRnc,1244
7HS5tD2CPw2AgG4AgWpxpN,787
7Ht57YadlBXcFJDK3plmhO,741
7hu7hjmIPOtU1S3D8zfBlw,670
7Hv1GlNkBy4muBAWYOlfpz,648
7HWFXU9pHBj0u58yoRwwOJ,1414
7HXBbxW6YwU8lvgBew2p2A,712
7i9j813KFoSBMldGqlh2Z1,601
7I3bkknknQkIiatWiupQgD,826
7I7ObCLzhAnOchc4fCQiRX,2106
7ia4FaCVsbXvhVwagCJk7l,3203
7IAFAOtc9kTYNTizhLSWM6,1222
7ibAWtDtmEfaVhc1FJ3Vl9,11027
7ICvZfP4VHAPZ5Wdt03772,1264
7IDrRpDz0cOuUVC32c8PKD,518
7ie36YytMoKtPiL7tUvmoE,1259
7IEyUxk8jyEVz9Zm9H8bfg,1019
7If8DXZN7mlGdQkLE2FaMo,3898
7IfculRW2WXyzNQ8djX8WX,15774
7ifrN0oUJbWF1EhktyTKte,1069
7IGcjaMGAtsvKBLQX26W4i,540
7ihLzUpuNecU5VBkvOUDNq,897
7IiSLreTg1of8dDwxwiPw3,1733
7IkiVudQCNv7zS1GTAgEHn,1278
7Il2FrLyoQt0JlyhJRDL1c,701
7iLc4hrjOjQPfg1E3cCHg1,1736
7iMjWsjqbmYLobomSh4B64,578
7iMvwE8qANp3aIfAGKEAwS,10208
7io3MyhMxDZoBYXp4rlRFA,4418
7Ip2u3e5Nv6fFb5xyIHxEE,5160
7Ir0wjCeuhkHUyPAfNJi2X,1003
7ITd48RbLVpUfheE7B86o2,10459
7iUhmKPNkkPPS6FCQxqtNq,873
7ivKiS6TITQYizkbUUahbi,1107
7iWiAD5LLKyiox2grgfmUT,13376
7ixzNQXQ64I2ayrtyhlF7i,2697
7iymigONRODGl6XJIprcuF,2009
7iZtZyCzp3LItcw1wtPI3D,168351
7j9PMegEgVN1fNp8NZXNCI,2390
7J2lZBANizgPNfUzux31PV,7494
7J7ltRWMPdPX4MRLVczmeM,509
7J77vP6EbI63lB3snZeRj4,542
7JBZN2pehWRUu3fX11lP2y,3585
7jdFEYD2LTYjfwxOdlVjmc,18933
7JDSHlDdVTo7aZKdQZ53Vf,2300
7JDx2l9hbNg7vlr6eVLbKV,1199
7jefIIksOi1EazgRTfW2Pk,23490
7jerD1mbWgyDukHAmCvdCj,1132
7jFaoqWPhYLrKzjzlpXmUO,5830
7JfS0b7q4eJVOoHb0ODKvM,986
7JFtD8KnbAADBBDleIMuH7,3844
7JfutRemdlJGyQsIZ7wWQ9,515
7JgXEHI1oEiQICAMeCsKTj,1514
7jgZFR40bWjwOrRCOZFB02,7693
7jkhwa4XMe9XSt1r0AWNqD,511
7jM2XoJBKhdL8oNnDr4re9,619
7jmTilWYlKOuavFfmQAcu6,4652
7jNpkZ55HFuYxJo6q1qawG,1152
7jocoSCuCtpCxCI6IbP8ye,4075
7JRs0G0kHZTBs0Lo7qOjL8,704
7Js6Lde8thlIHXggv2SCBz,7373
7juKTDFlPesGeWQ1GmjmOv,9976
7jXQfCP0xRnnind08ie0zT,2540
7jy3rLJdDQY21OgRLCZ9sD,47534
7jZM5w05mGhw6wTB1okhD9,2568
7jZMxhsB8djyIbYmoiJSTs,547
7jzR5qj8vFnSu5JHaXgFEr,961
7jZycSvTyx0W9poD4PjEIG,2444
7k9T7lZlHjRAM1bb0r9Rm3,580
7k73EtZwoPs516ZxE72KsO,1451
7K2SioSEBmamcFVWyDCV2z,1033
7K3zpFXBvPcvzhj7zlGJdO,8432
7K78lVZ8XzkjfRSI7570FF,5535
7kANMNctYR16urrVo7GTSR,739
7kAYwEKDbUNlUJh4yxjW3o,769
7KduBCxhfAMiQlhMOHL3IZ,527
7keGfmQR4X5w0two1xKZ7d,14410
7kFfY4UjNdNyaeUgLIEbIF,16970
7KGI0OwY8iAL5rI5p47YyK,3132
7KGqvFukcZRbQ7YFsYrgPa,670
7kHK5OLdiiHCfG49KSHTko,1145
7KkqUt65v6LMtR369OQ6FB,5195
7Kkx4dACo6kFSeT9wjfVA5,2035
7KLUKenP88WNsnb7MKa70M,1363
7KMqksf0UMdyA0UCf4R3ux,16825
7KnaZr690xW0sCihF9Z8oP,1799
7KNW6OwcA260MsaEtnvhxV,2438
7KoKvDse2zPhIBc76CI57V,570
7Kp7SzuRuNiPFCy7JIwnLx,8874
7kpYFxC5CpMUjfXtOGOrvR,521
7krx6UBDKLwE0q3s3fesqF,3363
7KUri7klyLaIFXLcuuOMCd,852
7kwEvDE8e7EBGKh5bLczqQ,9692
7kXpvrS3xtr0nGzNFGuuQq,1109
7kZBQcHbD4IKKEJIMnrRWC,670
7l0sphz32GV0AjjEhECpVg,794
7L5HH5QtkDe7u2hJ1FUKFo,512
7L12TqJ0fbwtFljTbwfwRI,658
7LA4bHpsuQA1bNuxHpqeIT,753
7LAucJAvbQa7ZIA0qP8YI2,4633
7LbuenKfQNLPKzvi1rKPBG,1889
7lcbOlKjk4gLsCxd481hik,747
7LCp4MN0SOIVWlssid9KyE,3351
7lCRuW6BSXGAsxuQV9lR0i,575
7lDVEkjIURPMyUYwoQRrpw,2713
7lffJlv0nRl0sIsHDmo0SB,1460
7LfRnzGM0wRSyS5mmAwJbv,986
7liFhc0PDIx8etigqd2WhW,1021
7LiVklVR1325BIOqD9kykr,573
7LIy7KinYq7a83dUH6kvxT,616
7LjXLho6TAS9wkSfnjd0AX,970
7lkYBcrLM4JmVgeha1xNl6,1219
7LLcRttKjV6PeJOlCNCYon,2427
7lm68Uw3UZDD1vlAWpLeDL,739
7LMar0WAyjuaMlYUGh9HBb,971
7lMgpN1tEBQKpRoUMKB8iw,639
7Ln80lUS6He07XvHI8qqHH,87981
7LnaAXbDVIL75IVPnndf7w,12289
7lOJ7WXyopaxri0dbOiZkd,4887
7LOJ56d8VmOebynlV01KfU,806
7LOmc7gyMVMOWF8qwEdn2X,505
7lPWuLostTtlIShgm4wpf0,1769
7lqaPghwYv2mE9baz5XQmL,650
7lQKE6HaKQcCsgLRMhsh5W,4114
7LrFQFaZaxfa9deqkjvc89,658
7LrFXgUaby8e6rfohQGxhh,609
7lsnwlX6puQ7lcpSEpJbZE,1108
7LTShHcq1KdTrWeLvWoYed,1462
7LvoDJUNGnOrPdGRzVtOJ9,15053
7lWm7B37N2Phj7l1bpEx91,1042
7LXdYckhvHWU4ejXbkHa3N,1892
7lZauDnRoAC3kmaYae2opv,1145
7lzordPuZEXxwt9aoVZYmG,11100
7m3fe3erw9iO9gs4AeLSG8,985
7m4gF38CPATtHrk5HS42WZ,27723
7m60UAnbgFFNuJbmS6OxTk,6460
7M7UXUwtz3Wb25PVS8dwHs,1277
7mAcgRMD6EfCKHO6cIkDOP,524
7MbmKsnvXjl4GA7Dr27kko,712
7MC5zmK3iZHzPqGZEVSROe,1250
7mCsyzq823cXJ5puxUN3aJ,1608
7mDU6nMUJnOSY2Hkjz5oqM,22295
7mEa1sO46BAxAelp27vZHz,554
7mEIug7XUlQHikrFxjTWes,21746
7mfGqyAztYr0FI5gK5OCNp,894
7MGlZPaZPKJJFUbp8wToNb,583
7MhMgCo0Bl0Kukl93PZbYS,8024
7MiDcPa6UiV3In7lIM71IN,1263
7MJ1pB5d6Vjmzep2zQlorn,861
7ML9AQvVVE3c5m0sx1PlmP,1080
7MlotYZhHjOlXcvmwrITj8,4778
7MlyHuGRHi31yYlrttDqgT,885
7mnAzEmgquhrVtGob81SmO,636
7mnBLXK823vNxN3UWB7Gfz,59657
7MNEVabc4cs19CbzAFZmXz,624
7MoIc5s9KXolCBH1fy9kkw,1109
7MP4jhYmFEgb0AtiOkw55s,2027
7mPcfx7PhnBh6n4HMCd61A,9084
7mQilAy42MqNPqUFqK4Z0o,3355
7MqnCTCAX6SsIYYdJCQj9B,4706
7MRDkEKtdsGcYn11A4qgUL,2634
7MSTO40bsb3DOJQT6xLsIc,2466
7MSUfLeTdDEoZiJPDSBXgi,3526
7mtuXBExLy9d05UaJ8pjYN,1750
7muzHifhMdnfN1xncRLOqk,18675
7mWCSSOYqm4E9mB7V4ot6S,1780
7MyUjj79oHy7I8RocrtzZ2,2282
7mZgBMpvaBziYQfc9TbJH5,1543
7n2wHs1TKAczGzO7Dd2rGr,108792
7n4cyL40CdreXwIw00c8RX,654
7N3JfLDzzjXdPbsyco7X0l,3465
7N3L5HZxQqxWSfhrrTNI29,865
7naAJDAh7AZnf18YYfQruM,590
7nC05zmJukRGYObQeRgg3x,570
7nDsS0l5ZAzMedVRKPP8F1,7676
7ndzHjxbErIwvwnEUewMWe,617
7nKeLE1toRtW4M279iS26h,8217
7nkLRaWHImCvWGHdNGnhVE,1369
7nOZKudJkpG5kbS5Ys3w6u,502
7npqy7rgdX2D3yfVyWExKo,3271
7nqOGRxlXj7N2JYbgNEjYH,4337
7nSYcucRT6IGiMepEmiZgT,904
7nU4hB040gTmHm45YYMvqc,43820
7nVgP0ISalazUzugR7D8zk,736
7nwUJBm0HE4ZxD3f5cy5ok,19861
7nXyULtoL8k7wP9l6kg8Ef,1286
7nzSoJISlVJsn7O0yTeMOB,2290
7o7mC95EDbJKTcPAAs8C3r,12429
7o9BrJpGzDJxWSGpAViJu4,2392
7o9Nl7K1Al6NNAHX6jn6iG,8365
7o95ZoZt5ZYn31e9z1Hc0a,21477
7oAskcd3mX9ZzxMPFHYqoN,1732
7oavKrnYbTZPAPq7zCuipM,672
7oDjuab7uVdRk9Ism8pFIc,1749
7oEkUINVIj1Nr3Wnj8tzqr,651
7oeuJSyVZTCkm3BurLz8cG,1076
7oEWmZ9dKlAVxTgmjUbYr4,9561
7oHJbmt1VAj16Tm6nJpSqr,1833
7ohlPA8dRBtCf92zaZCaaB,4221
7ohSq6OUvkH1hkslgXfGMi,580
7oHzn7edwmrYClrPRINkbn,2607
7oIZ8VPQ688hUQ3dQ4y6rD,873
7oJtghmTMHdQ49zN8uLSob,1007
7oKVYDiVZxglvgEW2zHcAD,662
7okwEbXzyT2VffBmyQBWLz,20837
7omnn7IRrrxdMwSwchVxNP,651
7omzannyG2lfDqP5xyZo34,8695
7oPftvlwr6VrsViSDV7fJY,86515
7oPgCQqMMXEXrNau5vxYZP,14507
7opp16lU7VM3l2WBdGMYHP,2251
7opRqRgF9lvnVraBFCMvIj,1402
7oT6vt8H3q7kA24sicjFzO,2379
7oWSqrgMuIEyH9qp5nu2e5,1872
7oZLKL1GjYiaAgssXsLmW8,906
7p2aOXY5bfHyjujI3fCWTu,2494
7paFidVdtsmKlLtHiLZu41,1384
7pbDxGE6nQSZVfiFdq9lOL,2887
7pFeBzX627ff0VnN6bxPR4,53406
7pGyQZx9thVa8GxMBeXscB,4805
7pMqgUModTCyS7hpa5n2Lc,1014
7po1FepqIImwFFx1ZITjJp,531
7ptm7G8z8VVvwBnDq8fAmD,577
7pTS4RiG0sM9TijxQJz8f6,1030
7pUnaNwiKa3p27L1EwB4X6,2964
7pW390CJdmhakvtcGZIqGP,2436
7pwjGKaqnfkvS7eQbHaqyH,503
7pww8JMPMj1SxUfJ8wN5Kt,1415
7pXu47GoqSYRajmBCjxdD6,6936
7pyhre5oEEFMqcgMEvJY7q,4951
7qAcXJgt1PWnxwUgxMdyuk,6232
7qbvNcfTfckhCNM8NiR8nN,3683
7qeBsFLeNEuzrDhDMbnDwF,1499
7qevodTHcV0rtg9O7ih6nn,531
7qG3b048QCHVRO5Pv1T5lw,53793
7qHs2senyeRV4N4nJqQ44K,934
7qhWa7UI1QNZNDnzYwAYZm,4045
7qKoy46vPnmIxKCN6ewBG4,795
7qME2V5vIIPqIKCpzxQMPz,736
7qpbQKIG4ghU6YXxB5kI6r,987
7qQJQ3YtcGlqaLg5tcypN2,2541
7qRll6DYV06u2VuRPAVqug,4948
7qTSoObqlJkIybERfumbQ9,9818
7qUnx2B8Lf6QROKUCKLsOQ,843
7qvsLYsYP0MHD7jkdv6DAG,6754
7r2alhL2KKfbhgGuqL9LGg,1059
7r2oyrNc0YjSC7hZL87V0Y,2809
7r2uG6BlFXKcwmh9ItqlII,5020
7r8RF1tN2A4CiGEplkp1oP,28790
7r8xR0LmnaAM623MmRDn1V,5294
7r9M6ptJz7XnQp2RVFArb4,646
7rCVe3W6E37VMHBHJXB6xD,766
7rewR1TVjhisjI6gauUamf,2284
7rkW85dBwwrJtlHRDkJDAC,41717
7rN3Agir6FaZNfhf5V7mfN,1218
7rNbdH4pgrnwguvzxhA2Ek,799
7rpf45DdbpweG51Acze45i,832
7rPQ2z1ji1ctJ6oGYBAo6M,632
7rSMEcqv4Ez0OLgJKDjrvq,709
7rVEQZBDtYmToQaYOQJCm2,653
7s47glsDg6fwq9KXNTsTpa,688
7sDhzCtTnUnJc3drYannat,654
7sfgqEdoeBTjd8lQsPT3Cy,7679
7sfl4Xt5KmfyDs2T3SVSMK,22010
7sgWBYtJpblXpJl2lU5WVs,11762
7sHWvTWufU865WrWckjyE0,1540
7siPLyFwRFYQkKgWKJ5Sod,2117
7sj3k8KPGd3B5gvtpcdlZP,874
7sJ8jwhDIbAHVHcvx9PKjQ,858
7sJ9LR0mCMgFlzJ6Y9xP64,1158
7sjRnhONmeFL1tmlUvdq70,978
7sjttK1WcZeyLPn3IsQ62L,887
7sKxqpSqbIzphAKAhrqvlf,3430
7slfeZO9LsJbWgpkIoXBUJ,15612
7so1HCxGkBmfqdvIF5HzkT,1252
7sQ3Q6yYyg0SdpEezJN8UT,1456
7sQc4ugqcqoLJPnznIE2jm,999
7sSJgU0CwdNsE6CShqPQP5,1123
7suLW93RkuQKWb4WTI5F14,689
7sVQKNtdP2NylxMgbNOJMM,4555
7t0rwkOPGlDPEhaOcVtOt9,15722
7t2C8WwLyKUKRe0LVh8zl9,3241
7t6GsqGAwrj1kwYbvNX0hN,2884
7t7KCNFOwuMChaQg6L8I69,503
7t8q7ikEtcPNtoaKAm9Vu6,1804
7t9F2SIhlsCvEZPAAsnBpY,555
7tHd518aPjJYUgyv9bidBz,9528
7tjbDPvrdvDshcpEMXKRVb,2674
7tje8UB3cuR1ZfeJx2U38T,3964
7tkwiWhGKSuQV8LwPWceWN,4581
7tLLSEaHMMJPbsYAz8MkEw,552
7tlQrRh6jNY1c95poJvBe9,1939
7tmMPdOmFvdRvbj2aWoiRi,576
7tNLRmiAN8hpmFrbIHiHsy,1757
7tOUuyCplrFWLXCZuhE3C4,2026
7tPIyJ34dF0If0tsdnzHOE,513
7tpoUeXq6RlClRlq2ithVu,502
7trvyUUXmPhi1StCNYHj4e,1363
7tT5h21rKj9yFfQuqBYLqT,818
7tTsvTUJ7lXBezazP5jU72,1978
7tU1VKOuxiNZwBZC6RHidA,9531
7tuwjSE2q4zeBdNObeO7LB,950
7txCfGfh46OwoUBDPj4HKL,764
7tYKF4w9nC0nq9CsPZTHyP,37822
7tzI4rSFTHafjF18ZrNZWx,939
7u1mqP3ykglpCB2c1p1p5I,670
7u6FSuqT3SWE2kO8rNVjfp,703
7u6LfVyYpEzMpHLL7jTyvU,1323
7u7MDzwo7VtVe7FhS3cq8Y,512
7u9m43vPVTERaALXXOzrRq,4843
7u12AuhJ5AaJIgZAZe0US8,1650
7u160I5qtBYZTQMLEIJmyz,9924
7ucqItQmz1PCNHBFSbr0ki,2619
7uGhSk7fVURjDaiXW1FSbL,1982
7ugN9bU7x54gVI2295brJF,758
7uHOp2UvCRbPU1sNKk57hv,800
7uhvDINTTiD0XBrP9fquN1,573
7uIbLdzzSEqnX0Pkrb56cR,766
7uMh23xWiuR7zsNkuNcm2G,1341
7uMSsrbX9MJzf161IcY7KU,2808
7urq0VfqxEYEEiZUkebXT4,13080
7uwPrVdjss0FyCCTzpLx5A,650
7uWXomGkKtIq9B4XgA3gch,11365
7v4imS0moSyGdXyLgVTIV7,33924
7v9bFXCdSMA2o3gS4nvp0F,1174
7v35CkHBaT1SStgQHl95a0,14416
7vb7VLDqpLTlAy1ctTMR5d,871
7vCtweS8UVAXTyau2j0rDT,29194
7vd6sS3NY5iwoMuyOK4LPK,673
7vdcsB9p8PtIooVpemHb63,951
7vk5e3vY1uw9plTHJAMwjN,23050
7vkiEK5D7Gf0z4M1Va0CXD,1181
7vKyyJZVFb16NTWrUV1fGp,2018
7vMpNua6oKT52WWHNUJ1No,1993
7vnmderMtsr4NY2OAr7bPZ,854
7vo2Hl0NDiBr6GcyGDSLFZ,825
7voCqDg5xgF1LZFrmbPS7w,691
7vPGzgDg3qGUY5bWtrO3K4,592
7vRMMs8yrKf4PKUpUllMkr,1590
7vUJCRmF1if4uhMp2V3tRP,2270
7vWBZm3sQ8yQvfV4nXxHXK,1970
7vWlb4pM85jCHvV771qZZW,5259
7vX3cMVyW8gtDA4y855ynF,2423
7vXwfZyDp3spzIVNXDaTPN,7995
7vZ7qmfXiu114lY0qm7rOe,1363
7w0qj2HiAPIeUcoPogvOZ6,1600
7w1eTNePApzDk8XtgykCPS,877
7w9jdhcgHNdiPeNPUoFSlx,10076
7w29UYBi0qsHi5RTcv3lmA,5016
7wCjDgV6nqBsHguQXPAaIM,12852
7wcYEfyBTrH0iT6J4PgSTj,907
7wFDo161xYdeaiLz3KIHoM,10724
7wg1qvie3KqDNQbAkTdbX0,22792
7wGizTRCLYwsLnTuCBbJ6t,1208
7wGrLSB3v7jkV3fSsjYwtv,2961
7whckrkkTMEuvqfaNfMs7S,1227
7wiOKrtPg196Hh90CdoKPi,670
7wJ9NwdRWtN92NunmXuwBk,3051
7wjeXCtRND2ZdKfMJFu6JC,793
7wlFDEWiM5OoIAt8RSli8b,5278
7wLYNBd1fXGEKSLJMNnlt4,2141
7wNkISK49lKeXuRaZcQVFe,1006
7wOZy3KdFVVINgNFFxkxwO,3587
7wqP36o9lqWteOCxBnXlwx,605
7wqtxqI3eo7Gn1P7SpP6cQ,14517
7wU1naftD3lNq7rNsiDvOR,1381
7wU2WGCJ8HxkekHHE2QLul,2136
7wyBxBXLVLaiF2jxHCpvTe,957
7x3f7c0fBanNlQwpx1255g,2102
7x4bI6vTtMCONH8MVqI8WK,778
7x5rK9BClDQ8wmCkYAGsQp,5044
7x5Slu7yTE5icZjNsc3OzW,6484
7x8MuRMbm9XIldHSJOtoNo,9343
7x8nK0m0cP2ksQf0mjWdPS,65652
7x83XhcMbOTl1UdYsPTuZM,5728
7xAcVHPiirnUqfdqo0USb1,4107
7xaLfXBI5MSy3aNX7m4X3O,1271
7xBL98Dam4vQBRLHsvu8cM,2006
7xDONBHUmOSBJ6i1SNgq55,1288
7xEFii6utZmQ61kX59HmLH,17850
7xeM7V59cA1X8GKyKKQV87,6156
7xGGqA85UIWX1GoTVM4itC,2749
7xJHGz571pfkVGNxzPO9NY,538
7xkAwz0bQTGDSbkofyQt3U,3312
7xklw3WodFZiNNmQt3DIgp,5358
7xN8vFwslE67EC3DhgB9Ip,851
7xNPROyVfkH4mcIxxCxySm,2318
7xovAENFxmyEWhzbnHsB3Z,5020
7xSEWLsywYbocdtt3xsQsU,2927
7xsMZdxw6eEJXGTLZulONO,1013
7xSP5ABX7IOegINeUtUVay,887
7xTcuBOIAAIGDOSvwYFPzk,6122
7xTKLpo7UCzXSnlH7fOIoM,1587
7xtlNrmdLZS2sqIkgWewi1,3147
7xUZ4069zcyBM4Bn10NQ1c,2826
7xWU2A2lw1xf4zTjKhkrGK,3122
7xYcJfhrRx9Iv8smhoEibc,673
7y1GT7SdgGiFLWoktv2TSw,1108
7y9COUDxusQXRjW95vOubE,841
7y33enVLfDvft6HGNmcxdV,1180
7y70dch6JuuuNnwlsOQvwW,5189
7y97mc3bZRFXzT2szRM4L4,13317
7ybnRZKtRbWQzJfKyYSyh6,1229
7yCGrS6Xh3UngvY6Ad5sMJ,1220
7yd1ITel4z3jXwEFinWmGN,548
7yk35uHNQclPXFGFoTU44w,5786
7ymhGfvQPQLHU20RovzLMJ,584
7ymrIsmp4vE7vAtcS12J4D,1248
7yNfjZY3QJpm4cUj1i0fWD,1020
7yO4IdJjCEPz7YgZMe25iS,33522
7ypgj95aGInvJMJbMv78wB,927
7yPPzu5UdAK7yagQqjEZQm,5813
7yQrcdkLdBAkV7yY9fF2Hw,513
7ySHyUSqpKzGnDqOxLiCFH,591
7yTltkMBvChBkA86Tz8WfW,1694
7yxi31szvlbwvKq9dYOmFI,3020
7z1VrrLktQYoS9C0cFbfnI,3068
7z1zaOeWiHpl4SD2N9ZBgk,619
7z2avKuuiMAT4XZJFv8Rvh,1506
7z5WFjZAIYejWy0NI5lv4T,31086
7z7kN3prU5FQJk32gTDYAW,1166
7zbq3gjHu4JAiMV7dWbUdv,710
7zfhej6FnVXN9LIXs6dcoK,678
7zgtJuRm0JcJpPQRjCgXT7,617
7zICaxnDB9ZprDSiFpvbbW,2712
7zliF6Q946WznVk3ZMYhZX,3884
7zm3aSdmGiOkTt0aZFSO8R,525
7zmk5lkmCMVvfvwF3H8FWC,1781
7zmuMr74dNGqjq74uibncO,2375
7zOuMHqRJ6YOMnCGpLfuTU,1128
7zpvy5B9gb5KprNUzNCOEE,1873
7zrkALJ9ayRjzysp4QYoEg,1128
7zsin6IgVsR1rqSRCNYDwq,8626
7zsszvWNKWDrFOLt2tLC5u,1540
7zwglk4YBuDu1r4Es8Eucw,623
7zwiFdY90oXzLh1Wz22oEq,612
7zYojeiCfuseHGA4IJ8qSk,861
10AY17ALos2o3akPqrPydw,3502
10Bp1mvmVqIXcRj1VtxQyZ,604
10Bv2xvDaWSDV40nujK56o,774
10e64Uf9i4sWOj7jYaOsSN,1954
10exVja0key0uqUkk6LJRT,75902
10gzBoINW3cLJfZUka8Zoe,10516
10hGPIDZi33LRaYRIq3Bh4,1186
10I1X1Vygp2J6R4jP5gF10,1499
10Khz9BDdDT2mzm3330Cvu,1412
10n1KB2sjTrGdyuC83y8jW,945
10n5DVRlZbjbZ5ffpwpn6l,2642
10QjFzenujarVaaOGrNXOk,672
10rzK0sLCXsUlDhl8ed0MV,690
10tysauSA5JATqniBDu2Ed,1889
10xLCBOlt2NhclsRmrOvX5,1559
10Z7WzKMeIdNBKexi1YarP,963
10ZFdnBGzRkcP3nh4VH2C3,547
11aa081aKYUzmeFm0yHdT2,1874
11EpG7GrtkjjPUhEFNEowO,1482
11EZGTWr2pY0VZPlWokAbl,978
11FY888Qctoy6YueCpFkXT,3426
11gWrKZMBsGQWmobv3oNfW,5424
11hIqBsGRPztdjBHCSLClX,1199
11kBu957KTYoAltZHDm8gW,3208
11mqrDSFRRz8g0Wb3syJj5,946
11nbBcaBk8uXBPQsc3Sq9p,628
11TlWPqyDFLHGccTFQhcc6,684
11TplWqOPQBTmg2eiSLt1m,1167
11wRdbnoYqRddKBrpHt4Ue,2490
11Y54BxlxC3UIAUkU2eadQ,17891
11zHPjHnZN0ACA50rSnTcy,2393
12Chz98pHFMPJEknJQMWvI,35786
12d4iIvTOk7JkI6ecvc3ca,8591
12FHARd9fY0Tu0ila4Ua25,8316
12H1Dmi64fAmmARrsyVFzy,12213
12hXa5arH0RHd2Ec7zjSNy,657
12j6dJrPXanCBwY599pZxf,561
12Kgt2eahvxNWhD5PnSUde,4955
12mkoe71zJDWs4j0rCeXGR,2964
12Na60zr4c70kpEDMLICoh,1046
12PSlydMSjEHzSCj9X5qv7,24680
12qS7lypMdpvASeNnFXtmN,585
12rBrcOPP50qIan8ew4iTP,1009
12SPNXi0aDpFt0rMVbmLrr,727
12VaqyEhgwDRuFfEqbnrpz,2146
12vb80Km0Ew53ABfJOepVz,1361
12zbUHbPHL5DGuJtiUfsip,1804
12Zk1DFhCbHY6v3xep2ZjI,1400
13aBWT8LN4oNWWGFOu96MA,925
13ccXrK7AmXb4TddMkE7jy,1288
13CMfEeq8AC6ryGOPODqE1,605
13FswnDmTIttTpiK9PS0BI,657
13Kd75NSHSp9lB4CaqPMOV,7068
13kJgvU22LHMsJtGWLmx7W,655
13NBINjChpGTx6AXEZ73O7,1338
13or1Wf6ipcvSIiurZATvw,4137
13rF01aOogvnkuQXOlgTW8,1104
13rWahXxJX1NS64MDS24Ya,606
13saZpZnCDWOI9D4IJhp1f,11722
13ubrt8QOOCPljQ2FL1Kca,123178
13UhfW7GPizrArBwq7ugps,1203
13UXMns4uwUrEpIzY79Qgw,1116
13vQloYd6mP7V1mVwKJwS2,4320
13VwGEitoK8J0qjNjbgeTN,613
13y0kncDD4J9wxCyfKr10W,2231
13y7CgLHjMVRMDqxdx0Xdo,103416
13YmWQJFwgZrd4bf5IjMY4,61521
13YVfXddjRIUrubItJjadb,1192
13ZEDW6vyBF12HYcZRr4EV,807
14dULnNGmLKnS59BzNrHi4,1738
14H7ag1wpQOsPPQJOD6Dqr,5339
14L5rpGTLVUz1pD8fUeJB1,741
14mErTJ0ubFVjx2zBAwjkE,1555
14pVkFUHDL207LzLHtSA18,9449
14r9dR01KeBLFfylVSKCZQ,11856
14RkTXnwrf6D09TfPWcR5C,877
14rP13jdQNgQvuPA2AkBgm,5152
14Tg9FvbNismPR1PJHxRau,1201
14uVJsPC4DByeuD0cq36ez,967
14UzbliRaDDgssLOBfWxu0,1046
14x09CWnER34AB2uITdUAp,1114
14zUHaJZo1mnYtn6IBRaRP,4865
14ZxDAK6ITtZZqPdiWrvSn,5101
15ajdFAi5bjj5pS9laBfBL,1075
15cfE4nzURJUvrUyqsrMuF,2897
15Dh5PvHQj909E0RgAe0aN,1472
15FyiY3ChN0QRspHIQYq0W,8226
15GGbJKqC6w0VYyAJtjej6,552
15HQZSRisXOtHtthjerYq9,598
15iVAtD3s3FsQR4w1v6M0P,36659
15jrieCvf3EklAScnD9kKl,1596
15JWT0b1GY8dOBjVtrHaca,1746
15lOM8PWY9pXQoURZwSZlK,642
15NtJjjHRFybdNSMyM9smT,4984
15oeqKO5k5uZ5773tWvpda,565
15QEMU8TfJ3jEJjV5dRfCi,726
15S89CUJtshT2P7WIa2M5l,505
15UsOTVnJzReFVN1VCnxy4,58958
15xvsJMf8phaNa1LYvL9Qv,2470
15Y1yUEchPPl4w20CLvFyb,1762
16AVsBqzmIZTNHd0eX8VbK,566
16bN8mhtDFdegWbg0z3s10,551
16eRpMNXSQ15wuJoeqguaB,7752
16f3WYlA4miISj20MG5J30,511
16GcWuvvybAoaHr0NqT8Eh,32690
16HLVuiCN8iGYhBca7lsqE,706
16kOCiqZ1auY4sokSeZuKf,3753
16lg8y62dC3J6ok1pNAbFJ,2353
16nn7kCHPWIB6uK09GQCNI,3823
16oZKvXb6WkQlVAjwo2Wbg,112558
16QCJENzcdhwka9bTKYMVB,1254
16QSVsPKl743hu4U5C18R8,9980
16rJDrSGCHMXjPUuKwQcvp,2080
16s0YTFcyjP4kgFwt7ktrY,923
16Uqo1jjtPiKI4zU1Ficgb,573
16yUpGkBRgc2eDMd3bB3Uw,1865
17Apb0lkk5hL942CwP62Eh,713
17BmVePNxhzlRGKc85xYsd,1037
17C909ZAaDFHCNLhsqsb25,1399
17cssIaAwAcgC9nZZliixv,1059
17ewtqMhsRUPRdhpYLzMxg,1653
17hR0sYHpx7VYTMRfFUOmY,1861
17Ht3puBDQIHTXvQTYYI3b,1505
17lzZA2AlOHwCwFALHttmp,100804
17Mb968quDHpjCkIyq30QV,1562
17Q9sCBpIyS6yM2YyaI6R4,1015
17QrJsIIiAFuh1VuniANKz,576
17rnpuu2LApoCL4x8fObZg,703
17XXKfRBMCWvLrqGoNkJXm,565
17Zu03OgBVxgLxWmRUyNOJ,741
18absyD7lQaXUDBXnyzU8M,762
18C3NkGkA0HmL5vvZZtXjL,1169
18FojbNFtWY8HKOMVSA2K4,1677
18H0sAptzdwid08XGg1Lcj,1729
18JD8DVlD1fakDAw7E9LFC,657
18jZvCsW1PJ4FDQ5gEXuKp,1189
18xgcedCGxFbqLbIQn5R8F,2414
18XRGxd1b484f2h06cwvJJ,1426
18Zv2g2vUcEGqJf6WnjfXN,3165
19B0pJt4UEl3fUijGTRzxB,648
19eLuQmk9aCobbVDHc6eek,20007
19Fi1Rj7kk8kyiwxpXy3yM,19240
19gmxCK2V3jLMi5fDYyKtS,3535
19HFRWmRCl27kTk6LeqAO8,1465
19HgKsSbdKYlYmitK3Y8uP,546
19I4tYiChJoxEO5EuviXpz,8072
19IsMFpELM7g2UDuwDlZvU,613
19k8AgwwTSxeaxkOuCQEJs,715
19KsPOZRHLv7RZbLiKpqbH,764
19KwjzvIL92r29IINtlPNP,2991
19lQ2rJLlP71FOKESiMNJT,633
19m3oZKjGSLzVW0OGIAcNg,819
19OAtq7pNHnBRKJORFeahx,1125
19ra5tSw0tWufvUp8GotLo,14235
19rgRqYVP3LJf9tGmMWLjP,587
19xmzzjYSHNrV6s0DBzEi7,956
19xz1vcuKNjniGEftTOSSH,3280
19y5MFBH7gohEdGwKM7QsP,12310
19zqV9DV3txjMUjHvltl2D,6866
20apXQGKM00jJTvYfyKwlb,3950
20DZAfCuP1TKZl5KcY7z3Q,1768
20gsENnposVs2I4rQ5kvrf,15639
20JZFwl6HVl6yg8a4H3ZqK,136328
20lGLFmdtadbUYmqzFRcA2,927
20LhC1gJIZQvzwrrHprZiJ,922
20mCdWSz6PqFQof9gFFJ1r,1570
20oQv3LStCKCjI9oQ0JNha,3055
20p5D2KrE8CGuOjHtxsyTp,3404
20qISvAhX20dpIbOOzGK3q,31776
20s0P9QLxGqKuCsGwFsp7w,21249
20sxb77xiYeusSH8cVdatc,87350
20VIE9Okvl7RfmuCsVlwxb,771
20vuBdFblWUo2FCOvUzusB,1180
20wkVLutqVOYrc0kxFs7rA,16913
21aa4pj9BvbFB2iT8kRpnq,898
21ALJSG7U07dShegeJQ2xA,659
21C8E582E9xU9S5yiN7cip,944
21dooacK2WGBB5amYvKyfM,15165
21E3waRsmPlU7jZsS13rcj,60826
21eeOqX01yzH3M9nSyYJ1S,571
21egYD1eInY6bGFcniCRT1,10909
21gGD9dUby5ls0belA1wqZ,2011
21IHyqpE95fqLW8cY5gccG,1407
21J3YJTyq1biE3SvSNjzuf,952
21jPcGkRtUofRVCC8cWHPS,539
21LGsW7bziR4Ledx7WZ1Wf,5483
21lH0EoFGV5oUmyCZuz7jg,839
21llKqnS025UdaAMslJS4J,1235
21mKp7DqtSNHhCAU2ugvUw,70394
21MZoYDTcbPsC5crOQVqho,1108
21NiIObyfGUR3UPql6UrkP,1029
21O7WwRkik43ErKppxDKJq,1851
21pMSs2JHWwwy2kp1QIIVB,2879
21R50WhyQI5HxWOTr6MyY1,1612
21t0aavYGSGFkYYFhu6urk,971
21tDFddcOFDYmiobTcls2O,1345
21TinSsF5ytwsfdyz5VSVS,3783
21Uejbf0dmBe3tEOUhWWt0,708
21uICil8mM128FNvcYJDv0,513
21UJ7PRWb3Etgsu99f8yo8,1247
21WS9wngs9AqFckK7yYJPM,31316
21XbnrbEMUTZelIfoV12hC,782
21ysNsPzHdqYN2fQ75ZswG,5329
22bE4uQ6baNwSHPVcDxLCe,95503
22bukBZvUppuwQwmDz75Gz,4443
22g86cix6LCeLMbu3m91Wo,591
22jKZLs2baK33fJ19bar2V,1425
22JNV0JWTJkY1qzKJhxdRe,2165
22JuR9OeENcP54XN5TlNWS,531
22nCgEikczPLtGfDdpRroh,1886
22ojy4H4ZVpowC4lRRC8In,1496
22pAlZRKZ8WyPTtf63Y5nV,1055
22qLnGc8B1btqty6d0Qnlm,1447
22RISwgVJyZu9lpqAcv1F5,566
22TEmHXBBLjTec2LOAuMdS,775
22tQF7y3PwRuU6ZWAV2oTM,633
22w0Xg5kpu5simeHw3afNG,1298
22WwE0lMmGx4AJeyUfT7rh,533
22WZ7M8sxp5THdruNY3gXt,29596
22xRIphSN7IkPVbErICu7s,535
22ZiDrzGc0fi8wGMaHPmtX,547
22Zqu1yyebVnbve8FxbJ2g,2532
23apFYuBTpFemqLDn8ViLW,752
23EA28263XvtIrXuySX6oI,6837
23fqKkggKUBHNkbKtXEls4,97604
23H1ellgs9wxOBx2V0fkao,853
23IZADrJHPStZ6aMxJVq3s,5808
23LbwefIODbyGdRbAz3urj,5385
23Mk68F0po0fPFDUXLY0wX,898
23MPAWNQLgjmhquLiZ6tWg,592
23NIwARd4vPbxt3wwNnJ6k,2770
23OFz99wX0NDBBwrxthLWU,6884
23OknxGcY1i5xX1TRPilMj,3476
23ostNBoB9z6GMXLtHdg7y,1191
23PFGrmuqJvklNT9ikqXaC,507
23rleGXVOVVgTk3xgtmfE4,3256
23sYU61n9f1CzYi8NJhAXS,528
23ukNzhMiRiYgORi3n3RJq,779
23wEWD21D4TPYiJugoXmYb,4032
23ymPLjbtAMzTJS2qRtQ8Z,1065
23ytwhG1pzX6DIVWRWvW1r,537
23zg3TcAtWQy7J6upgbUnj,141505
24Bq9F6DJfzTaqgmoxT5vm,1181
24BYRlsS8uIO4jA71mJ4Js,964
24DO0PijjITGIEWsO8XaPs,4743
24dYJ8P3YuFihvMcElFUWh,1283
24GaH9tRBgZjlvOhpFuKi2,1033
24gJ2GCq5zx1Mh08ZpmiSo,1871
24hJWbo98sH84tb0nkeaqy,1675
24icoQNJSEWNu3XvqKBR68,1313
24neLwyYRyj4ItaGnFeIT0,913
24SwsBq76FnNeXW9Do4wPI,990
24V5UY0nChKpnb1TBPJhCw,10340
24Wa5wIZIo1sPkzVGP0B5p,1228
24WPEGLYPvEsmk4GSDFyST,575
24XtlMhEMNdi822vi0MhY1,15968
25fqWEebq6PoiGQIHIrdtv,6649
25hbSOMmbhgqvonjC876UJ,15857
25IG9fa7cbdmCIy3OnuH57,24620
25IYFyXjuCqKlIbSeaRAZO,683
25IZcQsNwnvgeBiTEjBNI4,624
25Kfw0CRHgjl9oCgMfEYz7,1075
25KNo5GDS6ZpLkjasaecA3,7733
25mrbNwFzoqPWyYXLhiDRw,5872
25MYbTsDB9aQ70l6VqNKOR,1948
25NQNriVT2YbSW80ILRWJa,12253
25oLRSUjJk4YHNUsQXk7Ut,11377
25qhKKJ17Ury0KqRKJXj4d,1181
25THA9HUHoxpCT4LBp7UsZ,765
25TKXk9zo9yk0HMJQ3TuE9,1228
25tMQOrIU4LlUo6Sv8v5SE,7260
25u4wHJWxCA9vO0CzxAbK7,28098
25uiPmTg16RbhZWAqwLBy5,18200
25vU5DYwHIHhg1ViWV3SJq,1103
25ylCAVAfORYteORKr4lFk,537
26AHtbjWKiwYzsoGoUZq53,78216
26bcq2nyj5GB7uRr558iQg,15415
26dSoYclwsYLMAKD3tpOr4,88046
26GHRG8x1F4AzbCKzUaIbw,7422
26nltVmOVeIfYmwcmqTm7e,3242
26opZSJcXshCmCwxgZQmBc,6909
26OrZl5U3VNGHU9qUj8EcM,533
26PDtWYDJ1KD0brukKsJH1,559
26Pe1UkFeUi8pqFaTS1JCq,1265
26plsJBmW5se3wurhwzaEK,3983
26s8LSolLfCIY88ysQbIuT,10925
26T3LtbuGT1Fu9m0eRq5X3,72741
26T4yOaOoFJvUvxR87Y9HO,10167
26T6b8maqEVltcmE4kSDUl,1337
26VFTg2z8YR0cCuwLzESi2,101849
26YAHs5On4KQDNsU2cYFdL,1067
27a0GiCba9K9lnkKidroFU,2605
27aJr79YUyfK5ZrcFxF5u0,517
27AzFtMZhRN78bAMPntbpF,1448
27FGXRNruFoOdf1vP8dqcH,8103
27fy6rHPC58Eo2VUu0iJSG,1171
27gtK7m9vYwCyJ04zz0kIb,2273
27LGatz1m8aJ7ZaVVWEphc,645
27M9shmwhIjRo7WntpT9Rp,3290
27mFvqQj8KpjmdKIqcw1mG,19301
27Owkm4TGlMqb0BqaEt3PW,2256
27plYDXNJSOD084j39Lmlj,670
27T030eWyCQRmDyuvr1kxY,12962
27VJZPUkuCYbgukhoDgFvj,723
27vNK840zYq6IfDijHPsv1,4360
27w1NoOLMX7tJMYqcetPyG,14646
27ze6hCgfr3HcDZAHY60pg,6966
28AyklUmMECPwdfo8NEsV0,21019
28bLlI81wfpcHUSUPgktlx,776
28CxmkDncu1V04LYxfx0eV,1025
28dDyPkw069ypiqC78dhRb,952
28DlNBW2UlEVVgTuCcYtTe,1055
28ExwzUQsvgJooOI0X1mr3,5266
28hJdGN1Awf7u3ifk2lVkg,717
28INUgyzTTRbvSphrJbgZ2,3782
28j8lBWDdDSHSSt5oPlsX2,27921
28Ky95tmlHktB96DBUoB0g,4180
28NFZuZbEm7yzMpv1q1Rb7,920
28pS8WVbFstY0o1SrqCf8I,1436
28V657x2IVJnSW3Srw6Ubd,802
28W9apMi2vgk9O9LnkijIC,688
28yVvEvA2lT3K5RNIhV1Dj,1528
28ztjHIXceRRntmTUfnmUX,920
29aw5YCdIw2FEXYyAJZI8l,546
29ijED2bnnprp2TciAK1aO,3379
29iw18MxnVp5gLozO7e2HE,559
29kkCKKGXheHuoO829FxWK,28415
29lz7gs8edwnnfuXW4FhMl,2646
29M3C4IzWXrztUr4cV2umC,901
29noXXNLw1uvxcnd6PLMkS,532
29oC50T8bu88migNloxhgT,604
29q1axQPERERxUzqufXMqB,1280
29QbBR0oTzA7A0kiOzrbbr,757
29SeiO68HQHBs7pDdWOvvX,3098
29TCgxO6qzQx4O3pjUIMzn,828
29WzbAQtDnBJF09es0uddn,11477
29XOeO6KIWxGthejQqn793,7055
29YJnMJ7MoLKPM04siMnP5,600
29ywwKkxfoH7iWwNY1UezA,14150
30aMh21vdYVIjdVgIgHaqW,787
30b9WulBM8sFuBo17nNq9c,3542
30BDCIM0IdglDaLzvCYd0N,558
30c4TmiDS89MMwdRm3BotX,606
30cKuCL2eREKcQ8NqyXUo7,1477
30DhU7BDmF4PH0JVhu8ZRg,3309
30DZgkaEYdezg2QMrMgrnm,2253
30e8DmahrEamvLbFRPdWmk,22258
30ejUciK31BCg0IVCbt1dW,511
30fa9LT7XVys8DcigD1k9x,523
30fiiwr2EeZp1tAhzYCmyM,3907
30h6MvMZfHQ8yzYCbfHMMT,1213
30HlKUFTsqlFQsPfyv2yuM,974
30MCPVWV1iZrs2gxciRRk4,950
30orN5PtRhj9fN2Myr8HKV,1409
30q5mqJmdYPaKabPMytzvv,929
30QbUq31PEXAT4QFYZyBAM,793
30sqtiTKIb1oDve0SdYayT,1502
30TrHDLNCKQVTYWOn9QqOC,687
30U8fYtiNpeA5KH6H87QUV,1914
30uiS1n3uIGXJEYFR1GVDy,1849
31CtLHmSL7Oa7TPU9YyBEu,615
31DXlldabwPHwu6dYevuzK,1013
31Esw1yHgJZBPcRa4nUyTP,979
31HjiqargV4NAw4GZqUale,13773
31HpswGOiF0Mc2wm11sIoN,2338
31IZdHrCZ5pRhLz4zBxN3o,5619
31jvzuB4ikftPQZJwrYfCF,1335
31lnFZEM6ysvjOx59VyxRE,2044
31TPClRtHm23RisEBtV3X7,121270
31uyAcnY0kjjKKIQZMKX4i,922
31v7ijnAMVL9V7Uzr1sFcI,633
31W5EY0aAly4Qieq6OFu6I,62846
31z9f9AyPawiq0qlBO1M3i,4413
31zQEL3ARiYe63jn3jtM18,595
32aUoW94mJ7xTJI7fG0V1G,4669
32bisvV1h0yF3PeKmWI6sj,1295
32ejcIBfk6cbs473H0LlBE,705
32fNbCzrzfsTbMHjznvm4S,997
32HPpJAhgnGPT3V7UOggzi,580
32HUki1MDatCzJlahnhjqK,698
32Ko3nL0210QAt14S3Rs4Y,2099
32LHRiof0sa4taYew9i3Fa,1852
32lo0J8u6KZJTwBOIBrdYS,1479
32lVGr0fSRGT6okLKHiP68,2396
32lXHXuhXtdA2j3IDXNND4,958
32ogthv0BdaSMPml02X9YB,9389
32r72WOqqRO1DtSznId7Lr,6447
32vWCbZh0xZ4o9gkz4PsEU,11373
32wcuqRxZuBY5HbH1bWa8h,752
32WkQRZEVKSzVAAYqukAEA,43797
32YGQsNtuwyobFFnn8ikpe,1311
32zeX1IoVKAGWMyy1isKUq,1237
32zks9ovi0IExzUd1C7W6o,1027
33bzrYoIWLx5uox3y0VtHn,3357
33C3ByGk9NCrjTIXr6npqf,2943
33EUXrFKGjpUSGacqEHhU4,4101
33k6kPYIS5TgseAc70LZjy,1480
33o00sXuyWiApOFzo0vr0z,2769
33QmoCkSqADuQEtMCysYLh,4280
33ScadVnbm2X8kkUqOkC6Z,40396
33szNKNcVX8x0jl8X7hxHL,2953
33W1pnW9zScZtYTnAoWnOT,14374
33wbkdcxtduHKY53LnI1Hf,4271
33WEbJHirq23bohapH3pI9,616
34ABXKUj0gzq7R8vXjCaNj,530
34bhyY8jfKez7uKakMfy4y,6635
34c4iQ5tkaZKu6Sv28BTde,2573
34C8BychSPwkYdYDmiSWa0,1075
34E3csCxpXunPGEkOVVX2g,532
34EP7KEpOjXcM2TCat1ISk,20411
34FobNhXOS7yulcqBuIy7u,1185
34jw2BbxjoYalTp8cJFCPv,16083
34KgepLllQVW6H6jP2VyGs,759
34LdbFt5sVXKTJOzf1iExQ,749
34me8hAxavRmcDIwhxa3b7,913
34nbQa7Hug9DYkRJpfKNFv,775
34OLInsXImlQpjzmQw9Wd3,939
34PLzyi7CdXUekiLHYyqXq,3645
34QbYbTlUCLkZsQ8QmacV9,1100
34qU0b0yRjEzRJtknerEDS,1293
34UhPkLbtFKRq3nmfFgejG,3035
34v5MVKeQnIo0CWYMbbrPf,7337
34VjmhQP0q93vBQ8eganjB,538
34vLhockmYhf3LgznwyNaQ,3495
34W7ZCX0LZeJd8q6boKGOk,526
34XlPCFfB4vT7P1ekWq9Jc,6022
34Y0ldeyUv7jBvukWOGASO,15157
35C0NSLogAwImm8HAMqEmG,2096
35eyzEgLSSKrGgeXS7qE28,554
35fFUv2850L9CQjjNrLBpb,3805
35GL8Cu2GKTcHzKGi75xl5,3940
35HoDSeQMKnwC1f4sng0eK,589
35kA48fjFobl8mvwr6wIJ0,727
35mDUnsSVfkJpgjIXHsPC5,808
35qLEcmYiuYpOMDuAO8BYh,717
35S20clEkkSNUo23ViaslZ,2302
35sCXuy5gN6Or69rZ9vqBs,7241
35U9lQaRWSQISxQAB94Meo,12540
35ufIa5SJNtsQMIKrQeYfN,514
35Uu85Pq33mK8x1jYqsHY2,3209
35VpsbV6V2NdfTeNZEbKfc,679
35YNL4wwv11ZkmeWWL51y7,1280
36E7oYfz3LLRto6l2WmDcD,1467
36eSjIksD6fehqxyDUHDA3,720
36eTeLNx8ErucrEyRm6JOo,1886
36jaGQtMj5UWD0eO1fCVdD,7622
36kzCQhGfJzrLuZzrHweNV,1316
36pCa1JHc6hlGbfEmLzJQc,1056
36QJpDe2go2KgaRleHCDTp,86745
36TGx7BxtQA4uz6irWnX3T,635
37aR5PqATWZwKvh9nkebho,565
37awA8DFCAnCCL7aqYbDnD,3919
37BiX28I6pF104F92U1hDP,791
37DdwREpvvQHmGLFEZ4h0Q,4042
37eqxl8DyLd5sQN54wYJbE,1033
37fzXndf2fxVrk7qarhyo0,1254
37GUqxafAvAKGMZbXCUnmr,747
37J1PlAkhRK7yrZUtqaUpQ,6111
37jKFfAIHyQolYpr9fu0Eu,544
37mtx80nMDETlbsq2eFCzc,870
37nE9g0LRDhDSIejDuPKPS,562
37NqXwtb6nIEqRt4EJSoIO,3438
37PywjKNsxHji5F9eFODF2,632
37qXWlhfRvpxmIeTKvfw8B,502
37U9sPqTZMd7AKJCWgcvkt,1059
37uLId6Z5ZXCx19vuruvv5,7351
37w38cCSGgKLdayTRjna4W,7077
37W8SKV5Vc8lcGtdyWCA5m,13462
37xeUAohEFPICmvIRw4jil,743
37ZvFp654tY74Z1D2TLOGR,1548
38C3okxv3fyyOIQUVPCdGX,720
38euc5ce2q2MMzaoJcPstz,617
38h03gA85YYPeDPd9ER9rT,7637
38LdIuxB548zgHoEY2AN7a,732
38piJoxdpZ3cBdDpL2CQsh,960
38u18VoGaIwVeSyVoA0eU5,526
38yOUctO9eek9ti5NWMQXm,526
38Z7dMMVB0YYbKn4fDYNz3,667
38zTZcuN7nFvVJ6auhc6V3,3910
39aV9if9R4QuPZxrJsxc9a,615
39dmt5DRpnyJKgz5bc4ZNV,886
39FC9x5PaTNYHp5hwlaY4q,630
39G9Mcs99KhOEtVuthwztS,787
39m45GawtjXnazyVoEGkfb,1822
39mHYiNmLR7p8PXNG8Wll6,572
39NR3AUhpbbqKM33vWn2fp,14441
39oSLGo3HkaeYXzUEGgAGQ,1088
39PhMWg1aAuuZcph0OXGu6,692
39PYJNgoQuBHjE6LEn3ZdE,802
39qcQ01yJQbaMje70kIiFa,781
39R87tT1qaTxHwu5m87USa,1259
39sPWwRyNp4NNMyWzN7I0o,971
39T6qqI0jDtSWWioX8eGJz,21041
39Uhf21aJFjMLus1j0YGT8,1229
39vA9YljbnOApXKniLWBZv,22367
39VNwvlQTqE9SvgPjjnMpc,4021
39x8gyJjTHiBQklFgVJSV4,5319
39x9e2QDpAxK8xTuJDwRqR,1057
39xJyKl2iYCAQywsUk4aWg,820
39xmI59WrIMyyJjSDq6WCu,9047
39ZHUueufhIdbW4yu9uODG,1691
39ZQx0618UYVBgGTDOJ2ds,557
40axc1GOR5BCEmC9QfI4Ej,584
40ELTAg7Kg6vbWnlyx2n9R,4689
40enFxfEXXsEXKOt1vgx0k,772
40FzPNKgu0k9VMvvidiKCl,1180
40giwFcTQtv9ezxW8yqxJU,11815
40HDiLfKm0tXk2FxlJx6aO,789
40JlNF1w2OiSOyj1nC4y0I,938
40JMTpVRUw90SrN4pFA6Mz,1370
40LhqyLxAdaQBBXZ1P8Ga9,616
40LHVA5BTQp9RxHOQ9JPYj,16409
40N10exWtaCVUtBMftQn3t,652
40Ojab0UtVQFjA76qXr8Ot,1060
40ttEBZPhAHbXH6aUg4GkL,539
40tzRHO6w4wROAdb6Sr21l,582
40WIa01eubnEVkxUHeDZyF,1571
40xbWSB4JPdOkRyuTDy1oP,1200
40Yq4vzPs9VNUrIBG5Jr2i,26980
40Zt6u0Ig5vXtrq0htgqvt,2195
41AbNVba2ccpmcc9QtOJE7,3317
41crVXG3GeS8TmyWEaPZVr,1920
41DGOfz7IFMVvf9wKAzeZS,4436
41ekW4MXG59xJMXR8dX1OG,744
41ESHLayJ5sDKjAOv6cMhe,2124
41FEVJCBGidsJwbjq0KfgM,4504
41hhOkoRcm7m4fE0g7t1sa,2630
41it3ogaq2BsdLlZkWTXdO,1058
41JNAYVuPs7zwJbQBQ6tec,1098
41klVmDluQZmGGqoidNfbe,2155
41LfjfTCcTCUdykJqNyFw8,8766
41MozSoPIsD1dJM0CLPjZF,4041
41OAtBkqAXVdMlteKlhrZz,813
41Q0HrwWBtuUkJc7C1Rp6K,17955
41qil2VaGbD194gaEcmmyx,14271
41rVuRHYAiH7ltBTHVR9We,4531
41SQP16hv1TioVYqdckmxT,9474
41y1iPh0WqB7tyGdzyeinZ,576
41yDmxekjnWShKi6nRmzZ4,1629
41yTdTDoHOK9dG7iupSZx4,693
42aeGx2I3uXINpGqC8L0LD,8188
42crL07E4WPfVovyUtMpvC,6983
42FaEHFfyxTdZQ5W28dXnj,672
42IUN9kTPdUdI1kre6L7Wk,2318
42lt7Lr6m3qVIesp9pP4oH,866
42MRYPhQfcEXqb18dl5ERX,843
42N7nSYb8pRmVpBpkLSHVC,656
42Np3r8zXnaKcjLQsQSjyG,2396
42q4Ivs7tAiCZ5C7eG5q4c,3413
42TFhl7WlMRXiNqzSrnzPL,7185
42tlZWSz1V6Rsqds29GcRo,734
42UrF25gDVhovYn4Dd422d,2112
42vg2T0Xg9yPaAgogJzoQH,12968
43c94u7flZbHSdDaUuohqS,513
43cWHunuO7yrP3bwY9Ntrx,979
43HPW60tz4BMYMRnmXMagJ,3217
43JlwunhXm1oqdKyOa2Z9Y,5025
43mhFhQ4JAknA7Ik1bOZuV,13888
43O3c6wewpzPKwVaGEEtBM,12480
43qpnCSCXefs3GzxOrWzdz,1556
43SXnO2N4X024u3l9MfvXD,873
43sZBwHjahUvgbx1WNIkIz,13929
43tAs3kRWvyu1B7eZOv2pp,1220
43X1WUBfHuL1XJYckslH5U,680
43ZHCT0cAZBISjO8DG9PnE,49677
44CB1c0W2h1XR2vB7AKpa7,566
44cEDUhrf8SHUvGx5iE6O8,710
44drVL4jbdo6T6llD5cMgx,715
44ejFPE33H5aOInxNV2BFP,1298
44Ewva5aHOX00EwaX2D2mh,1837
44FVyueHCLAMyJPnvCqqwM,2422
44gRHbEm4Uqa0ykW0rDTNk,3881
44insiIQApkRaCMIbuaISJ,1046
44IrkCeUJWsHJP6fznpO3q,916
44LPOpECjnIlnwH91wo2ir,21886
44M8i4BCwuBbmcQWwMaOfH,1457
44mzV1KxYq8i2S4LHZxQAp,989
44NX2ffIYHr6D4n7RaZF7A,44350
44PA0rCQXikgOWbfY7Fq7m,12150
44TGR1CzjKBxSHsSEy7bi9,3404
44WCHvwXBOMz6nm7Mu2ReO,1552
45a6gCQWq61lIUDmr1tKuO,1797
45eNHdiiabvmbp4erw26rg,16218
45h71dCVZaNAqP3YwQH6ER,521
45HXIkMqrQerbaPuw6FgKD,855
45hYH27gg84NeDsSE88ThD,1108
45hYVfD7CFus8HDkcFnUvH,594
45lorWzrKLxfKlWpV7r9CN,7730
45ONJC5hPh0WF60N3n3U3n,522
45q5PZHs50HeLBDRgio4GQ,1600
45QpZznbXYo3nWy0TIhvgv,947
45rAZqRt5nUUMatQzk8qJu,953
45S8rtgQSxj1a0tzCNhSeD,1186
45sqz0r32KGuaur2QMd9iS,550
45VGByxe5GLUyX1XQlcC8I,1207
45vs9Drn5QbWAQ4Kff6ofh,508
45YbCFM0an4hsEXMdQ4k3b,2331
45yEuthJ9yq1rNXAOpBnqM,823
46aNfN89JrOQTCy97GoCHa,797
46CCmeVLrgc6MnyVpVMOzp,958
46Ce0QmI1mE2bl5VQ4P9N8,1005
46CH1Gp8l8QVly8bpG9JFG,3142
46CitWgnWrvF9t70C2p1Me,21857
46CuxapoPjUfIOiXdNq7qM,1841
46GXASE9LHzyssNqKOInUu,10355
46gyXjRIvN1NL1eCB8GBxo,42281
46lnlnlU0dXTDpoAUmH6Qx,8011
46MmlFKM8ivDsUnGOejvSM,944
46njgd2Rq9tZc4ZjeQMgbh,2525
46SHBwWsqBkxI7EeeBEQG7,119351
46uJrEeqP88sYlHFqaGPid,920
46UxF4P7x9FUigK1O2sSsV,1275
46VWDbmWmzvPBTmkSr25gM,1655
46WT0eTBzCslHoVsLahvfE,588
46yt6WJsgzPiAtnCe809UV,1454
47BEc2RoW53owMyxacXWdV,633
47bGK00zHXcGlUWfrE0dvi,747
47blM5Op3BJODxUJImwdYE,994
47bVt95bvBMpmJFWoyhH0C,3190
47DQBkDU2VieRG0aJUcPJs,715
47hkgwnnlluE8suPZiPclc,1149
47izDDvtOxxz3FzHYuUptd,885
47mIJdHORyRerp4os813jD,2205
47opbYEKDjXnRk9uLscp11,2729
47V6nyjOrUR98qv6gkYssI,708
47z7ZrgFoBvVpCnElCE3Zh,29034
47Z8LEl3LnQkcpva0xSthT,2009
47zz7sob9NUcODy0BTDvKx,11312
48AVv3cw03WdSB5b4qmNCr,941
48C2RLG6w7o4jAJjCJKZM8,914
48gLPvXooUzznfTU3uEwXB,1149
48jeM9IfFZT9LpKKkN076l,756
48nwxUvPJZkm8uPa7xMzmj,1081
48PAAxWdIDbA4WHkHjgsEv,2749
48q2mPVwlKnlSaCx07i6Ta,5105
48sLioddyaXkuhyHXSkpsB,2681
48ubKBTTmlA82dffZ223In,1639
48vDIufGC8ujPuBiTxY8dm,1857
48YxSlb23RAaCd4RyHcV9V,1309
48zixAu4wMDZwpVbOenDU7,1093
48zUWAXpgEXfpttz23pCNQ,683
49aaHxvAJ0tCh0F15OnwIl,515
49AG5IHkJj7M5faSOVGVAW,2612
49bzE5vRBRIota4qeHtQM8,32162
49DW3KvkyjHO35mK1JnSyS,2114
49e4v89VmlDcFCMyDv9wQ9,26405
49EE6lVLgU8sp7dFgPshgM,5433
49FeZO3eSrJs7oH7lYLU1r,1456
49gaZqfow2v8EEQmjGyEIw,1913
49IjdVEbQcukWy36sdRMzl,554
49iKbKGqgn8OESkW5WduX0,1575
49jnSQa0nLfgkSREjJ03Az,598
49mHZzhcsoQB1JXWv8Q9gU,6098
49pQfWTLlSww8C7K7unpUC,814
49qiE8dj4JuNdpYGRPdKbF,8757
49RRjdOtssOA73G9NnVeUM,2091
49tQo2QULno7gxHutgccqF,28796
49vCIUW46QY3L5vo1xVFoy,2153
49YSRCrqrCXmNd7nHy4r4j,2386
49z6oAiD2RpyUf5yLJs7Nf,3550
49Z1AvGeUaBSanPaOmplK6,851
49zXTngyUTielHTbbH5YKs,610
49zZ2lRNpfwWfUnASUxCYW,827
50bY8HGxT0SuDgJX3AilTT,818
50co4Is1HCEo8bhOyUWKpn,117248
50DI0MpQBOtBO0PFtKVQRx,879
50hFWG3MaUUX5phNrrVc97,2461
50JJSqHUf2RQ9xsHs0KMHg,60067
50lhyY7UVI9NyVHl79rVgk,1130
50NoVNy9GU1lCrDV8iGpyu,5776
50OApTJurDusIo9dGTqSU4,8984
50VoYemccTaftNfFqWtlXd,1391
50zhmSD9wi3LHamXKx8A2W,553
51Blml2LZPmy7TTiAg47vQ,40815
51cLPvmhBdl3qTsZCL32Yl,3364
51d3rUlLuMh7EW09aMe7yj,3538
51J0q8S7W3kIEYHQi3EPqk,3081
51K48NCxjB11t9eqUWWoIq,531
51l0uqRxGaczYr4271pVIC,8049
51lE580QM13Anmb3mK2j1e,1714
51mDLET3uU71KUA2OkDvFm,953
51Pn4gGnZuyOMDfIT1Zy3N,4923
51V0E9ipJyIj7yFDkaLx96,4391
51xJF4OqJPHWop1fv0VVyd,2449
51YACffgZvQwjs8J4ZVDQF,564
52BKc9OtCbQstAAPTIvLGH,706
52E3dmrC8tdwOC9PUUNCg6,596
52K4ArhA4OgMO7AsyEgqCT,1621
52lBOxCxbJg0ttXEW9CQpW,5176
52lUXCmpmAIVsgNd1uADOy,1898
52MFUXZatn0KsT2bdPQI2a,892
52mkFCABBeP3KjkWFA4M2H,587
52NOvMXEjgf8MQl0qop2dl,871
52oVYHQ99ORZzeig2YGo4R,4526
52qKfVcIV4GS8A8Vay2xtt,2171
52ue4x5xVjLx4cw2HEXMhi,577
52uMkSFt2RVO6XxTEt5VeW,837
53A0W3U0s8diEn9RhXQhVz,12804
53AfsMeg6Tr5kAejn7pON6,593
53CQUfjaBNRwV2nFro1nac,965
53cQZtWDwDJwVCNZlfJ6Qk,3216
53eTH57OzNJCKOohjcWMoB,1544
53Gnd3lGlcL8ua9Yyu9xDP,10030
53ixqKNKVTgtSx3m3DGMA2,942
53KTldaJ8tHSkYU3nigfwP,3720
53KwLdlmrlCelAZMaLVZqU,19770
53M4Iv2RkzzxFFvW2B1jhC,8791
53pmIwVqcTM68qW6PVhjW2,900
53QzNeFpzAaXYnrDBbDrIp,17727
53RkHTcl0SJZjpzqogkBf4,1670
53RsXctnNmj9oKXvcbvzI2,1133
53UXMZxwzQyV4j7tZaVF58,799
53VAKbI2fXRs1PwG6DVToP,714
53w2XJb5gOntC0zBRCDmYd,1169
53wZLCnhshZKDRs3uopFBc,3269
53XhwfbYqKCa1cC15pYq2q,167940
53YSn9tHwGJ6bq5P0gGoYo,2098
53Z2RNY4OYJ0Galu6AWzxF,1021
54Bjxn26WsjfslQbNVtSCm,1222
54gWVQFHf8IIqbjxAoOarN,1217
54HicbsQOHeibnnFCMtLwl,507
54jZWpivOTllo1afYNSx5U,761
54KCNI7URCrG6yjQK3Ukow,609
54KTsBl98buzGkELjGlnuU,3165
54kWB5z9SbenPFQXtBDUBK,1846
54l5FjSx6OSPe2Qv9g4LjQ,866
54NqjhP2rT524Mi2GicG4K,822
54QA4zjZDOyaLN8bVthBjP,681
54QMjE4toDfiCryzYWCpXX,4807
54R6Y0I7jGUCveDTtI21nb,1780
54SHZF2YS3W87xuJKSvOVf,4853
54Vv2rSUtn5oPa6cPZau0i,613
54xBWCXYw0pydXBknIdiC6,637
55Aa2cqylxrFIXC767Z865,176657
55b0Gfm53udtGBs8mmNXrH,746
55B5kzhfoMa2hjIW3B5LPt,3359
55BFQS36sJYz2B0ClypIvS,1229
55fhWPvDiMpLnE4ZzNXZyW,13981
55LHFEtIplWhsfyWZUwkf4,5128
55Pp4Ns5VfTSFsBraW7MQy,2875
55qiaow2sDYtjqu1mwRua6,5445
55RI2GNCfyXr0f14uIdhwd,4360
55SUpsj027epu8yi663EKZ,731
55TH3aMMK1u2VsR8DPGC6D,1102
55tif8708yyDQlSjh3Trdu,7031
55vs7NT1KxcFjbMC4y202E,15727
55VydwMyCuGcavwPuhutPL,11149
55yEsJBqyn27JPsw5hHzqi,629
56dO9zeHKuU5Gvfc2kxHNw,13321
56E5XajgEQr7pQNK4C10RF,2057
56j1OkSq0AMCgZGKVNc8GP,846
56oDRnqbIiwx4mymNEv7dS,3221
56OMwqr8qaLIRH4ZrvvdXq,2143
56P8qdYp640M24wkk9eTfc,940
56tbeL5xhBPxby544GuK3E,5731
56UIK6wmbbxuQ6VA20vrWD,712
56vrlN1x6FhGq0FVZAWJHr,785
56x8mYvS3cyDGAi8N2FxbB,20922
56ZTgzPBDge0OvCGgMO3OY,20095
57AKOY1SF1062tuVzgAPv8,1256
57ALvbCBaCkNlgTOSiUPdT,2040
57anmI1X2hXWPrNagFdzZr,2895
57BliIwnAIqKeI4dbAWwaU,681
57bUPid8xztkieZfS7OlEV,16692
57cuW31G8gconw4l9iqOty,577
57DlMWmbVIf2ssJ8QBpBau,4072
57dN52uHvrHOxijzpIgu3E,10854
57G7MG8kyc16ncjh62gqO2,543
57j4P8xLdocRo4pr8my0ow,1016
57kIMCLPgkzQlXjblX7XXP,5845
57MtJQ6Sc4tIxrXIhrqVJL,7263
57okaLdCtv3nVBSn5otJkp,726
57pVvBwa3ZCR9LsVlkLXj7,699
57swDg4BNcQS73YIJCchnf,623
57UnSUpae3SbRekxNa5Kgl,690
57vWImR43h4CaDao012Ofp,2017
57WHJIHrjOE3iAxpihhMnp,6068
57xdnSVt4ahJCIXYLieQ25,2196
57YJQe0ayvIaRZJ3PW5nFP,889
57ylwQTnFnIhJh4nu4rxCs,2366
57ZPJfidpxGJGkyjcmz68v,1135
58AqJv0sDFPFnnBcLT8eeX,1192
58bPSgeKpyyFlJ9LatULIO,588
58Dx4HPzeOO3dbpD9YYEes,2728
58etTNn7xmsQZhjnfjpAXL,571
58lV9VcRSjABbAbfWS6skp,52092
58MLl9nC29IXbE4nEtuoP2,11706
58nB2Z6IiDdTUTwHYw56xI,1045
58PGErqpV9jX7sXz5wmV6o,651
58QP6z41dSgPjoiJkIjCcL,746
58R5LHkK3vkmEyGUPOR5kS,8219
58UPAlQ4MRWEDLhfdP4VcN,882
58UpHBCQ1Jj67DJsR7Qyqg,750
58XGUNsRNu3cVOIOYk5chx,2061
58xmt13Xf7RsThzGOM1aKh,1146
59cc2f0IvGu6YVEtY4cS0p,553
59hLmB5DrdihCYtNeFeW1U,4055
59hMeIYY3k3NoX54rrVGPv,1777
59KX7XUUgAOOo5IyDjca0T,823
59mjRp0i1B8oWSSMmGWJlJ,4329
59NO6KX7wQCG7jGdtH1NtL,2369
59oA5WbbQvomJz2BuRG071,5603
59PMoeYMK4U67YYzVWZGoi,7252
59pWgeY26Q6yJy37QvJflh,6328
59QxeZBL6k9L4oJBGSyukd,8128
59sBwR0jPSTrbMtuTkRPN5,935
59sVmFy9oSaELdp9oX8YoM,1705
59T0qdTmDGZ1g0slfSbPfy,904
59wfkuBoNyhDMQGCljbUbA,17709
59xlizZFIFUvLC0I8iV2Jv,3402
60aBgW2uAx0DWjANS99500,737
60b7IDlGflg5lgyfEGf9yB,580
60B23TrXjMKuy9qKkjnYXI,577
60ciIY5MouLc2Y9n34DJdA,1999
60d24wfXkVzDSfLS6hyCjZ,67755
60df5JBRRPcnSpsIMxxwQm,28846
60ELFqAhwT7jwRKJV6Rgfx,973
60eT7q88iLWKnuSXed1AGr,1885
60gmlHZmT16wiO9GiXKYK9,8689
60ht0hWRy1yjUDfNsLuHuP,1276
60J5TDNg9Xxp9zxDXpBOjM,809
60Jys4EElM1SuCQbZ63XRm,1106
60mqEPQp1eNjuwt1Z4yL4J,518
60nua3AsVSfADZtg5Hdz3W,572
60oY0lmnOyCS2ElXAKCNrR,623
60R4M19QBXvs0gO4IL6CpS,1185
60rNO7ymhlxcYxrdkDYq1k,593
60rpJ9SgigSd16DOAG7GSa,2010
60TYV12IFUaDfnUA0S67zb,1222
60uh2KYYSCqAgJNxcU4DA0,3448
60wslYioiBcxSTInM4nIy2,2573
61awhbNK16ku1uQyXRsQj5,1231
61fqRzZ9aHyPeTdUIqEEFx,3573
61if35zz1W11GejEkxTLEQ,665
61ipISvUVa5LkJlKZnm3Oo,1388
61J0BktHv7PuP3tjTPYXSX,1685
61JrslREXq98hurYL2hYoc,1556
61lyPtntblHJvA7FMMhi7E,15159
61qMnYXa1GxSBoV3IiYKjZ,2294
61UT1Zj9dFgPAjZfwnsqsb,2291
61VpPyyJn2bitby8tbafzT,889
61XyQHQKfzbzgTmtbiVOR3,1028
61YE3whKiuRr83j1yOm5M7,6393
61zv3hX7l838ZyhaDyAx8S,541
62BcWP4fzR8axESibNQEhs,2151
62DmErcU7dqZbJaDqwsqzR,3836
62GnBjssWSXBlKvQohT2Bk,3505
62GWNzUZe8ZuGcQnV7uBjg,629
62Jfwxon19ZOT9eSL6bvtY,3420
62k5LKMhymqlDNo2DWOvvv,1186
62olK5zZHSgFUXGDykgBL8,730
62pBNClOEZJEyRXrzC2CtI,2557
62rW7FjQy7clhBDHuumg22,1055
62sC6lUEWRjbFqXpMmOk4G,1602
62sPt3fswraiEPnKQpAbdE,5783
62TD7509VQIxUe4WpwO0s3,1361
62TFj06qes00QmQuKmK7c2,1921
63aFY9yQyFDJtGkInMUris,1397
63aP18bg2ABSOqSNQcAMNy,912
63bCkf4n15jiKjHhLV7kSZ,14772
63knPlGzLHTNDf1J78Fvte,3730
63MQldklfxkjYDoUE4Tppz,42648
63n3HC0AhdmSZoE6LZ9azp,533
63rJq5DaUMq2OhAnh3al79,1077
63SMaRPrZIawgJdx2zzMuD,1519
63t3EqMeymxd4CM85RqsCd,2880
63wjoROpeh5f11Qm93UiJ1,15100
63wuCrH81ymHqsThY7EwOt,1002
63yrD80RY3RNEM2YDpUpO8,46201
64aJYyrXljOodnUG6jvhRD,1117
64CuUOOirKmdAYLQSfaOyr,3277
64g59lHsc4g2jMFokrKDGW,4702
64KEffDW9EtZ1y2vBYgq8T,35287
64kJmYlYPeykl8UgCGLbFp,599
64l9cD8tQscYZCGRLlNm3f,575
64LCTpIu9Iji2EPaxxPpxF,858
64M6ah0SkkRsnPGtGiRAbb,26405
64MoApwh8MFMHUarm13lrv,825
64MoFdq8ORI3V98AR5SPWL,1476
64mPnRMMeudAet0E62ypkx,3050
64N1HzkQEXvjlJBQinWeu2,4271
64NYWpxh4HgzMb1SwCCjMw,586
64ovxBmjJ9ZDqkzEXVWpVc,877
64P6kZ20gN4cXQsZCYhoe2,697
64PJHZDQTPPVBCdwnv22Wz,2574
64rxQRJsLgZwHHyWKB8fiF,4915
64sJUOKAnROFdxjvpGxvl5,574
64tNsm6TnZe2zpcMVMOoHL,18110
64tVHZVSAZhDEiOJxnb6hE,943
64vw6q9ZBTop3Tf2ol1x4U,509
64xvudklMEbVYMBocLyHSn,1542
65c0gzsw9JsPUxm09QPjQj,1205
65c5si0ePAwkOCn4M35Ho7,1728
65C6Unk7nhg2aCnVuAPMo8,1576
65dGLGjkw3UbddUg2GKQoZ,3476
65eKzckWWGA123QUyi2Qo3,737
65ewrL6LvcNGMMRVlksNGS,1653
65EXuYHVoehCKqp0kOS6px,7824
65HuWBUC1d8ty1q6J42Nfi,4659
65LA35JpOX1dO8AXZeH9LU,2525
65NrBzD3Jnf1iqbDjuUYjD,586
65NvBV0QogJroXpNLUTJyX,1565
65o6y7GtoXzchyiJB3r9Ur,4294
65OtBLtkrifQrdTlKI90IR,4444
65rDIPdQD7ijLSOq32cMXo,715
65XA3lk0aG9XejO8y37jjD,3371
66CXWjxzNUsdJxJ2JdwvnR,142115
66Fb5gJ9SX2WGlqDLUpjux,2475
66lH4jAE7pqPlOlzUKbwA0,37036
66mvEj9XSF89tUj87Y3HDu,703
66NweiA3nU84k1S3SZdTSG,1132
66oKiXdIQP7MwN0gPUY0FD,1877
66QeIFuFJDNCImNHlFzrY1,802
66riGCPfih1Xqk81dDvpvf,740
66riSKDVOc3vPkeyju0q0o,740
66ScZxprvrMbCtN4ivA0JX,801
66TrUkUZ3RM29dqeDQRgyA,9921
66uU7VPJQ8eC06LAZyqYYk,1476
66wxdAaC0UG5y6I080pwwP,753
67BqBdApdbZ0onglFqRoTg,540
67CqEIMpWuNb6MnpTKjlFv,1268
67Dg546QfThu4PuanvFD8y,2502
67ea9eGLXYMsO2eYQRui3w,34764
67ei8ib6PLT1w3OkhIb4fB,2506
67FFKYikvTlvsPNk4NPOYJ,2014
67hb7towEyKvt5Z8Bx306c,30953
67lytN32YpUxiSeWlKfHJ3,3713
67nwj3Y5sZQLl72VNUHEYE,54473
67OFzndMlzj7cDF2BqnwYe,1048
67oiK9STe75g3hNiUFyaRo,1295
67PZTxaHKMZBFRUh8wIzCy,608
67qogtRNI0GjUr8PlaG6Zh,11899
67RHRuSjSkZEqk4BOlg1mz,611
67tgMwUfnmqzYsNAtnP6YJ,2538
67tNmCzk9teeC1h8FgmqJA,711
67tSTaaEena434STFKeMJJ,1414
67Zm35qXdPzYfl1c3M0toJ,507
67zR9a98QqWJwpO7wBrGog,645
68abRTdO4meYReMWHvBYb0,10291
68bqsIINo5RFICYwbkChbb,885
68DWke2VjdDmA75aJX5C57,12494
68EB3QvNdVLkC7SAgDbHIR,6220
68g1s6VqLLLBI3tXR0Bb7C,1549
68h2f0WXn4zEctSgNYozXx,2960
68kACMx6A3D2BYiO056MeQ,3245
68kEuyFKyqrdQQLLsmiatm,22118
68l2i6GeNtwQlhKS59u5bu,967
68P0lbYKfLsnasDNDgA3sQ,844
68rvMwPL0yMbYR5cv0pzCR,811
68tKVjVvcqUfKFFLr2j0Ek,2296
68Uwx1d3EbjDJhYsLjqvIq,2005
68xcbQiyjcmPsgRChCm2wj,530
68xuC1qXRhCUvGd4SSM655,883
68Yelg8HOZqYn4EjOnXsZy,1231
69baNgo5tsg1RjBgotRbEj,769
69BUYvpG9MbjCyIZfsFdhJ,882
69BX3Y0Y9rzA039eZX2hdx,1483
69cjjIQEN8M6heOBT2SqZE,1618
69Etpls5a2aATUkB6NInTY,1820
69Fk1s1lzINOKqoSWjjEiE,1486
69Fy7EM9qAFPdKSKLFU66b,938
69GGBxA162lTqCwzJG5jLp,223509
69IPe8IdY8UuUkbTA47qUn,1509
69k2JfIQxMpBbc1wtmHWZY,534
69k6uTSZMPLpSnhmLCiKxQ,504
69LsPQEcmyMBXbdMKWT6Yq,1347
69lxxQvsfAIoQbB20bEPFC,3865
69MEO1AADKg1IZrq2XLzo5,13667
69Mj3u4FTUrpyeGNSIaU6F,7283
69NJDQCAGapYsKD2JuqQk5,988
69NjH5MsRLr0CX0zSlGmN3,1025
69tiO1fG8VWduDl3ji2qhI,906
69UypehHabb68utzfjAVlV,776
69VgCcXFV59QuQWEXSTxfK,549
69VkQLf4DH7GJ68BCDOPKL,1909
69wzuykaVXlRS5KVygESvd,862
70B80Lwx2sxti0M1Ng9e8K,1105
70BYFdaZbEKbeauJ670ysI,33776
70cRZdQywnSFp9pnc2WTCE,35113
70eNABm9r2VXOGYW4r209H,5359
70gP6Ry4Uo0Yx6uzPIdaiJ,6923
70kkdajctXSbqSMJbQO424,14473
70nxnxEqDQIEWneRjg2Q4O,1289
70Os9JWahNiD6PHPi85v0g,510
70UZ254VvtSUmrfqPOkUQZ,522
70YdZdpRWH0JNQc8ABCiAU,756
70zHrrrPfBkVV44AEhFyyh,2876
70zLeNeu4AAUaQ14AC4P8J,523
70ZTdbPEcEugBNay4MvxfL,3475
71aKjsWKYqASAffyIQaocZ,564
71h7GTahhKcSkQ1ayhTvOD,4372
71jzN72g8qWMCMkWC5p1Z0,13325
71L1Q7gkwA3lFldMfBuDSA,1506
71lGEtP9qYXDsSXjfexTqO,1742
71Mm7PHNOerxK5GkaT9ACY,880
71Ur25Abq58vksqJINpGdx,1029
71VUVLmoTKKYfIugkavMeS,719
71WhWdsVNTLxsnfe8M3Peh,1123
71wy5iisVKXLZgoPxdFi8A,2062
71xyNRriYGwY6F3da8OHLp,896
71zBpZsf6YDEBfWayKdAOA,4856
72eP0W3rIhkxd0NHGg4w4u,1505
72iCiKwu6nu6Qq9emIwzYv,907
72JEwd3EjDEwTLypkFYJn9,1166
72KyoXzp0NOQij6OcmZUxk,1234
72l4JMzMRss4Ib9TR4RgLh,659
72luDUYRlE8N8lPSgyhiwo,629
72Nhcx7prNk2ZCxhx0Y5es,9405
72OaDtakiy6yFqkt4TsiFt,7450
72PnPUc1qv9UjRPaGVZ1jq,843
72qxDp6R6v22pai96pZioz,1511
72R3RMGmSmzG57R7OUaDaN,2355
72rsQfzxNVLPpbzQzXVJSc,1322
72RvmgEg2omdlMV9aExO6a,2431
72T7x96EAqN2UWvAgobYfv,2017
72tRiBHei5G9M8it4h4sfC,3089
72VzFto8DYvKHocaHYNWSi,3866
72X6FHxaShda0XeQw3vbeF,1916
72XY3HrDdFfZXNZFCT9Zh1,4029
72y3ZI95ctkQC2O4mjBaU3,3361
73a6pNH4YtLNgDbPQwXveo,1597
73c2MjCAFNyKYIs7nBlqG2,578
73e7mIMB4TvYKvNuXu2XxR,531
73hSbuO7zeiAnHpkyhQN5P,587
73IRHBhotETMmgvRCEyTCS,529
73jBynjsVtofjRpdpRAJGk,12574
73JEBdDEFeVaOLg3y0HhBD,2019
73ncl3RMnT90eLFhZdO2WU,506
73Np75Wv2tju61Eo9Zw4IR,14016
73r6cgVUoNL47qnJAF0Ihw,764
73sIBHcqh3Z3NyqHKZ7FOL,159872
73sSFVlM6pkweLXE8qw1OS,1294
73tITL3u5T35u309PLpN6K,540
73ZPfpfg1LBVvDEArK4l5B,1971
73zx64RsUoERRD2dPhdCEy,792
74aLweE8FHHf4yN5TWv1GM,1476
74ASZWbe4lXaubB36ztrGX,40185
74AUP6Y3N7vo7s043wFa0m,553
74cb3MG0x0BOnYNW1uXYnM,82813
74D1UgRzMhTSPz698exXmR,1305
74dMZMvy8P27oPqnprnvBb,9061
74eX4C98E4FCrAMl39qRsJ,16216
74fkl73HDlCXw0l6cemB89,3374
74gcBzlQza1bSfob90yRhR,24821
74Hj7BmnUXyx2udrIEIKwX,857
74IEeKcuS34kF2TjOigXra,4104
74IIqlVQQmvf04EHOI6yKh,551
74jFP3mGfKxy6rvjiUc2o3,728
74KM79TiuVKeVCqs8QtB0B,12343
74l5kLfO33c4T39eAROuEL,985
74lTWE4DqbFU3Vn8z4uH72,937
74oJ4qxwOZvX6oSsu1DGnw,12773
74xeHqz5Ap8ZHq69TkxI0r,673
74xFFXkvOq9dPDigOWTHiX,945
74XFHRwlV6OrjEM0A2NCMF,59680
75caxjvX9NfZ9yZk5HbqEp,512
75cW8FFekyCjj0mfZM1Gfb,1294
75CziSb5bEWIj1m8TdMwYy,1091
75dQReiBOHN37fQgWQrIAJ,21230
75dqW38mCNfvNv9G3nqIE5,542
75EZuo5MHV2572NRpMWotC,4831
75fIuwXxhZ1atNzWLMrgF0,1423
75FnCoo4FBxH5K1Rrx0k5A,15465
75idpsM55NDCel7H06QwKO,1976
75Kh0eqgzo9f43Dan1JzSV,1505
75klPfIVnyYcyEGaicRUSF,595
75L9s8KVrhCNtBUkZFnDFW,1695
75nC6MXUalYZSOd7OfNkwq,1183
75sB8pfxoJHfFPWY6fOyp9,2267
75U40yZLLPglFgXbDVnmVs,1262
76agLI5oSCFbmZnBqKcBJd,547
76bAuLD5jMIT1YDJ84KB8l,1001
76dDIM8amCY58U3uvr1Rw1,735
76fO70b6BK2xt3UVOe4BIZ,811
76GWaBetiXXBUtoPm46qif,659
76JyRfZDqhAIow2Awv91iW,686
76KHdORVQMt7L6nVzvOUph,837
76M2Ekj8bG8W7X2nbx2CpF,3440
76PJKS3IQsf4sSayx2taE0,1856
76QHVIjgqlkWB9LNGliman,1785
76RrKpsvOmSKG8CIjROdSG,4269
76SlrtEaq2oViRXulxjfuM,2186
76sXjAhV0Hc3Pdb6bH3waC,746
76YIoWHp3Ri3q1ocOPtFzp,1863
77AiFEVeAVj2ORpC85QVJs,38663
77AKJs9SJqxHXbPgtJPKRa,889
77avA3qzF6itxvXlb2mmNy,1255
77BznF1Dr1k5KyEZ6Nn3jB,2908
77Gf2HJPvVREGVNEV8goPZ,781
77GSkIzDaduRlIbNjlvefc,897
77GVmrLGuxNEvj2ibvT62v,871
77HU1Zb1VDIFvWKteJii0E,5544
77IKXFvO7SpWrq8hflrUXc,11592
77IURH5NC56Jn09QHi76is,10053
77JuhnpOBW0tatc1nJg6qB,841
77kULmXAQ6vWer7IIHdGzI,1419
77mJc3M7ZT5oOVM7gNdXim,615
77OlE8SkEHDkJczfswzDFo,566
77QnX4drw9YkyFA0iUWtFq,985
77SW9BnxLY8rJ0RciFqkHh,56279
77t00lrU1uk65snqAdoPnt,3103
77tBvvyd6SD4Y9Um1xcbxP,1050
77tT1kLj6mCWtFNqiOmP9H,46734
77YbJ4a9IlKX18ck6qoot1,1280
77yY2QmM6bYvjJ3y5L2R0v,881
77zgRkcehIGCAtROXkXkb3,762
77zrvBORXcnTyysjjKRfBU,516
77ZUbcdoU5KCPHNUl8bgQy,1851
78CiW0UJbHspFaVuVexOK6,598
78DWNk8gFHU30TGITAgbM7,547
78inRkIIF0n9R9I2HPoWP7,2998
78LOZfmCBpTxTkuqxkLWB6,514
78OAtwN3XpjMcjibnF2Kw5,2419
78OKNrjc3BvniYTqvpOp6P,1165
78SHxLdtysAXgywQ4vE0Oa,11749
78u1jLVBjPSXQVmHBV43yG,1869
78u2puZeKJRYIfNHkx2Jdh,527
78xSB1R1x8T6o0QuRaodez,2192
78xUyw6FkVZrRAtziFdtdu,13682
78YqeIji3mgAS2K1Maca6x,10175
78ZdtwvDD5zTElro6EGkcU,684
79A0IUxQD9skV7LVjPq53s,502
79bxUQsBIXO8nVLB9fYKf7,798
79D4dipwR6scV8AN3dm7gW,2333
79DOwuMzV2h4es3em0t002,589
79el7mcHYhXYW3Zek21i0L,1236
79ffq2PHS5TDmgnHhAyudW,2284
79FMDwzZQxHgSkIYBl3ODU,12716
79hrYiudVcFyyxyJW0ipTy,16524
79JJCxCCfJ8HufX6w8q2k4,4116
79kOOyVKcrCOKDnzcDHsia,600
79uCun3N91BDTFBVTfxwz6,920
79Xp2rRN7wdsaTJgttdX3K,7474
100sLnojEpcadRx4edEBA6,11731
105Paee9vmV5rfLSG652e1,1546
108moq3rq6bm1M4Ypz0J02,7335
108ugtkRFQzP9nGgNiyERO,7905
109FvbnDVNag1UcJDVpFlr,2747
126FigDBtqwS2YsOYMTPQe,4057
134GdR5tUtxJrf8cpsfpyY,3066
137W8MRPWKqSmrBGDBFSop,145689
147jymD5t0TCXW0DbaXry0,834
151BUVKmiB9rHDjIkgbeVE,692
159qqlGwzE04xyqpfAwRLo,5016
161AC1AVRkIGIMxyj5djFQ,1162
162DCkd8aDKwvjBb74Gu8b,641
163OfTopSs5dr4iVSizkvu,503
163tK9Wjr9P9DmM0AVK7lm,88881
165ZgPlLkK7bf5bDoFc6Sb,17241
166Dz1GX3xonSQ3Z6CQW26,1753
168dgYui7ExaU612eooDF1,17947
174ThXFgQg2VCq9r3m8ceb,508
174Ulx4WshPtPMig4uyXIK,747
179BpmLkQCRIoU68Co80f5,9658
185m2EJWTIm36MdqguiU8T,561
187xgSpsFH8mMbAcoCW0zE,1407
188VINPQh5dyNfLUkevKqf,4789
195hFqaTDENqLCcG8uGtM7,1835
196lKsA13K3keVXMDFK66q,34106
198g5ZZS90C4PnJ7E1dVjA,877
204c5kep4L9kpSktmP03VT,558
205i7E8fNVfojowcQSfK9m,717
210hjvKOh716ZO4ErE3x22,509
212qpUZkM5Pj9TsyHjOUEX,596
218kRJZ7FJs0hWIk8Ynzhz,764
223iUzG0kb5V166FJP9ovD,597
235ZVf4thM2FFfyE4ACwB3,869
238y1dKPtMeFEpX3Y6H1Vr,3211
239Y6QdFqVFfdsw6moqSEN,1631
240wlM8vDrf6S4zCyzGj2W,522
242iqFnwNhlidVBMI9GYKp,3444
244fcyNSuyhbRlMGfMbYrO,546
244uLu9lkdw39BJwlul3k8,1088
246dkjvS1zLTtiykXe5h60,195907
247AfC9pLuqwgpH8Mo96oA,1704
251UrhgNbMr15NLzQ2KyKq,3005
263Gr9lGWR6ScnRGjxa3Ad,741
264nbMzGPSkDZqTY8nXwCG,1755
266SmBZTt4zRzaKEANWbfQ,1636
267VY6GX5LyU5c9M85ECZQ,1966
272ygo5fv9cYsiCLcV0HV2,1615
274Y6HvCIUkt5pi7jPWRke,515
276kc3wR6o0EgYCSMiHBqz,712
278ZYwGhdK6QTzE3MFePnP,3671
284mnx33IWcymQEpMxyfHl,915
292sg99iIOc93zcd30r4Oz,981
293zczrfYafIItmnmM3coR,13501
296LotOmbj7eOX7r9l46fK,3547
306JHpIRGVaQd6OltnOzUO,5332
312pFk2xpEwYWLGPehc4Nu,666
319rafipfKvd4cqaOwWIvA,725
319yZVtYM9MBGqmSQnMyY6,6463
320EPCSEezHt1rtbfwH6Ck,8162
320TrJub4arztwXRm7kqVO,3594
329e4yvIujISKGKz1BZZbO,18543
331QVEZKK1yz5KhYiR2pBj,1908
336vr2M3Va0FjyvB55lJEd,11258
339XMxg3AyRbEfeIAlxB2c,859
341CfLcUdaBGixB8IJjYwW,659
355SqtHY4qKt2wIXrWku0c,2427
356c8AN5YWKvz86B4Sb1yf,1060
356FCJoyYWyzONni54Dgrv,1931
359LKbZWLk6u3IpyNE2CQG,623
360IAlyVv4PCEVjgyMZrxK,58456
364ovD0MRp9ezaNTkRoLeA,2266
369HZiH3Vu6BiRHW9d7MXd,553
374sWpAJsbZckf98df2jJJ,551
375zxMmh2cSgUzFFnva0O7,1316
378dH6EszOLFShpRzAQkVM,15508
380fnmlGnkyueBMqGWx2k5,731
382aq8Pij5V2nE2JMHMoxl,31502
389zc5Rwe0MPcE6mSF4AjC,596
390x0qxDdsMmN20RAwspbf,1024
391oLRVmoTkumiN79HkTWu,2886
396Kh0m4wGUvcMUULw71yi,4967
415JrPfN7ukaTu8JV8BLE8,1453
415rtLOb1FDKZAxo1IJ1hW,1087
421vyBBkhgRAOz4cYPvrZJ,704
422gtj7D6L6pvr0GE08lwf,771
422RLznpwUa5FsQgnTlgUH,4273
426VSUSxx9puUYFgp7l7EQ,1204
427e5CiqmL4TmWb5Zvax7U,743
430byzy0c5bPn5opiu0SRd,1423
432R46LaYsJZV2Gmc4jUV5,5646
435UmkDo0uchwmDeHdKWGN,843
436sYg6CZhNefQJogaXeK0,3078
438JBZR1AR0l04AzcYW9gy,1620
450iujbtN6XgiA9pv6fVZz,520
450o9jw6AtiQlQkHCdH6Ru,3059
454dNdHX9g5srLyya64MaN,507
458aS6ALc3QkzwfR5USt34,1028
459INk8vcC0ebEef82WjIK,3849
462T0buQ5ScBUQCRpodDRf,4025
470WlqN9HSRDGNaMufeHHF,2420
472pLATJRRVRxQSxnnlcrB,612
478LE6WL6BARBaLU2NHefl,1330
479Yp6DvyXoIaCssAxB4QR,801
480i0t8YiGc2aoOR6BeLAb,691
480xKab3lUPhBBnCzlzqIu,2334
481VlDdXZAIRxnHyywNbXn,1013
484sZUYmnRXN84zmk3GY1n,881
485uL27bPomh29R4JmQehQ,4592
488v7rQzthLNK22r0UvMie,1804
492hDmhPyuIjP3MgTcIqgm,1286
511NdtFxUgN1HgraPcUotf,671
513t0jZUP0K98C4h7KHtEb,6869
520qA5VGL9iI0SbmEnTVNg,1774
521qvhdobR0GzhvU6TFw76,15725
521Yl3LUvD7G9dMRO4fpCy,644
526q7RxT5KA1VGeQ5GMSHO,1487
528t5c0zyuG9beehtth4Za,1333
530iy3GzOTqWe9LEeiZuDO,818
530Sdm7eqqzWBdDmILMgnu,3428
533HtQP5btWIZcKlHJtEWK,4371
533wKOfkJylNSi6ntO1wXd,2134
535ap2f16rTOKTMPTkvbGB,1372
536BYVgOnRky0xjsPT96zl,50065
536osqBGKzeozje8BfcGsa,4661
538d30rb03lrsD9u8Yipar,979
540vIaP2JwjQb9dm3aArA4,86259
545idYhdloaSlLGBY8E9u2,3646
546WiMGysEqWZTzP8hJvB2,2320
548L4DXlt7N14Mhbfdmdqq,803
554Ew2NdutSKKljCiK3s3n,657
566AijAv3pxSbRYM0kgyYf,1137
567CChDKZrtF4rnk2r5JeP,1062
568ZhdwyaiCyOGJRtNYhWf,7536
572aBw8LAuVMk47tfozZZr,1035
586uxXMyD5ObPuzjtrzO1Q,2837
591yCCsZCLXvaJ0Rg38vLZ,5436
592TFYwu9Qb0RC1hKDbX2w,2323
597yzFFRvWnxCtDInHwciZ,582
602DnpaSXJB4b9DZrvxbDc,3352
610EjgFatGvVPtib97jQ8G,42155
610tJqABwgZWaRvtJoJQF0,2258
628gUkswCfCS1hIOOHmIpK,609
630wzNP2OL7fl4Xl0GnMWq,953
636Zdq45wjoYRFToU0t3Gb,1500
638CPU1xRHUo6AmfZe3F2c,653
647D92XNDYTUt5A0idePJ4,1422
648kpaANsUr1HABoE4mkPw,1724
656RXuyw7CE0dtjdPgjJV6,1588
660YptcR0hNHJ8iEr1qcse,2652
670UISOh9XV1zlq5z5IfoY,1304
675tsBPpaZtqyiBwEf3ZEP,3103
676oR6vRgfSzaBibbPhLhH,678
677o3tYf3N8f8Ef4XY2tZa,1034
677sHrkjhB7IP4YwjzZyc4,1934
677zBE8673c80bV0f0p2aF,1141
694pBF9e4kbYFXyk3AuInu,587
694QW15WkebjcrWgQHzRYF,11479
695W5F2Ih8dYahLdjVOIoH,2603
696fbyLHSMBSYjDrDU5yiK,1224
696x5uEm1nV6xucEZNAbzH,584
698hF4vcwHwPy8ltmXermq,20060
699OTQXzgjhIYAHMy9RyPD,38067
702AvACMk5mieXIYlC2Gxx,702
711MCceyCBcFnzjGY4Q7Un,70824
714osTgzZrkyf3SGjggpfY,671
716ZwtZBmwROBXcFmCzfdM,12244
718COspgdWOnwOFpJHRZHS,16783
720fJ5sGqAOhvU2IUypqIr,3545
721T2PETMLaAkijbYu05VD,643
726Dh6A5VyDfAAQxilT6A0,802
730ntnkLWwTRTuYtqvrKVP,728
738OS3zrCO782uDiUN9pet,4000
738wLrAtLtCtFOLvQBXOXp,126353
755pQSGUy6rtPrUCbnJTvi,1063
758yIKdhJhWL6oTuTSFVV6,625
759h9uEwoHm8KKq1pGI9RH,2697
762gpacQ6WcT75zlkrc3Ls,586
763opp15PhfHpEaiVjM6m7,1535
771qBvjnXOH9Azr6lKy6FB,1835
772SIFJQiXTCfxncTK1UMn,810
774uzes7MVqVcuU3r8IE1G,571
776Uo845nYHJpNaStv1Ds4,41635
782wocBbKLROLTSPViayHH,1005
785rMkDH7JjOFN3NcBGDJM,697
786hGmAEXHUeCdKPAj3JIa,1768
787bCXOIvGeBw0Bc4kEjhD,7861
788HzQOFhN3mcDo0InBqbJ,885
790FomKkXshlbRYZFtlgla,2051
1020a42xVklY6c56imNcaa,2601
1127FlmEDHXC26IBsg8zHP,588
1255GTUKNCLCTvH9ctD4cT,6175
1369EOxSlL69yV9Yp1nVaR,618
1385hLNbrnbCJGokfH2ac2,3068
1456WwI15Lm9CktCzkLZvm,1923
1496XxkytEk26FUJLfpVZr,501
1667U2YoucgG5Pdvm2M59c,1734
2848adRcxvgWNRcz1g1tQD,7494
2933wDUojoQmvqSdTAE5NB,1459
2970BxpdOBQmkMit6i9kVF,1050
2970T0VJFpIWMA2aZi6Lpi,831
3441uYrkzgTWwjXLd13R0U,1577
3534yWWzmxx8NbKVoNolsK,3651
3537Phr9t8GWkY2GtxDpnt,560
3730ZT92AjnEzC83q5RzDC,518
3836OTICMPjhTMMcpPw4EC,934
3886aFez2HDLkio5tUzmP6,3027
3967KnQedbgX8KdNTXhm7y,557
4046bnFxFJdLEtG7F2qXaV,3076
4463nfFMmK1cwAWBQDwT5e,1200
4489Zgs4RNq2ZtSh3UnOxZ,548
4657QEJIOQnfUJq3hyuNtc,508
4988ULVP4X7nco6pLh1PA2,941
5274obTQJjzjyycRyJlfml,1531
5338fdSzGNOFD4cxAxDTeq,6577
5504Qqp7s40bqBqzWMEByl,871
5670CyWrIOA7702gNjsGMZ,1283
5712BvYQ5m5Wcah576OFH4,925
5928hF4c1MriHfAgpFf8ya,1280
6107PIkQDuEUcdpZqSzQsu,1231
6550dJCDSrZ8Cv6IDAjHpf,617
6596yDTd94cIC3dlBptxDH,745
7290H8m1Dwt8G7jm1y9CQx,2872
7352aRY2mqSxBZwzUb6LmA,11936
7374lH6kwx9uQATYQ9H3Cp,1114
21451j1KhjAiaYKflxBjr1,12238
22099GssG7Ood0d5UIh2wo,1746
22282KfMxDo2PMjnBc82I4,6837
34482S5nfxR441wcnVfrHi,5602
37394IP6uhnjIpsawpMu4l,7958
38329DTMLBuu9dxx2a8Nke,836
63727CmmJ8oWFh8eAHvDYq,584
68524z8sd176IRenNb1Fjy,1137
601893mmW5hl1FBOykWZHG,1654
655963AgkTZeYUvCyodCIL,696
687094MtNCTh262Otm1LOD,598
762310PdDnwsDxAQxzQkfX,15382
